indice_centralidad,orden_punto,longitud,latitud
33,0,671970.666316877,2272132.759189983
33,1,671252.5432486596,2272231.8776648925
33,2,670996.9788590214,2272341.405260452
33,3,670943.4320345258,2272278.1226496845
33,4,670558.8684767846,2272579.9320241143
33,5,670561.3024233525,2272669.9880471295
33,6,669663.1761397668,2272998.5708338073
33,7,669996.2608628066,2273550.006760253
33,8,670222.0792850561,2273923.858763267
33,9,670333.793615339,2274136.1169271576
33,10,670474.7427923337,2273959.4197704904
33,11,670729.0641334327,2273754.1242300854
33,12,671139.6552142429,2273427.7962442175
33,13,671351.5896651589,2273262.8448523004
33,14,671600.8041520187,2273072.869874612
33,15,671682.513819842,2272985.5426671263
33,16,671716.219057819,2272916.6001349003
33,17,671765.2902017592,2272772.837466555
33,18,671758.4489109144,2272741.8256096807
33,19,671771.4559866851,2272753.6050702874
33,20,671772.2222819858,2272751.214832052
33,21,671925.8315019722,2272272.074961839
33,22,671970.666316877,2272132.759189983
19,0,681253.1164752343,2273639.999578623
19,1,681253.7933757242,2273646.4815381714
19,2,681239.6054928014,2273646.7587582003
19,3,681190.1880906273,2273645.3468197123
19,4,681187.6247293804,2273694.951322726
19,5,681196.289356709,2273790.983969199
19,6,681135.8255180747,2273795.719230667
19,7,681122.6843884038,2273696.222106019
19,8,681070.745637801,2273703.7313229744
19,9,681035.2447897061,2273706.67859375
19,10,680985.6411755547,2273717.4982460416
19,11,680936.4504052888,2273727.1753645996
19,12,680929.424614606,2273728.231441983
19,13,680927.5335813679,2273728.515691475
19,14,680873.8419012236,2273738.663371312
19,15,680818.4965600355,2273748.9979754235
19,16,680908.752262647,2274075.971765736
19,17,680862.4973981852,2274082.7079110453
19,18,680817.202465996,2274090.7288886216
19,19,680703.9651355252,2274118.0945768193
19,20,680482.606402241,2274249.557568375
19,21,680467.9243413387,2274253.805762722
19,22,680426.5590128413,2274280.864498533
19,23,680386.9647024185,2274297.7174614314
19,24,680357.9480142622,2274311.213853797
19,25,680343.9284436426,2274317.734709135
19,26,680285.941811424,2274348.424013094
19,27,680032.9377774979,2273997.03583677
19,28,679950.6514225974,2274105.6383023364
19,29,679907.919761491,2274160.9195627114
19,30,679765.0808146801,2274345.3428724613
19,31,679713.023880627,2274410.313784456
19,32,679619.9420040854,2274530.134412327
19,33,679573.8817165231,2274565.834030121
19,34,679570.2475818569,2274567.6670195195
19,35,679566.6134461074,2274569.500017314
19,36,679529.5609355283,2274588.18860119
19,37,679464.3720445578,2274608.5601106505
19,38,679425.2530237949,2274610.6241234806
19,39,679422.7358181113,2274610.756935645
19,40,679388.638951509,2274612.0817264067
19,41,679363.1080350584,2274612.8718426265
19,42,679335.7916626927,2274613.811274039
19,43,678982.3771930258,2274629.5887963017
19,44,678899.9665339862,2274632.3132304493
19,45,678767.3244340918,2274636.6983588235
19,46,678714.6998537728,2274638.438153171
19,47,678420.5650511482,2275292.7638890897
19,48,678357.2697829807,2275446.7823749706
19,49,678312.557695203,2275552.0661342787
19,50,678285.0470954806,2275612.7183792554
19,51,678266.4436786381,2275691.0298342523
19,52,678257.8843863722,2275727.0603460977
19,53,678247.2242591874,2275831.4186460124
19,54,678250.9199297866,2275956.7248683716
19,55,678272.9037398482,2276075.4518044814
19,56,678289.5175054374,2276145.9120632247
19,57,678299.8291498168,2276189.6445408175
19,58,678333.9529466198,2276334.3661898416
19,59,678366.7233500115,2276466.749087884
19,60,678377.5225721827,2276595.1854168195
19,61,678789.1517217454,2276575.0660498454
19,62,679343.5661720561,2276547.9677070933
19,63,679896.0690794387,2276520.96279561
19,64,680822.0898102919,2276478.660784247
19,65,681141.7169379645,2276453.551727279
19,66,681157.2604893397,2276452.3306672275
19,67,681401.6234646728,2276421.689541794
19,68,681538.1114214939,2276417.9329925235
19,69,681538.111421494,2276417.9329925235
19,70,681538.1114214942,2276417.9329925235
19,71,681652.1146650927,2276414.7952885716
19,72,682009.0837763944,2276372.6637411006
19,73,682047.3851831863,2276105.3199216924
19,74,682048.0232945166,2275919.6295245653
19,75,682048.917239458,2275659.491546633
19,76,682044.7054580473,2275593.896739005
19,77,682004.8571332936,2274973.293972216
19,78,681399.8333847134,2275044.9521327564
19,79,681253.1164752343,2273639.999578623
22,0,663182.6418451428,2279094.0450133802
22,1,663360.0658442172,2278990.947284188
22,2,663777.0820228648,2278895.2120525143
22,3,663957.1940688957,2278814.0805002484
22,4,664156.7776874702,2278771.89209307
22,5,664138.9287459716,2278716.722637529
22,6,664619.9319255194,2278560.4619395426
22,7,664666.7597945374,2277460.4570720713
22,8,664610.260566874,2277450.8943807627
22,9,664624.9067440456,2277239.3170707645
22,10,664847.8713823137,2277151.722477613
22,11,664752.3173381875,2276982.407416968
22,12,664621.5591725413,2276640.424522201
22,13,664562.9358274526,2276539.515485573
22,14,664519.2995814589,2276464.4039146006
22,15,664353.3372942923,2276320.2346550412
22,16,664169.3782130997,2275734.2833823254
22,17,664022.997580285,2275137.7132561365
22,18,663964.9977069056,2275151.522749798
22,19,663854.5217576113,2274745.523636142
22,20,663502.4348633972,2274821.650532188
22,21,663241.3802390284,2274878.094775295
22,22,663198.3887151912,2274946.3641931415
22,23,663078.2116934402,2275137.2021672623
22,24,663051.93015604,2275178.9365627496
22,25,662884.4253370027,2275306.607918723
22,26,662702.6213260967,2275402.1060929913
22,27,662664.3199193047,2275403.127463839
22,28,662280.2844805367,2275733.0302476743
22,29,662095.1922651009,2275905.5211037304
22,30,661451.6698604621,2276259.044141472
22,31,663182.6418451428,2279094.0450133802
37,0,681502.1289165401,2268993.2446883945
37,1,681087.4452336294,2269081.8099288563
37,2,680937.4420081062,2269078.9252514425
37,3,680848.017008275,2269006.808316095
37,4,680747.0532987881,2268721.2252521175
37,5,680519.1637830893,2268594.2994459057
37,6,680398.0073317052,2268677.9550909093
37,7,679206.6355597605,2268478.9123493494
37,8,675942.0399743451,2269886.6082547167
37,9,675515.0457305117,2269129.0067295404
37,10,675439.2938591107,2269161.0078902515
37,11,675260.4716999996,2269209.6591
37,12,675098.0601324089,2269221.589240282
37,13,674886.6435843436,2269189.4440341434
37,14,674654.20901688,2269157.298828005
37,15,674113.9222829355,2269395.915165879
37,16,673967.7801999999,2269578.7435
37,17,673458.6546193416,2269842.238989573
37,18,673173.0568263411,2269827.402740586
37,19,672623.9156986895,2270107.1025938136
37,20,672616.1589000002,2270131.660599999
37,21,672610.7976000002,2270148.109099999
37,22,672610.7385,2270148.2905
37,23,672582.5992999999,2270234.6219999995
37,24,672554.6322999997,2270320.4254
37,25,672495.6173,2270502.9120000005
37,26,672439.377008303,2270685.6928040483
37,27,672436.3412468855,2270685.7617518157
37,28,671970.666316877,2272132.759189983
37,29,671925.8315019722,2272272.074961839
37,30,671772.2222819858,2272751.214832052
37,31,671771.4559866851,2272753.6050702874
37,32,671758.4489109144,2272741.8256096807
37,33,671765.2902017592,2272772.837466555
37,34,672569.0027328744,2273587.5975926
37,35,672648.6940489975,2273690.3182491916
37,36,672707.0976694921,2273836.168478512
37,37,672853.4783023068,2274239.4056934356
37,38,672954.2128940437,2274564.144570369
37,39,672987.989681636,2274661.252834697
37,40,672952.805527894,2274792.137886617
37,41,672979.1446946291,2274900.8804398347
37,42,673009.525580685,2275103.879996663
37,43,673006.7636819526,2275373.1651230673
37,44,673023.3350743466,2275531.9743001773
37,45,673107.5729856835,2275624.497907711
37,46,673233.2393780056,2275730.831008907
37,47,673363.0486184264,2276116.1158820703
37,48,673439.4322536121,2276472.146049662
37,49,673513.1092303839,2276462.0335234385
37,50,673817.5293737983,2276498.375330206
37,51,673865.8521807042,2276507.3393896
37,52,673864.7783742546,2276446.6693251985
37,53,673801.960696954,2276337.677970566
37,54,673888.5073817852,2276350.1152579198
37,55,673866.6018626734,2276252.7573952004
37,56,674841.3053048243,2275862.4494522824
37,57,674779.3768987635,2275689.1635454153
37,58,674674.0861731558,2275433.8695942843
37,59,674652.4510925515,2275185.0661673346
37,60,674690.6730682857,2275075.448425606
37,61,674686.3460521649,2275000.4468128444
37,62,674676.9708505697,2274888.6655630553
37,63,674638.7488748354,2274810.77927288
37,64,674630.0948425937,2274719.1907649883
37,65,674700.7694392344,2274543.2254427397
37,66,674824.8105680326,2274190.5736288894
37,67,674873.850084069,2274130.716572551
37,68,675054.8635917915,2273870.7350206217
37,69,675000.7758902806,2273818.089657818
37,70,675223.6172205054,2273559.9110292727
37,71,675267.6085510675,2273399.8114328003
37,72,675470.9783087483,2273247.6446992164
37,73,675426.9968443122,2272998.854027257
37,74,675465.2868873578,2272983.375073685
37,75,675493.7429479621,2272897.452016814
37,76,675441.0000108567,2272792.9978757813
37,77,675470.1190163809,2272734.2519773818
37,78,675515.7557904881,2272693.447332298
37,79,675576.9627581143,2272640.830816268
37,80,675625.2840483455,2272623.11300985
37,81,675696.155274018,2272578.5500421925
37,82,675788.8060114424,2272485.065180967
37,83,675899.8526040929,2272408.2668338814
37,84,675960.0000108879,2272408.997876099
37,85,676043.0000108936,2272368.997876134
37,86,676066.0000108936,2272391.9978761184
37,87,676126.9645695842,2272405.1872630194
37,88,676197.000010902,2272378.997876125
37,89,676319.6612114109,2272372.362150361
37,90,676418.0000109188,2272324.9978761743
37,91,676438.4228569022,2272325.4098719107
37,92,676492.0000109232,2272304.997876187
37,93,676539.0000109226,2272262.9978762213
37,94,676637.2795656318,2272256.362403602
37,95,676692.5175402788,2272264.6480997987
37,96,676797.7746892931,2272198.45052354
37,97,677007.2386514514,2272164.0389201706
37,98,677028.1269827979,2272101.3739261315
37,99,677062.5739811115,2272121.10849467
37,100,677111.6803081833,2272132.7064231513
37,101,677174.3453022224,2272093.5408018767
37,102,677182.3364801807,2272087.2246285016
37,103,677208.07475503,2272066.881268966
37,104,677287.5364322991,2272053.458688346
37,105,677350.8910128245,2272016.949269061
37,106,677458.8085610075,2271985.8088820227
37,107,677566.1892059657,2271932.118559544
37,108,677599.9450534048,2271934.2672753604
37,109,677643.5032703354,2271951.447075635
37,110,677709.0054637599,2271980.439849774
37,111,677739.072044348,2271988.4933981462
37,112,677765.9172055877,2271983.6612691227
37,113,677784.7088184553,2271973.460107852
37,114,677793.8361732768,2271956.8161078836
37,115,677793.299270052,2271936.950688566
37,116,677781.4873991065,2271896.1460434822
37,117,677768.0648184868,2271876.8175273896
37,118,677764.8433991381,2271852.656882274
37,119,677794.3730765015,2271802.7248823685
37,120,677838.9360441593,2271750.645269563
37,121,677951.148818141,2271718.9679793012
37,122,678138.5280435928,2271687.2906890376
37,123,678438.1200430263,2271586.3528827773
37,124,678968.58042912,2271338.303592924
37,125,679208.0392673769,2271329.7131413273
37,126,679255.2867511585,2271394.141528302
37,127,679339.0436542259,2271420.9866895415
37,128,679524.8121700037,2271352.2630767683
37,129,680009.0988787654,2271312.5322381337
37,130,680015.8528987014,2271310.6450855047
37,131,680374.1930716233,2271210.5206254236
37,132,680911.3411456593,2270978.7856292953
37,133,681196.0725815559,2270863.644730847
37,134,681418.7314263736,2270779.8923213286
37,135,681445.1163485559,2270775.837647365
37,136,681445.5601633688,2270761.9610375483
37,137,681497.9960333017,2269122.4661709815
37,138,681501.2510006386,2269020.694192248
37,139,681502.1289165401,2268993.2446883945
11,0,666162.6913920362,2265264.0187172657
11,1,667205.9443351254,2265242.434173615
11,2,667222.0550973027,2264875.318529917
11,3,667208.4988544006,2264838.7166740815
11,4,667197.5398039016,2264235.189860483
11,5,667125.127960553,2264083.2950383644
11,6,667491.1465189082,2264029.070066756
11,7,667396.2528185939,2263719.3099164446
11,8,667053.2798731722,2263781.668633794
11,9,667014.7202903816,2263508.660365196
11,10,667003.7995865797,2263272.6317128222
11,11,666886.538085477,2263251.6195363244
11,12,666858.7477875279,2263181.1270732335
11,13,666706.5789609526,2263212.645337981
11,14,666692.683811978,2263055.3929203176
11,15,666710.9847398957,2263035.73636811
11,16,666716.0683309839,2262924.5751763126
11,17,666590.6730841399,2262956.432347133
11,18,666537.0099449197,2262758.0253068306
11,19,666250.7127969632,2262834.2969501624
11,20,666139.8645848184,2262492.8366186237
11,21,666139.8645848182,2262492.8366186237
11,22,666139.8645848181,2262492.836618623
11,23,666139.7477850573,2262492.505504397
11,24,666138.0191282731,2262487.604956235
11,25,666127.2392755107,2262490.3062315434
11,26,665999.0242986919,2262522.435051733
11,27,665971.7464780584,2262529.2706317245
11,28,665970.2092649462,2262529.655846834
11,29,665970.209264946,2262529.655846834
11,30,665936.2096111763,2262538.175927918
11,31,665932.8725785909,2262539.0121961543
11,32,665846.9237857299,2262557.254636782
11,33,665776.8231867047,2262575.861393231
11,34,665774.0566999996,2262576.5956999995
11,35,665764.5626829566,2262537.5473654876
11,36,665700.5881602775,2262274.4239109494
11,37,665674.0678167449,2262165.347295547
11,38,665372.9396559405,2262376.0166956154
11,39,665270.7139000852,2262393.865637114
11,40,665223.6575997709,2262445.789830564
11,41,665186.3370857285,2262551.26084851
11,42,665155.5070958674,2262849.8249608492
11,43,665077.6208056918,2263216.539577092
11,44,665050.0360779213,2263364.1990022166
11,45,664907.244545933,2263516.7263204767
11,46,664806.6414211231,2263752.0078220484
11,47,664816.3772073949,2263863.9693641756
11,48,664770.943538126,2263949.9688095776
11,49,664775.2861564681,2263960.217388865
11,50,666002.5205015253,2264477.323899307
11,51,666060.9352191569,2264555.210189482
11,52,666116.1046746979,2264652.5680522015
11,53,666162.6913920362,2265264.0187172657
57,0,666594.825906149,2278767.8355154106
57,1,666918.2940085945,2278531.2276049023
57,2,667626.6308597372,2278434.7145546246
57,3,668485.281604588,2277372.2280834005
57,4,668481.6118389133,2277365.7419859287
57,5,668370.8896456944,2277256.107606423
57,6,668316.9819896705,2276982.4126800946
57,7,668277.4385454897,2276821.8178761764
57,8,668208.6137753777,2276653.810457376
57,9,668167.6853126609,2276593.4343108046
57,10,668073.261721913,2276436.870530745
57,11,667982.6335304908,2276172.150240386
57,12,667913.4981907894,2275988.0281439787
57,13,667772.0035836287,2275844.742465841
57,14,667721.8535962803,2275650.232157769
57,15,667728.7284236433,2275688.3512275745
57,16,667673.6244712847,2275482.367405663
57,17,667668.471746796,2275463.1060307887
57,18,667665.602381232,2275295.2481452865
57,19,667592.4335593461,2274837.5843378045
57,20,667597.9369128307,2274605.3674793844
57,21,667283.707100301,2273972.8041067733
57,22,667165.380054036,2273734.6046983404
57,23,667138.7525502873,2273693.1391794905
57,24,666328.7553267574,2274268.2372081964
57,25,666289.1264687327,2274171.3666663584
57,26,665936.1892388158,2274414.564316611
57,27,665433.2649514208,2274703.1393587133
57,28,665043.0190441762,2274823.0412205434
57,29,664022.997580285,2275137.7132561365
57,30,664169.3782130997,2275734.2833823254
57,31,664353.3372942923,2276320.2346550412
57,32,664519.2995814589,2276464.4039146006
57,33,664562.9358274526,2276539.515485573
57,34,664621.5591725413,2276640.424522201
57,35,664752.3173381875,2276982.407416968
57,36,664847.8713823137,2277151.722477613
57,37,664624.9067440456,2277239.3170707645
57,38,665218.3431647198,2277681.1576277176
57,39,665286.8542533001,2277789.3330307393
57,40,665571.7161479237,2278016.5013770848
57,41,665701.5266315497,2278059.7715382935
57,42,666087.3522356602,2278362.662666754
57,43,666594.825906149,2278767.8355154106
4,0,685996.8850838433,2255751.0114823547
4,1,686551.5637342067,2255958.2540550185
4,2,686551.7597342072,2255957.5610550186
4,3,686790.0450770141,2255138.807779654
4,4,686808.3311863667,2254715.941500874
4,5,686715.3767971575,2254405.0776418787
4,6,686448.7043690981,2254420.316066339
4,7,686596.5170863653,2254254.2172397193
4,8,687564.1570396092,2253867.1612584214
4,9,688498.27245904,2253495.3437015847
4,10,688731.4203532861,2253452.676113095
4,11,689199.2399842247,2254363.9338958357
4,12,689618.2966568896,2254129.262159143
4,13,689103.2379101235,2253580.678878564
4,14,689398.8633446579,2253614.203412377
4,15,689467.1505342785,2253657.632922093
4,16,689496.2940210593,2253730.2059185863
4,17,689603.1534725887,2253643.346899161
4,18,689708.2986013665,2253423.9135869294
4,19,689731.8103999998,2253176.4353
4,20,689662.9288999997,2253028.4453
4,21,689293.2880863493,2253177.655402334
4,22,689057.522636742,2252638.9442469026
4,23,688813.7078453733,2252495.7030569734
4,24,688670.4666554444,2251837.403120279
4,25,688941.7106108419,2251575.302219557
4,26,689472.0077820686,2250898.7161735096
4,27,689094.0948554473,2250417.1819605567
4,28,689049.1415032889,2250226.7016548007
4,29,688836.5654820644,2250318.132201564
4,30,688636.9421216313,2250356.9901839383
4,31,688584.3695572425,2250188.605593649
4,32,688341.316687097,2250161.1764296205
4,33,688380.9365906942,2250382.1335842973
4,34,687672.2915742053,2250477.2866237727
4,35,687641.91024802,2250576.1839967105
4,36,687181.312348846,2251103.755674954
4,37,686931.9031205088,2250787.298042783
4,38,686432.5638230502,2250916.127581528
4,39,686668.1376813301,2251505.2054670393
4,40,686454.7997388826,2251590.5406440184
4,41,686394.0799276992,2251947.4452693765
4,42,685949.2033831103,2252248.364827147
4,43,685995.5949931976,2252591.982039022
4,44,686210.9849475138,2254001.2593936753
4,45,685940.5029133393,2254705.6555643626
4,46,685996.8850838433,2255751.0114823547
48,0,692963.751125845,2290271.6910405317
48,1,692778.8164550628,2290255.179016355
48,2,692745.9082973483,2290317.7494736477
48,3,692676.6006690445,2290347.947751584
48,4,692609.2930068461,2290380.6704001003
48,5,692556.4545294797,2290400.4848291124
48,6,692528.9344891848,2290411.4928452307
48,7,692514.9011411695,2290412.1686187894
48,8,692477.1968134302,2290434.609679078
48,9,692450.777574747,2290445.617695196
48,10,692415.3521295522,2290472.5051099355
48,11,692269.1453088002,2290522.673808022
48,12,692213.5218695025,2290539.7153816205
48,13,692161.2667508438,2290730.725312652
48,14,692119.4362895956,2290729.6245110403
48,15,692012.658533251,2290715.314090087
48,16,691824.4214576334,2290708.709280416
48,17,691825.5222592452,2290752.741344888
48,18,691788.536164579,2290766.5102915885
48,19,691854.2456999999,2290863.2897999994
48,20,691878.3607366116,2290898.047157645
48,21,691895.9735624004,2290923.3655947167
48,22,691914.687189801,2290939.8776188935
48,23,691928.9976107543,2290959.692047906
48,24,691957.6184526612,2291003.724112378
48,25,691986.239294568,2291032.344954285
48,26,691996.1465090741,2291045.5545736263
48,27,692022.5657477573,2291086.2842332628
48,28,692074.0279999999,2291149.968699999
48,29,691969.2274000002,2291153.401799999
48,30,691965.3240639439,2291176.5499654305
48,31,691943.3080317079,2291198.5659976667
48,32,691928.9976107546,2291250.303673421
48,33,691920.1911978602,2291278.924515328
48,34,691926.796007531,2291365.88784266
48,35,691931.1992139781,2291404.415899073
48,36,691980.7352865092,2291412.1215103553
48,37,692043.4809783816,2291416.524716803
48,38,692075.4042251238,2291436.339145815
48,39,692088.6138444653,2291457.2543764394
48,40,692098.2723708514,2291474.4161352757
48,41,692002.3145000003,2291540.8036
48,42,692006.8556679694,2291553.459331142
48,43,692015.9609380866,2291603.6609908086
48,44,692039.0777719344,2291667.507484293
48,45,692059.9930025586,2291711.539548765
48,46,692094.1178525244,2291774.2852406376
48,47,692222.9116411048,2291755.5716132373
48,48,692233.9196572229,2291895.3734179353
48,49,692242.7260701173,2292161.767407991
48,50,692302.1693571544,2292169.4730192735
48,51,692374.8222635331,2292166.170614438
48,52,692471.6928053715,2292148.557788649
48,53,692504.7168537255,2292137.5497725313
48,54,692578.470561716,2292090.215303224
48,55,692639.0146503649,2292074.8040806586
48,56,692670.2869970973,2292160.289675849
48,57,692740.2883986504,2292091.316104835
48,58,692760.5759832032,2292069.6022841837
48,59,692776.6148518397,2292045.0824371395
48,60,692801.9332889111,2291951.514300137
48,61,692806.3364953584,2291843.6357421805
48,62,692837.1589404887,2291842.5349405687
48,63,692859.1749727248,2291839.232535733
48,64,692898.8038307495,2291835.9301308976
48,65,692918.6182597618,2291816.1157018854
48,66,692996.7751741996,2291772.0836374136
48,67,693001.1783806466,2291645.4914520564
48,68,693037.6703375805,2291628.4409881057
48,69,693079.7933675621,2291617.7550953347
48,70,693136.0509718999,2291618.849026787
48,71,693172.3055682663,2291611.5883022426
48,72,693223.5403062301,2291614.669006926
48,73,693264.8203666724,2291599.2577843624
48,74,693285.1851964907,2291610.265800479
48,75,693327.0156577391,2291610.265800479
48,76,693334.4167634251,2291514.5494693085
48,77,693380.3361999998,2291444.5769999996
48,78,693379.4839000003,2291397.7968000006
48,79,693301.6972206676,2291252.5052766455
48,80,693293.4412085791,2291205.1708073383
48,81,693292.8908077732,2291161.138742866
48,82,693288.0078999996,2291143.1263999995
48,83,693213.7988999998,2291073.7114000004
48,84,693212.5322901119,2291020.2361365557
48,85,693212.7021705805,2290973.837507222
48,86,693220.6586368345,2290948.9433282404
48,87,693220.7883022003,2290929.970404388
48,88,693225.7419094534,2290896.3959552282
48,89,693226.8427110652,2290877.131927022
48,90,693222.4395046179,2290868.875914933
48,91,693221.889103812,2290860.069502039
48,92,693220.7883022003,2290846.3094818913
48,93,693220.7883022003,2290835.851866579
48,94,693220.2379013944,2290820.99104482
48,95,693216.935496559,2290791.269401301
48,96,693233.9979215419,2290762.6485593943
48,97,693231.2459175122,2290732.9269158756
48,98,693219.1370997824,2290680.0884385095
48,99,693219.1370997824,2290633.8547708136
48,100,693205.9274804408,2290605.233928907
48,101,693199.32267077,2290571.1090789414
48,102,693180.6090433694,2290455.524909702
48,103,693176.2058369223,2290295.9086759915
48,104,692969.255133904,2290310.2190969447
48,105,692963.751125845,2290271.6910405317
10,0,690138.5328802977,2267950.6655176533
10,1,690147.4786289113,2267957.121407429
10,2,690318.9101332554,2268025.2243338125
10,3,690368.5813999996,2268047.210999999
10,4,690409.3226389713,2268100.3723905114
10,5,690450.4192324784,2268177.868823982
10,6,690468.1095973221,2268277.5196758085
10,7,690594.0725515563,2268252.9702279917
10,8,690713.5603188223,2268237.711263678
10,9,690832.768391363,2268204.170569888
10,10,690837.6103024064,2268194.1313715363
10,11,690904.8301378292,2268168.475316895
10,12,690932.4235648982,2268150.862491106
10,13,690951.7976732659,2268147.9270201414
10,14,690973.5201584054,2268157.907621422
10,15,691020.4876938422,2268186.675236877
10,16,691056.3004396127,2268202.526780087
10,17,691088.5906202255,2268199.591309122
10,18,691106.7905402072,2268194.307461385
10,19,691124.403365996,2268200.178403315
10,20,691146.560735435,2268203.6308514704
10,21,691184.8740678709,2268196.655838157
10,22,691230.6674149217,2268181.9784833333
10,23,691250.6286174821,2268180.8042949475
10,24,691287.6155516386,2268168.475316895
10,25,691306.9896600064,2268154.972150457
10,26,691320.4928264443,2268145.57864337
10,27,691336.3443696543,2268144.4044549842
10,28,691349.2604418994,2268131.488382739
10,29,691366.8732676882,2268116.8110279148
10,30,691397.9892599151,2268083.346658916
10,31,691405.6214844235,2268065.7338331277
10,32,691429.105252142,2268050.4693841105
10,33,691446.1309837378,2268036.9662176725
10,34,691453.8971102925,2268032.8713509436
10,35,691378.3216044513,2267965.047179035
10,36,691292.4590787309,2267960.643972588
10,37,691307.8703012961,2267879.1846533148
10,38,691563.685525362,2267484.979659066
10,39,691577.1086341111,2267310.883320959
10,40,691423.7442112493,2267020.0197603772
10,41,691423.7441992747,2267020.019784228
10,42,691206.5078979894,2266943.1523956335
10,43,691023.7538166646,2266931.4921335597
10,44,690534.5989261704,2266741.907269379
10,45,690367.7476359571,2266848.7327960273
10,46,690401.6096813059,2266936.111304537
10,47,690405.9749725708,2266948.9354183106
10,48,690546.9780723129,2267363.1664860607
10,49,690547.7720169559,2267370.5838492564
10,50,690546.9780625245,2267363.1665385594
10,51,690138.5328802977,2267950.6655176533
38,0,666893.3449454058,2270007.250501764
38,1,666374.6638272984,2270049.8688625568
38,2,665911.3648709222,2270195.7222377122
38,3,666362.6077867108,2271821.7914622216
38,4,666467.9224696826,2272115.3410095857
38,5,666733.1107114073,2273061.455884084
38,6,667138.7525502873,2273693.1391794905
38,7,667165.380054036,2273734.6046983404
38,8,667283.707100301,2273972.8041067733
38,9,669996.2608628066,2273550.006760253
38,10,669663.1761397668,2272998.5708338073
38,11,670561.3024233525,2272669.9880471295
38,12,670558.8684767846,2272579.9320241143
38,13,670943.4320345258,2272278.1226496845
38,14,670996.9788590214,2272341.405260452
38,15,671252.5432486596,2272231.8776648925
38,16,671970.666316877,2272132.759189983
38,17,672436.3412468855,2270685.7617518157
38,18,672439.377008303,2270685.6928040483
38,19,672495.6173,2270502.9120000005
38,20,672554.6322999997,2270320.4254
38,21,672582.5992999999,2270234.6219999995
38,22,672610.7385,2270148.2905
38,23,672610.7976000002,2270148.109099999
38,24,672616.1589000002,2270131.660599999
38,25,672623.9156986895,2270107.1025938136
38,26,672629.0755474947,2270104.017901593
38,27,672813.4404509637,2269516.5807091673
38,28,673267.1227134218,2269503.928215792
38,29,673655.7350099495,2269335.830803805
38,30,673700.0187367632,2268844.191061221
38,31,673917.8223727242,2268830.6348183188
38,32,673970.2398452791,2268052.5064757364
38,33,673157.7690206778,2267555.4442359917
38,34,672744.7554869261,2267586.171719903
38,35,672774.5823778936,2267391.876671056
38,36,672777.1712501097,2267360.0931357797
38,37,672782.3607561477,2267322.369418803
38,38,672787.7498585734,2267285.6436837576
38,39,672792.7397682237,2267249.5167378695
38,40,672799.3264489674,2267211.3938281205
38,41,672817.31928477,2267154.0869253855
38,42,672839.6146654133,2267013.1604370275
38,43,672863.7312801309,2266850.4182481915
38,44,672874.7964992281,2266825.9811077807
38,45,672709.028396418,2266822.7028072216
38,46,672741.3547424804,2266621.0049401424
38,47,672390.7619132533,2266605.064005799
38,48,671994.4970013262,2266681.1155066025
38,49,671975.9579600615,2266810.3600394144
38,50,671880.8393337722,2266811.7181233526
38,51,671873.7153189646,2266811.838445007
38,52,671858.6613118992,2266812.0529472204
38,53,671856.9669911418,2266812.0791036305
38,54,671743.4068274531,2266801.910485546
38,55,671639.681511848,2266804.835617237
38,56,671652.9937414234,2266697.684289151
38,57,671663.667508524,2266661.2679072777
38,58,671668.062589095,2266592.2023554496
38,59,671680.6199621547,2266503.6728753787
38,60,671688.7178074577,2266373.6691619977
38,61,671243.1001627189,2266363.4488584367
38,62,671012.5677153792,2266342.310631561
38,63,670989.3122270178,2266473.3928611674
38,64,670976.6207415337,2266568.848808565
38,65,670976.6207379159,2266568.8488083826
38,66,670928.2269298304,2266932.834453957
38,67,670930.3169218381,2266951.343224956
38,68,670932.7822574321,2267012.6838661344
38,69,670796.5808987524,2267006.5956664192
38,70,670650.91537126,2266999.6891112365
38,71,670456.903957488,2266998.43337393
38,72,670463.4278273808,2267105.0463539087
38,73,670399.7679100664,2267182.3988892543
38,74,670422.9990502269,2267292.90377218
38,75,670199.4778097643,2267304.8332765866
38,76,670213.1802107283,2267439.140999534
38,77,670213.1801841026,2267439.1413140604
38,78,670066.5448379786,2267454.78241765
38,79,669749.0511959875,2267491.117020743
38,80,669733.7011833207,2267487.1150413556
38,81,669664.3673724933,2267746.16934419
38,82,669669.2720150598,2267751.7428016523
38,83,669661.3943741568,2267750.829309758
38,84,669650.720607056,2267749.782862003
38,85,669643.1861832202,2267755.0151007776
38,86,669637.1167862414,2267758.7823126954
38,87,669626.2337295897,2267767.5724738375
38,88,669614.513514734,2267785.1527961213
38,89,669606.5605117963,2267802.733118405
38,90,669601.5375625723,2267812.7790168514
38,91,669600.2818252663,2267823.6620735032
38,92,669598.1889297564,2267840.823816685
38,93,669599.8632461644,2267857.566980765
38,94,669588.1430313087,2267902.77352378
38,95,669558.8424941694,2267929.562586307
38,96,669542.9364882938,2267938.771326551
38,97,669535.402064458,2267949.6543832025
38,98,669505.2643691148,2267956.3516488345
38,99,669476.2888388763,2267975.292375542
38,100,669234.140450037,2268060.1883467166
38,101,669252.1295476737,2268362.3325754195
38,102,669169.1950720238,2268394.7851963257
38,103,669176.4067655585,2268477.719671976
38,104,668996.1144271892,2268602.1213854505
38,105,668916.7857983067,2268749.9611029136
38,106,668929.4062619925,2268903.2095905277
38,107,668231.6749125031,2268897.8008203763
38,108,668264.1275334094,2269171.845174698
38,109,668182.9959811432,2269170.042251314
38,110,668018.929953227,2269316.0790453935
38,111,668080.2293482727,2269873.1823709547
38,112,667765.0454921548,2269864.777468125
38,113,667784.1693892875,2270007.250501764
38,114,667904.2440866414,2270182.4946546587
38,115,667753.3393994264,2270237.6641101995
38,116,667464.511073359,2270297.7014588765
38,117,667316.8516482348,2270184.117285704
38,118,667284.3990273284,2270090.0046850755
38,119,667102.6643502524,2270064.0425883504
38,120,666920.9296731763,2270096.4952092567
38,121,666893.3449454058,2270007.250501764
45,0,690044.7634402121,2273639.0153543875
45,1,689571.2147959447,2273906.3931603343
45,2,689293.0989255013,2273965.452515062
45,3,689300.6155706488,2273835.5219346615
45,4,688896.8643456041,2273741.026967098
45,5,688609.0842171148,2273738.879354199
45,6,687341.9926066023,2273882.7694184436
45,7,686961.0299406254,2274509.991696851
45,8,686781.938,2274866.135
45,9,686930.599,2274898.727
45,10,687064.8146225184,2274932.3496019095
45,11,687029.8071191267,2274828.746314835
45,12,687041.6339783994,2274811.2425631383
45,13,687214.0200320401,2274784.9180199024
45,14,687255.3281854717,2274938.157572078
45,15,687511.6984994406,2274898.3996089487
45,16,687511.6984994385,2274969.5934283547
45,17,687511.698508241,2275062.91526818
45,18,687495.035972907,2275066.34787619
45,19,687478.635705354,2275099.03879755
45,20,687470.8321250842,2275114.66192604
45,21,687437.875332913,2275417.163189055
45,22,687371.4972812893,2275694.501543501
45,23,687540.6467997757,2275715.757027889
45,24,687802.6555734749,2275889.713672722
45,25,688018.4906698419,2276027.160898269
45,26,688055.0000891278,2275925.149285558
45,27,688588.6818945726,2276113.065414236
45,28,688671.3649911907,2275914.4112210623
45,29,689560.4767314487,2276206.48657535
45,30,689753.7618923744,2276253.7340591317
45,31,689977.1136338884,2276221.5198656446
45,32,690912.3990514784,2276001.3895434784
45,33,691092.798535009,2276018.570446672
45,34,691719.9015015682,2276203.265156001
45,35,692304.0522101434,2276405.140768523
45,36,692478.0088549765,2276411.58360722
45,37,693876.1048523387,2276158.165285118
45,38,693890.6608952861,2276067.7269197153
45,39,693852.4811104119,2275957.0055435803
45,40,693707.3979278902,2275915.007780219
45,41,693497.4091110822,2275922.6437371937
45,42,693394.323691922,2275899.735866269
45,43,693226.3326384757,2275789.014490134
45,44,693069.7955204917,2275586.6616303013
45,45,693004.8898862056,2275250.6795234084
45,46,692924.7123379698,2274880.335610129
45,47,693050.7056280546,2274529.0815892867
45,48,693039.2516925923,2274403.0882992023
45,49,692917.076380995,2274269.4590521427
45,50,692645.9999083885,2274177.8275684444
45,51,692359.6515218322,2273986.9286440737
45,52,691960.4341462753,2273823.7100637164
45,53,691616.8160824075,2273759.281676741
45,54,691552.3876954323,2273596.0630964036
45,55,691683.8693295595,2273391.324000037
45,56,691599.8738028363,2273253.87677449
45,57,691534.9681685503,2273250.0587960025
45,58,691450.9726418271,2273234.7868820527
45,59,691332.6153087172,2273261.5127314646
45,60,691286.7995668682,2273219.5149681033
45,61,690966.0893739252,2273456.2296343236
45,62,690439.2083426618,2273425.6858064244
45,63,690044.7634402121,2273639.0153543875
52,0,685145.1379641411,2266291.2370084696
52,1,684817.2350199405,2265196.033176798
52,2,684653.0619449816,2265077.675843688
52,3,684465.9809990982,2265318.2084883954
52,4,684229.2663328784,2265772.5479283975
52,5,683206.0480982509,2265894.7232399946
52,6,683354.9492592601,2266142.891841677
52,7,682950.243539594,2266463.60203462
52,8,682660.0771745504,2266394.8784218463
52,9,682103.5613404176,2267060.21977516
52,10,682098.3516224901,2267070.5267710597
52,11,682060.5434787894,2267145.3270553597
52,12,681943.7119548231,2267376.4685596093
52,13,681937.6071302397,2267388.5464499723
52,14,681810.2311407019,2267640.5493069715
52,15,681848.6981913978,2267693.8113771663
52,16,681865.0986600731,2267716.519718409
52,17,681667.2149067231,2268334.2722048284
52,18,681535.8935438455,2268744.230562017
52,19,681502.1289165401,2268993.2446883945
52,20,681501.2510006386,2269020.694192248
52,21,681497.9960333017,2269122.4661709815
52,22,681445.5601633688,2270761.9610375483
52,23,681445.1163485559,2270775.837647365
52,24,681418.7314263736,2270779.8923213286
52,25,681196.0725815559,2270863.644730847
52,26,680911.3411456593,2270978.7856292953
52,27,681086.1663841028,2272096.5207603266
52,28,681185.2316510925,2272989.9384683976
52,29,682826.1499142195,2272416.3239133144
52,30,682999.8679530695,2272704.3301356183
52,31,683516.4505422817,2272484.8968233867
52,32,684417.0414278994,2271908.8843787783
52,33,684308.7002401875,2271726.703097228
52,34,684106.4688123256,2271460.1253059558
52,35,683861.3398088567,2271251.765653007
52,36,683700.2805120721,2271132.50800577
52,37,683700.8287916466,2271131.039162742
52,38,683741.5982636845,2271021.817594871
52,39,684105.7966082913,2270747.5259545813
52,40,684242.6444007347,2270934.549263576
52,41,684496.9314731072,2270589.3547881804
52,42,684447.8493195229,2270345.527360764
52,43,685266.2026309611,2270400.8517981037
52,44,685153.438289953,2269855.3162024166
52,45,684828.8598489437,2269948.2705916264
52,46,684808.2230925112,2269668.185243321
52,47,685180.1753455577,2269364.27868324
52,48,685300.6669147392,2269320.6552043282
52,49,685546.8783806976,2269340.6693835836
52,50,686126.1712282253,2269060.9699834473
52,51,686220.3485472256,2268512.3157538166
52,52,686219.3369464388,2268307.5995515883
52,53,686664.7835880026,2268475.597834127
52,54,686721.6820221099,2267971.1734970002
52,55,686691.0183718965,2267814.521829657
52,56,686664.9365233126,2267455.5532294097
52,57,686598.2999591649,2267480.445214516
52,58,686461.7980710729,2267633.9106366658
52,59,686415.0998684563,2267600.376125494
52,60,686382.8407399446,2267634.0079828785
52,61,686340.0772740609,2267622.006402239
52,62,686232.0000115186,2267580.997880115
52,63,686216.0541818948,2267655.285280408
52,64,686075.3494724289,2267662.1489247717
52,65,685975.000011502,2267600.9978801
52,66,685842.6719284831,2267614.789778659
52,67,685701.3768022003,2267533.8359247465
52,68,685558.9745861501,2267408.6718716915
52,69,685468.926264904,2267384.4085659212
52,70,685425.8496524493,2267462.6446490767
52,71,685360.8440941174,2267202.513540517
52,72,685298.9652435503,2266890.299763006
52,73,685252.9623999996,2266576.9996000007
52,74,685261.9582000002,2266549.4828999992
52,75,685145.1379641411,2266291.2370084696
43,0,666594.825906149,2278767.8355154106
43,1,666087.3522356602,2278362.662666754
43,2,665701.5266315497,2278059.7715382935
43,3,665571.7161479237,2278016.5013770848
43,4,665286.8542533001,2277789.3330307393
43,5,665218.3431647198,2277681.1576277176
43,6,664624.9067440456,2277239.3170707645
43,7,664610.260566874,2277450.8943807627
43,8,664666.7597945374,2277460.4570720713
43,9,664619.9319255194,2278560.4619395426
43,10,664138.9287459716,2278716.722637529
43,11,664156.7776874702,2278771.89209307
43,12,663957.1940688957,2278814.0805002484
43,13,663777.0820228648,2278895.2120525143
43,14,663360.0658442172,2278990.947284188
43,15,663182.6418451428,2279094.0450133802
43,16,664270.9966793074,2280876.561964035
43,17,664391.7110610548,2280798.915182781
43,18,664945.471756892,2280450.915942504
43,19,665312.8042882951,2280595.915625953
43,20,665542.0418830806,2280677.3916385574
43,21,665606.946503291,2280837.5817650342
43,22,665642.7547933725,2280861.6244958616
43,23,665710.8137000202,2280861.6244958616
43,24,665737.9409529058,2280862.908626176
43,25,665804.2341803715,2280864.674305358
43,26,665830.2378192323,2281005.4470910416
43,27,665916.279161315,2280946.676764962
43,28,665939.0975275979,2280930.751594556
43,29,665988.3638250724,2280979.721107106
43,30,666129.6334491561,2280994.263568409
43,31,666217.1850018972,2280975.566118163
43,32,666253.8379400787,2280975.1209407765
43,33,666273.8709224854,2280992.4828588623
43,34,666286.9325121468,2281021.539016017
43,35,666392.7066926459,2281415.5090747788
43,36,666483.8493508137,2281824.270087167
43,37,666558.9817724888,2281873.037634513
43,38,666679.3689894364,2281883.6317096045
43,39,666844.2771353859,2281857.4128719554
43,40,667055.5623884111,2281857.4128719554
43,41,667346.9427046746,2281872.6033149837
43,42,667384.2050301862,2281856.633746907
43,43,667511.2756792497,2281802.1748973085
43,44,667743.2751727675,2281740.0321758306
43,45,668031.9508713335,2281636.3667067145
43,46,668207.6995121369,2281593.6848939485
43,47,668209.835505954,2281596.64076418
43,48,668216.3124591339,2281589.0843188036
43,49,669698.1988416144,2281342.531298495
43,50,669458.0255567058,2280708.306282055
43,51,669378.4006623008,2280487.723804312
43,52,669371.9445897815,2280398.9528071713
43,53,669305.5008434369,2280145.5519607863
43,54,669236.6360698972,2279872.7828968447
43,55,668871.5989695337,2278474.5724411225
43,56,668833.4677912167,2278343.836972607
43,57,668651.0837425458,2277710.3348566475
43,58,668551.0146184961,2277488.4073637966
43,59,668485.281604588,2277372.2280834005
43,60,667626.6308597372,2278434.7145546246
43,61,666918.2940085945,2278531.2276049023
43,62,666594.825906149,2278767.8355154106
7,0,675496.9080148468,2286324.282364799
7,1,675745.800381214,2286247.2141701374
7,2,676662.767110628,2285963.2803097605
7,3,677026.9972019263,2285928.5789199686
7,4,677281.7430634181,2285894.1465331996
7,5,677113.7070969674,2284544.0498638568
7,6,677025.326337532,2284448.764357591
7,7,677091.6119071085,2284359.0026487894
7,8,677030.8501349965,2283842.527585838
7,9,678384.1805138504,2283682.337459361
7,10,678605.1324124389,2283765.194421332
7,11,679245.8929183453,2283704.4326492203
7,12,679588.3683611572,2283450.3379658437
7,13,679776.1774749574,2283008.4341686666
7,14,679886.6534242517,2282842.7202447252
7,15,680068.9387405871,2282566.53037149
7,16,680179.4146898813,2282478.1496120547
7,17,680517.0568099067,2282353.864169088
7,18,680240.8669366719,2281876.746163074
7,19,680233.9621898411,2281730.365530259
7,20,680075.1530127306,2281751.0797707518
7,21,680065.4863671674,2281606.080087303
7,22,680142.8195316733,2281329.8902140674
7,23,680133.1528861101,2281162.795340759
7,24,680087.5815570264,2281041.2717965357
7,25,679626.4403848524,2281239.4255887847
7,26,679038.0600387313,2281513.556479767
7,27,678217.7761152225,2281886.4128086353
7,28,677853.2054825516,2281974.7935680705
7,29,677568.729913119,2281999.650656662
7,30,676673.8747238358,2281640.6038214555
7,31,676144.7984979135,2281408.1727812723
7,32,675389.764431955,2281423.708461642
7,33,674935.1255124593,2281473.268653887
7,34,674660.7336706724,2281503.180110751
7,35,674620.94416685,2281663.9960220335
7,36,673496.8906838667,2282978.707544165
7,37,672591.6794719066,2283903.813508036
7,38,672120.1295473723,2284645.845216254
7,39,672453.4673000007,2284840.1546
7,40,672480.0669,2284795.891899999
7,41,672508.428100002,2284748.697900001
7,42,672584.4441000009,2284622.204500001
7,43,672650.5914000012,2284512.1330000013
7,44,672659.3981000017,2284497.4783999994
7,45,672744.4483000003,2284355.9517
7,46,672774.8013000013,2284305.4432000034
7,47,672826.2565771436,2284223.875001796
7,48,672844.6820999999,2284194.6663999986
7,49,672865.2147327617,2284162.1175999474
7,50,672881.4891000008,2284136.3191
7,51,672887.4299000008,2284126.9015000015
7,52,672887.4299000014,2284126.9015000006
7,53,672892.3304000003,2284129.998400001
7,54,672892.3304000011,2284129.9984000013
7,55,672897.5859000012,2284121.093100004
7,56,672901.4732000005,2284114.506200001
7,57,672906.9360818067,2284117.9355325447
7,58,673092.4103107518,2284234.3672680175
7,59,673096.9108560628,2284239.693952563
7,60,673166.0703999996,2284282.66
7,61,673181.4606000008,2284292.221300002
7,62,673202.4380000001,2284305.253700001
7,63,673203.9080999997,2284311.1383999996
7,64,673214.6637000004,2284354.1903000027
7,65,673218.5727000004,2284369.8368999995
7,66,673220.027400001,2284375.6596000027
7,67,673254.1224000007,2284512.1330000013
7,68,673254.1391000006,2284512.1996999993
7,69,673254.2161999993,2284512.133
7,70,673308.1927324912,2284489.7596286554
7,71,673333.0445999997,2284479.0330000017
7,72,673337.8672000002,2284476.9514000006
7,73,673377.4333000015,2284459.8737000003
7,74,673457.348100001,2284427.297000002
7,75,673461.5742000006,2284425.5999000017
7,76,673461.5742000019,2284425.599900001
7,77,673550.2060000021,2284390.0053000003
7,78,673553.0760000022,2284388.8669000007
7,79,673553.7507999986,2284388.599199999
7,80,673558.1217999998,2284386.8653999977
7,81,673583.2258000001,2284376.9076000005
7,82,673587.5538000008,2284375.190800002
7,83,673601.7861000001,2284371.2214
7,84,673606.7500999998,2284369.8368999995
7,85,673636.2477000002,2284361.6099000014
7,86,673657.564100001,2284359.5095000025
7,87,673675.1307000006,2284357.7786000017
7,88,673715.0362,2284359.0557000004
7,89,673745.7977000009,2284362.9230999984
7,90,673788.0058000023,2284374.928000003
7,91,674019.0942999991,2284482.7649000008
7,92,674023.3888999997,2284484.7690000013
7,93,674120.3547999989,2284530.017900003
7,94,674229.4959000004,2284580.948400004
7,95,674360.433600001,2284642.050200004
7,96,674383.784500001,2284652.946899999
7,97,674398.9228000008,2284660.0111000016
7,98,675075.3802799394,2284972.0041750222
7,99,675098.5145398004,2285046.7870150376
7,100,675496.9080148468,2286324.282364799
1,0,672614.4075999935,2293988.407858153
1,1,672608.6030944298,2294000.9681357956
1,2,672581.8724229874,2294056.550595755
1,3,672520.9597162065,2294141.142156204
1,4,672467.9914559913,2294198.1746233553
1,5,672418.3175192355,2294248.2332465975
1,6,672393.4868484258,2294272.2923562853
1,7,672335.7352289888,2294331.506388095
1,8,672260.5633674039,2294412.4913117723
1,9,672237.4239950061,2294439.5299868695
1,10,672224.6992560134,2294464.2456780192
1,11,672191.5034258768,2294528.7230622363
1,12,672170.0241587556,2294610.1807879936
1,13,672160.2262302921,2294686.033085271
1,14,672163.8747343577,2294706.1477579977
1,15,672173.3984985482,2294758.6534837754
1,16,672189.8823295973,2294803.8480535583
1,17,672194.0119718942,2294812.6439066264
1,18,672263.9232995972,2294918.2186878724
1,19,672353.90308631,2294993.266478034
1,20,672399.0628617255,2295026.943102749
1,21,672454.3584711887,2295068.2150716376
1,22,672485.5138951533,2295112.0718666585
1,23,672494.3005873561,2295124.1975611863
1,24,672520.9662129207,2295180.7611821312
1,25,672524.2262349378,2295194.4600540013
1,26,672532.448486041,2295229.0106072635
1,27,672532.3032063189,2295258.0334412702
1,28,672530.8574510333,2295315.7009150824
1,29,672442.7431204086,2295557.1989414017
1,30,672449.2336445899,2295656.179435166
1,31,672510.8936243121,2295899.5740919644
1,32,672506.0257311761,2295988.818799457
1,33,672486.5541586323,2296165.6855833973
1,34,672525.49730372,2296298.7413291135
1,35,672583.9120213516,2296358.7786777904
1,36,672685.7550156805,2296429.7927325857
1,37,672772.759330011,2296485.4149647467
1,38,672799.8937095975,2296512.047005333
1,39,672816.6181667303,2296531.914697075
1,40,672848.130262013,2296583.563826475
1,41,672863.9330926974,2296632.1593838735
1,42,672873.032490755,2296673.027482929
1,43,672871.9187900893,2296721.8714390886
1,44,672870.845526309,2296730.6934680375
1,45,672863.7350411383,2296780.947868644
1,46,672855.1422721511,2296822.385077299
1,47,672841.2926243276,2296906.6940905745
1,48,672836.2023438436,2297047.0246132785
1,49,672836.4415305791,2297050.450577169
1,50,672843.1469306557,2297146.4946091203
1,51,672844.9273171811,2297167.1096490575
1,52,672847.0424306339,2297198.7125149034
1,53,672845.4433899303,2297248.9676680584
1,54,672836.872423392,2297325.0564719466
1,55,672827.9248427126,2297374.2525192234
1,56,672820.6981773279,2297395.438491229
1,57,672811.4168831867,2297422.6478924383
1,58,672791.1163542948,2297479.8246157607
1,59,672788.0733571425,2297488.395259765
1,60,672777.4199189193,2297517.5520154755
1,61,672765.7373643254,2297580.8836683137
1,62,672768.4735778236,2297608.8380393824
1,63,672770.6409693311,2297620.3779782588
1,64,672772.8083608386,2297631.917917135
1,65,672785.7206320836,2297661.124266662
1,66,672869.6504297627,2297718.614675214
1,67,672967.3453862227,2297729.060055401
1,68,673048.2423981703,2297758.2728902404
1,69,673088.5502764467,2297799.6750460365
1,70,673105.544426925,2297860.517753163
1,71,673105.5444214715,2297860.5177792185
1,72,673105.5444230867,2297860.5177858584
1,73,673210.8493902787,2297694.741776846
1,74,673433.2642473618,2297693.882031233
1,75,673494.9227309191,2297687.031104718
1,76,673556.581214474,2297680.180178209
1,77,673680.3825721651,2297483.709201796
1,78,673847.9504434108,2297381.9102902543
1,79,673999.5050027284,2297512.8763056644
1,80,674066.4177704273,2297398.495506179
1,81,674030.9597225869,2297300.1280186223
1,82,674102.447722265,2297319.0008505373
1,83,674136.3836027939,2297258.730497177
1,84,674177.7406132421,2297036.475644223
1,85,674235.7736467383,2296997.786975884
1,86,674305.6337989285,2296997.551666555
1,87,674446.0382834437,2296921.0938241337
1,88,674814.8685414317,2296885.8146733535
1,89,674939.5391432906,2296846.026218247
1,90,675078.553511597,2296668.087917426
1,91,675317.6581535803,2296631.944255911
1,92,675727.6822942684,2296475.288423869
1,93,675489.0652407253,2296148.171773101
1,94,675549.4154776696,2295910.370315289
1,95,675698.5132588056,2295693.845805189
1,96,675601.1433674232,2295487.1479129107
1,97,675568.6865857104,2295476.8986004023
1,98,675503.773096162,2295464.9406300383
1,99,675421.7770512227,2295452.983053878
1,100,675334.6563071315,2295434.192075452
1,101,675234.0835922022,2295367.028756266
1,102,675209.1861655454,2295344.7534554233
1,103,675142.6013787794,2295299.5262421425
1,104,675103.4968185987,2295261.9848606028
1,105,675030.9149891277,2295227.603969206
1,106,674912.492049826,2295092.626980567
1,107,674762.2348743794,2295134.6482066666
1,108,674731.674103601,2295121.9145422243
1,109,674629.8049138987,2294997.12448295
1,110,674577.1448794741,2295009.1600874946
1,111,674448.9870268869,2294895.255184121
1,112,674247.340324358,2294802.355858406
1,113,674234.2233705189,2294708.663330984
1,114,674183.1791031297,2294668.6591539676
1,115,674158.6288921752,2294578.6417138013
1,116,674163.5389343661,2294532.814653353
1,117,674222.7953907121,2294463.091831995
1,118,674240.4629286901,2294375.6933032437
1,119,674240.6417957488,2294308.7191783804
1,120,674265.454212993,2294183.3605605676
1,121,674285.4419521764,2294097.788052188
1,122,674325.4174305433,2294049.0679379287
1,123,674332.2882158876,2293984.732402432
1,124,674248.3813524401,2293881.878827884
1,125,674229.006163578,2293788.124921066
1,126,674186.4524645902,2293739.024499157
1,127,674062.0647290874,2293716.110968933
1,128,674060.632649403,2293713.087689599
1,129,673888.8697880027,2293746.1533348416
1,130,673851.5253193197,2293753.3423599806
1,131,673737.5438078331,2293784.0254391474
1,132,673649.4329129894,2293800.8555866624
1,133,673568.4308384649,2293816.3278715266
1,134,673508.9140404584,2293825.190526225
1,135,673456.6103635624,2293833.0702409707
1,136,673388.8887028318,2293844.8239513687
1,137,673356.1911446934,2293850.498910091
1,138,673310.1725805117,2293859.3777614795
1,139,673258.4582488152,2293866.1498627905
1,140,673205.285168944,2293876.42777333
1,141,673162.1580758014,2293884.7638788633
1,142,673114.3419279568,2293895.556594396
1,143,673057.0369016789,2293905.3850451144
1,144,672936.9488827402,2293928.5449942728
1,145,672885.3196631981,2293937.8382401713
1,146,672837.9380594646,2293946.3669163506
1,147,672800.0606706396,2293953.0282969447
1,148,672769.5041815862,2293958.121037089
1,149,672710.8969471338,2293965.9506211802
1,150,672619.6558734368,2293973.2001707675
1,151,672614.4075999935,2293988.407858153
2,0,675942.0399743451,2269886.6082547167
2,1,679206.6355597605,2268478.9123493494
2,2,680398.0073317052,2268677.9550909093
2,3,680519.1637830893,2268594.2994459057
2,4,680747.0532987881,2268721.2252521175
2,5,680848.017008275,2269006.808316095
2,6,680937.4420081062,2269078.9252514425
2,7,681087.4452336294,2269081.8099288563
2,8,681502.1289165401,2268993.2446883945
2,9,681535.8935438455,2268744.230562017
2,10,681667.2149067231,2268334.2722048284
2,11,681865.0986600731,2267716.519718409
2,12,681848.6981913978,2267693.8113771663
2,13,681810.2311407019,2267640.5493069715
2,14,681937.6071302397,2267388.5464499723
2,15,681943.7119548231,2267376.4685596093
2,16,682060.5434787894,2267145.3270553597
2,17,682098.3516224901,2267070.5267710597
2,18,682103.5613404176,2267060.21977516
2,19,681761.3714155551,2266983.7654308113
2,20,681261.9126419096,2266872.1730363728
2,21,681224.2036004104,2266863.7478320217
2,22,681129.6593747775,2266842.62413358
2,23,680191.5140913314,2266633.017487276
2,24,680122.0561076378,2266617.498723522
2,25,680121.4417884512,2266617.3614682513
2,26,680120.0618348707,2266617.0531498627
2,27,680108.7410645944,2266610.096341067
2,28,680104.244026165,2266607.332833308
2,29,680052.504317775,2266575.5378891807
2,30,680042.8465300434,2266569.603011871
2,31,679756.6790892922,2266393.748178654
2,32,679749.1961956796,2266389.1498113316
2,33,679746.2763294887,2266387.3555031437
2,34,679735.2910159953,2266380.604838333
2,35,679284.1853,2267041.3571000006
2,36,679284.0338000003,2267041.7116
2,37,679282.7647000002,2267044.713199999
2,38,678965.0277314284,2267534.2819504864
2,39,677632.0978999551,2266980.4685436357
2,40,677462.9617698833,2267049.5299257776
2,41,677079.3136932467,2267186.7242066436
2,42,677086.0109588786,2267331.8316286667
2,43,676214.121426994,2267943.576600769
2,44,676354.5500166632,2268775.0626705945
2,45,676238.0224728377,2268823.5872792536
2,46,675515.0457305117,2269129.0067295404
2,47,675942.0399743451,2269886.6082547167
39,0,665911.3648709222,2270195.7222377122
39,1,666374.6638272984,2270049.8688625568
39,2,666893.3449454058,2270007.250501764
39,3,666920.9296731763,2270096.4952092567
39,4,667102.6643502524,2270064.0425883504
39,5,667284.3990273284,2270090.0046850755
39,6,667316.8516482348,2270184.117285704
39,7,667464.511073359,2270297.7014588765
39,8,667753.3393994264,2270237.6641101995
39,9,667904.2440866414,2270182.4946546587
39,10,667784.1693892875,2270007.250501764
39,11,667765.0454921548,2269864.777468125
39,12,668080.2293482727,2269873.1823709547
39,13,668018.929953227,2269316.0790453935
39,14,668182.9959811432,2269170.042251314
39,15,668264.1275334094,2269171.845174698
39,16,668231.6749125031,2268897.8008203763
39,17,668929.4062619925,2268903.2095905277
39,18,668916.7857983067,2268749.9611029136
39,19,668996.1144271892,2268602.1213854505
39,20,669176.4067655585,2268477.719671976
39,21,669169.1950720238,2268394.7851963257
39,22,669252.1295476737,2268362.3325754195
39,23,669234.140450037,2268060.1883467166
39,24,668853.6618992505,2268150.5632993975
39,25,668841.9131554019,2267989.6958836257
39,26,668812.0894210172,2267958.968399714
39,27,668734.3669617117,2267965.294646402
39,28,668680.1419901031,2268017.7121189567
39,29,668666.585747201,2268130.6808098075
39,30,668566.2695497252,2268189.4245290505
39,31,668174.9460046169,2268321.3719599643
39,32,667878.968034587,2267871.7565703755
39,33,667705.4481254397,2267522.9092530273
39,34,667580.7039000001,2267139.9288
39,35,667580.4545,2267139.770300001
39,36,667632.0329334361,2266849.2714758795
39,37,667026.5916873633,2266966.7983059995
39,38,667110.893942571,2267247.3276887373
39,39,666993.5721408762,2267253.193778825
39,40,666681.7946378331,2267263.026443797
39,41,666731.5050640445,2267505.781742241
39,42,666777.0291698072,2267629.6625391385
39,43,666607.8694399013,2267553.949058368
39,44,666598.6521682505,2267538.5627352335
39,45,666552.7199885644,2267549.8968393737
39,46,666428.1488444383,2267509.996089702
39,47,666296.461229594,2267467.815899485
39,48,666276.3449814171,2267467.0637056534
39,49,666219.1100000003,2267460.4869999997
39,50,666176.8760404557,2267428.253327112
39,51,666165.6482678953,2267408.8762831977
39,52,666143.8919535156,2267408.9287192607
39,53,666181.8232527596,2267571.2798260916
39,54,666177.8354090734,2267574.1940790913
39,55,666033.0228950039,2267606.222123399
39,56,665945.6017578631,2267625.5569721293
39,57,665912.8616487925,2267494.61252247
39,58,665694.2904607288,2267548.145754756
39,59,665672.2445357868,2267452.470375723
39,60,665532.0473568416,2267495.4599333243
39,61,665583.3292435,2267693.364159437
39,62,665495.6562723271,2267711.0420116764
39,63,665486.9624929772,2267678.954178007
39,64,665265.109893677,2267729.277040997
39,65,665335.2912025559,2268006.3470000075
39,66,665429.2852006122,2268492.558602723
39,67,665664.7914329319,2269307.1864511794
39,68,665911.3648709222,2270195.7222377122
5,0,674701.5946433388,2289154.515489305
5,1,674644.5552000012,2289177.7687000018
5,2,674645.4211000018,2289179.4240000006
5,3,674653.7997000013,2289195.4404999986
5,4,674700.909190423,2289274.059202422
5,5,674722.8945000013,2289310.749400001
5,6,674754.2649999997,2289364.772900002
5,7,674789.8524000002,2289426.0584000032
5,8,674899.340219196,2289603.832703095
5,9,675053.2267602619,2289850.3235343597
5,10,674981.5038296175,2289885.882371283
5,11,674957.5961860697,2289915.3886402193
5,12,674929.9056875296,2289958.0592445266
5,13,674898.7349623973,2290016.012583
5,14,674872.4062916544,2290092.7288822345
5,15,674854.7296652658,2290166.8665127447
5,16,674839.9995386932,2290202.873488811
5,17,674773.7139691167,2290302.711013358
5,18,674677.968146395,2290417.278664478
5,19,674652.3954453319,2290465.1131276265
5,20,674541.7144755988,2290729.8846839624
5,21,674688.9134487924,2291060.5964840217
5,22,674598.0776682608,2291088.4200564367
5,23,674537.5204812397,2291057.323122561
5,24,674489.2383996958,2291056.504782196
5,25,674424.589510849,2291076.14495096
5,26,674394.3109173384,2291110.515246296
5,27,674355.0305798112,2291147.340562728
5,28,674313.5525142003,2291189.6055156537
5,29,674260.2899159159,2291229.1489598346
5,30,674099.7083858843,2291266.818256039
5,31,673876.7588578147,2291214.6227966663
5,32,673714.89578216,2291214.2902567424
5,33,673534.5870142905,2291225.920923575
5,34,673499.8648982295,2291262.7265542136
5,35,673435.3248993059,2291349.796815039
5,36,673379.5688645523,2291351.925654015
5,37,673331.8259867302,2291373.603582455
5,38,672717.0868315306,2291470.848174778
5,39,672406.5621703889,2291603.1561461156
5,40,672433.2447878406,2291787.7467371803
5,41,672499.8705851189,2291812.7314111595
5,42,672524.4522783495,2291942.409235006
5,43,672548.953393925,2291976.319352624
5,44,672632.2893572092,2292003.447755869
5,45,672673.0976580422,2292038.4262994397
5,46,672692.9812981914,2292083.521940459
5,47,672684.7571725659,2292235.805223876
5,48,672743.8875676503,2292284.941749369
5,49,672747.2188575143,2292391.5430250145
5,50,672968.7620012468,2292495.147144129
5,51,673274.8212978129,2292614.6248374414
5,52,673389.3249787837,2292720.507899077
5,53,673397.5711552259,2292931.681534238
5,54,673476.7713377115,2292976.184396132
5,55,673520.323407358,2292901.0439652433
5,56,673582.9126102552,2292896.33105997
5,57,673645.8338374738,2292960.8387194015
5,58,673775.6456012849,2292959.9644715344
5,59,673901.670017518,2293128.542586755
5,60,673955.6804816179,2293385.5014614123
5,61,673993.3241384148,2293462.4254557365
5,62,673988.4140962239,2293560.6262995545
5,63,674060.632649403,2293713.087689599
5,64,674062.0647290874,2293716.110968933
5,65,674186.4524645902,2293739.024499157
5,66,674229.006163578,2293788.124921066
5,67,674248.3813524401,2293881.878827884
5,68,674332.2882158876,2293984.732402432
5,69,674325.4174305433,2294049.0679379287
5,70,674285.4419521764,2294097.788052188
5,71,674265.454212993,2294183.3605605676
5,72,674240.6417957488,2294308.7191783804
5,73,674240.4629286901,2294375.6933032437
5,74,674222.7953907121,2294463.091831995
5,75,674163.5389343661,2294532.814653353
5,76,674158.6288921752,2294578.6417138013
5,77,674183.1791031297,2294668.6591539676
5,78,674234.2233705189,2294708.663330984
5,79,674247.340324358,2294802.355858406
5,80,674448.9870268869,2294895.255184121
5,81,674577.1448794741,2295009.1600874946
5,82,674629.8049138987,2294997.12448295
5,83,674731.674103601,2295121.9145422243
5,84,674762.2348743794,2295134.6482066666
5,85,674912.492049826,2295092.626980567
5,86,675030.9149891277,2295227.603969206
5,87,675103.4968185987,2295261.9848606028
5,88,675142.6013787794,2295299.5262421425
5,89,675209.1861655454,2295344.7534554233
5,90,675234.0835922022,2295367.028756266
5,91,675334.6563071315,2295434.192075452
5,92,675421.7770512227,2295452.983053878
5,93,675503.773096162,2295464.9406300383
5,94,675568.6865857104,2295476.8986004023
5,95,675601.1433674232,2295487.1479129107
5,96,675698.5132588056,2295693.845805189
5,97,675698.5135640277,2295693.846453118
5,98,675734.3868741126,2295601.600734464
5,99,675848.8396878965,2295482.023227123
5,100,675975.250245941,2295396.6107337754
5,101,676523.5987346153,2294978.089697618
5,102,676709.7980625818,2294880.719466678
5,103,676972.8686803672,2294715.0192348044
5,104,677486.3444041666,2294491.9178999597
5,105,677850.9756589468,2294216.5844993135
5,106,678056.8558824165,2294176.8968014666
5,107,678247.8531888969,2294174.4163683937
5,108,678322.4469551698,2294120.312652311
5,109,678425.6212830264,2294030.5483106202
5,110,678490.2061828567,2293862.3385230843
5,111,678551.2992835623,2293589.0220887554
5,112,678634.8089810722,2293393.890657366
5,113,678662.9211622144,2293307.073704498
5,114,678731.5479151302,2293262.4249772173
5,115,678853.1436775085,2293077.984419699
5,116,679058.5627536944,2292801.077235065
5,117,679136.0136855094,2292485.8206424187
5,118,679112.7159443367,2292325.62880535
5,119,679054.2102398133,2292186.807787385
5,120,679163.9793903945,2292006.4730429957
5,121,679286.3500176625,2291898.985208499
5,122,679330.9987544657,2291841.1072467538
5,123,679479.8278501091,2291771.65367129
5,124,679522.8229245583,2291712.1221000315
5,125,679550.9351165597,2291586.4442215385
5,126,679485.7489466134,2291449.918044086
5,127,679542.6668996138,2291373.122496628
5,128,679585.6619718324,2291321.859207465
5,129,679622.042379043,2291270.596187826
5,130,678871.2490024513,2291108.739104143
5,131,678861.5286780928,2291094.353024092
5,132,678809.0526021781,2291040.0356823555
5,133,678716.0686781887,2290956.258087474
5,134,678682.9258934006,2290863.2741634846
5,135,678645.1799440583,2290773.9727711384
5,136,678647.9418427907,2290766.607707852
5,137,678683.8465263114,2290634.95720161
5,138,678657.1481718986,2290595.369986446
5,139,678658.9894377202,2290560.3859358365
5,140,678660.8307035416,2290484.894037152
5,141,678635.3256376345,2290451.8353065997
5,142,678534.5503806534,2290430.046061847
5,143,678511.3993081037,2290480.4336903375
5,144,678450.1170572367,2290452.5162204984
5,145,678418.1141040063,2290371.487466574
5,146,678419.624880916,2290323.7832777645
5,147,678436.1962733101,2290286.0373284225
5,148,678468.4184251876,2290256.5770752775
5,149,678513.5294378161,2290216.9898601137
5,150,678532.8627289425,2290171.878847485
5,151,678541.1484251396,2290123.0853032134
5,152,677638.12723325,2289708.9582433132
5,153,675932.0974605053,2288959.95295494
5,154,674701.5946433388,2289154.515489305
6,0,668209.835505954,2281596.64076418
6,1,668278.716309849,2281691.960664521
6,2,668384.1654943312,2281837.5809669015
6,3,668471.6811440373,2281968.8544414607
6,4,668731.3587275917,2282354.7841098374
6,5,668921.4541962158,2282641.7206662507
6,6,669108.6802992758,2282960.937585261
6,7,669161.0462208213,2283043.43184523
6,8,669363.9081245078,2283296.4740209077
6,9,669530.3313272283,2283498.76429318
6,10,669907.0812674969,2283978.1276777475
6,11,670060.8052859002,2284204.269551265
6,12,670128.7397573267,2284300.9313037125
6,13,670887.8102420925,2285292.117770772
6,14,671193.128671652,2285166.7623626892
6,15,672027.5760447747,2284758.4157758406
6,16,672120.1295473723,2284645.845216254
6,17,672591.6794719066,2283903.813508036
6,18,673496.8906838667,2282978.707544165
6,19,674620.94416685,2281663.9960220335
6,20,674660.7336706724,2281503.180110751
6,21,674935.1255124593,2281473.268653887
6,22,674916.7368039447,2281281.868689273
6,23,674901.4262123491,2281001.91473961
6,24,674872.3196057596,2280733.069529474
6,25,674921.6720481876,2280574.1546648555
6,26,675048.2391250907,2280419.5646858867
6,27,675287.8671710036,2280180.3221742795
6,28,675503.5201360026,2279952.3932213155
6,29,675556.3444578121,2279749.475351883
6,30,675556.3444578119,2279673.472590544
6,31,675546.4739693265,2279582.1705720522
6,32,675528.7070900524,2279489.3879802874
6,33,675461.5877683503,2279331.4601645176
6,34,675311.5563433691,2279240.6516704503
6,35,674822.0403337188,2278931.760986908
6,36,674691.6896664728,2278747.1272461694
6,37,674614.6998562851,2278533.9246948804
6,38,674668.0004941074,2278326.6444366826
6,39,674741.0421089008,2278162.7943278216
6,40,674914.3584848358,2277744.891902327
6,41,673361.9028858978,2276806.822512776
6,42,672455.0744101655,2277646.8982544835
6,43,672424.6935241095,2277674.5172418067
6,44,672246.8729437195,2277836.481954178
6,45,672273.750450063,2277894.4366195025
6,46,672325.2651697448,2277942.421418845
6,47,672402.5983342507,2278039.0878744777
6,48,672421.9316253773,2278179.9447098277
6,49,672452.3125114331,2278273.849266728
6,50,672402.5983342507,2278348.4205325013
6,51,672533.0980493547,2278644.6341715464
6,52,671869.2705184805,2278558.5992255257
6,53,671504.8779539516,2278502.308309245
6,54,671344.4705000005,2278483.4198999996
6,55,671192.4106000006,2278463.953899999
6,56,671137.6615000009,2278395.9894
6,57,671093.1182000012,2278332.3562
6,58,671004.0316000013,2278227.3612999995
6,59,670962.6700000006,2278157.3646999993
6,60,670889.4917999997,2278084.1864999994
6,61,670679.5021000002,2278001.4633000004
6,62,670650.8671000007,2277953.7382999985
6,63,670695.7487000009,2277795.1973
6,64,670710.0824000001,2277729.9831999997
6,65,670713.303854917,2277688.538489698
6,66,670741.6877000004,2277589.8228999977
6,67,670782.7818570139,2277457.5401323787
6,68,670764.1019112814,2277447.35107107
6,69,670667.4354556489,2277441.8272736054
6,70,670528.528895171,2277494.386512705
6,71,670463.0549494546,2277519.160438111
6,72,670324.9600128368,2277524.684235576
6,73,670255.9125445279,2277494.30334952
6,74,669916.1990004482,2277563.350817829
6,75,669104.2007731359,2277889.2548682466
6,76,669034.5769636384,2278006.158754912
6,77,668833.4677912167,2278343.836972607
6,78,668871.5989695337,2278474.5724411225
6,79,669236.6360698972,2279872.7828968447
6,80,669305.5008434369,2280145.5519607863
6,81,669371.9445897815,2280398.9528071713
6,82,669378.4006623008,2280487.723804312
6,83,669458.0255567058,2280708.306282055
6,84,669698.1988416144,2281342.531298495
6,85,668216.3124591339,2281589.0843188036
6,86,668209.835505954,2281596.64076418
12,0,655767.0018340318,2264098.570362485
12,1,655135.551665609,2264504.7244137125
12,2,654824.141677037,2264709.001014403
12,3,654808.6657366331,2264719.1528162532
12,4,654234.6737558563,2264739.2721227957
12,5,654273.1371360115,2265029.8185790447
12,6,653934.0676463362,2265035.1442778353
12,7,653760.0948191729,2265133.9655776187
12,8,653456.3312320987,2265203.478884486
12,9,652794.1154316381,2265255.116424774
12,10,652873.0700983641,2265573.927472162
12,11,652894.3574877338,2265742.374293603
12,12,652909.7582455891,2265800.5655429224
12,13,652992.6024490002,2265853.8225308293
12,14,653171.9009749541,2265855.00601945
12,15,653177.2266737449,2265712.3956407206
12,16,653510.9592952457,2265700.4781589713
12,17,654850.6467152386,2265950.0652350006
12,18,655282.2505824121,2266161.4224031423
12,19,656059.6093810041,2266298.542765319
12,20,656058.7487756667,2266519.7791917375
12,21,656249.3509726161,2266602.2479546857
12,22,656256.0747489742,2266784.1119284364
12,23,656385.6256111683,2266781.4698915374
12,24,656385.0725786841,2266716.5857349248
12,25,656764.3806814448,2266758.0078366306
12,26,656779.1182392308,2267025.21946065
12,27,656694.5733611744,2267104.3806147696
12,28,656530.1203044485,2267145.4938789513
12,29,656648.9570178362,2267476.4513809555
12,30,656408.4488245698,2267465.032846731
12,31,656401.0496750565,2267838.5329468357
12,32,656486.852600018,2268068.129739146
12,33,656518.8067927622,2268170.5015047896
12,34,656953.1471163604,2267978.1846040143
12,35,657035.9913197714,2267888.8312131925
12,36,657145.4577345611,2267665.8900395553
12,37,657434.2352404546,2267517.2157864636
12,38,657901.2978087922,2267350.523914005
12,39,657900.290312713,2267344.709222348
12,40,658033.4534250462,2267241.573086325
12,41,658085.674253412,2267214.157151433
12,42,658013.870614409,2266865.5831220904
12,43,658640.5205548,2266799.001565924
12,44,659251.5042466815,2266731.1144890483
12,45,659263.2539330637,2266778.1132345772
12,46,659483.8869329098,2266712.83719912
12,47,659482.5814122007,2266629.2838737345
12,48,659384.6673590146,2266492.204199274
12,49,659348.7886111755,2266195.549262935
12,50,659373.752824257,2266151.6122479113
12,51,659365.0845483773,2266086.1872587283
12,52,659248.8932052631,2266040.4940339085
12,53,659177.08956626,2266000.0228919247
12,54,659174.9255745197,2265992.178421866
12,55,659156.2012349135,2265924.302690794
12,56,659111.8135308025,2265857.7211346277
12,57,659023.0381225805,2265796.3616612977
12,58,658826.5372735113,2265725.7227727417
12,59,658551.2944574902,2265321.1870834744
12,60,658526.9936971043,2265324.6361184893
12,61,658404.1180390724,2265342.0760026863
12,62,658161.1328703675,2265280.8588090204
12,63,657912.4968837856,2265253.546522615
12,64,657814.5493739201,2265089.6728041857
12,65,657547.0773277488,2264869.2909069885
12,66,657373.7855795252,2264782.6450328766
12,67,657287.1397054134,2264650.7926157503
12,68,657162.8217121226,2264485.9770943415
12,69,657023.43487116,2264500.104139034
12,70,656885.9316361565,2264286.3148626923
12,71,656782.333308414,2264289.140271631
12,72,656454.5858715563,2263761.7306031245
12,73,656081.6318916837,2263814.4715699754
12,74,655767.0018340318,2264098.570362485
8,0,680176.2534293466,2289229.9264560994
8,1,680239.9939578447,2289192.5738055287
8,2,680270.833019588,2289174.501765214
8,3,680340.5364312208,2289133.6548437392
8,4,680393.8266097232,2289102.42616902
8,5,680443.3014118875,2289074.5733712944
8,6,680501.5295228721,2289041.7927158666
8,7,680541.1597023585,2289019.4821523675
8,8,680559.2522403162,2289009.2966038
8,9,680603.1584497183,2288984.5787433605
8,10,680616.7275780145,2288976.939714679
8,11,680657.5957240282,2288953.9322136967
8,12,680668.6685094733,2288947.6985722804
8,13,680719.7348473698,2288918.9497883795
8,14,680768.0462507926,2288891.7519377116
8,15,680773.2304452963,2288888.833393886
8,16,680778.4515549634,2288885.8940568706
8,17,680833.7833736135,2288854.743937054
8,18,681009.7902888338,2288727.309909811
8,19,681228.9690209066,2288535.14895617
8,20,681268.0304275359,2288501.3326928937
8,21,681300.1994852386,2288473.4832952726
8,22,681393.3158154432,2288439.0967354993
8,23,681462.2543802282,2288413.590806173
8,24,681536.2547762496,2288386.3114949707
8,25,681593.3102181401,2288365.2417655885
8,26,681675.8291619576,2288333.4026075415
8,27,681844.3072750715,2288218.232089654
8,28,681960.1488975625,2288152.4705576696
8,29,682019.1315151925,2288104.944600911
8,30,682053.0177424399,2288077.640363907
8,31,682049.910606366,2287797.9981172555
8,32,682077.8748310311,2287538.5522550847
8,33,682295.3743562044,2287237.1600559154
8,34,682418.1062311236,2287014.9998266315
8,35,682460.673818284,2286834.0875812
8,36,682368.8885939782,2286771.2292710934
8,37,682366.4998195375,2286752.011671657
8,38,682314.8680548763,2286744.803926133
8,39,682328.8905739454,2286624.5416145287
8,40,682135.0533405247,2286610.9255479057
8,41,682148.3408374991,2286446.232769394
8,42,682161.5066720531,2286445.882438208
8,43,682092.1411894803,2286324.666770901
8,44,682069.3760369293,2286327.249996167
8,45,682055.3294830412,2286190.659105281
8,46,682395.4568793889,2286168.7986182915
8,47,682557.9273544493,2286162.0909743453
8,48,682577.0339189952,2285390.8418797133
8,49,682446.7019550112,2285394.069915973
8,50,682341.7907765722,2285375.1052029477
8,51,682259.1244353399,2285376.071856969
8,52,682229.4340239668,2285373.3099582368
8,53,682161.077030341,2284700.097142225
8,54,682121.719973405,2284345.1931551173
8,55,681990.5297836182,2284353.4788513146
8,56,681906.2918722815,2283556.6710670306
8,57,681956.0060494638,2283555.2901176633
8,58,681882.8157330564,2283450.337965834
8,59,681873.1490874932,2283321.909674779
8,60,681898.0061760844,2283306.7192317513
8,61,681865.2896932496,2283082.3660322754
8,62,681947.130374064,2283011.5562684867
8,63,681923.6239900184,2282989.287049334
8,64,681671.5304800313,2282951.815244644
8,65,681486.4832649635,2282877.24397887
8,66,681405.7250891465,2282844.921698312
8,67,681349.7074150337,2282784.358866523
8,68,681336.9933536123,2282806.961628564
8,69,681341.2312983562,2282859.2309503052
8,70,681322.8665416784,2282896.666775585
8,71,681233.2147650246,2282921.8244944657
8,72,681189.5791512353,2282993.2437256286
8,73,681091.5317462366,2283129.9577128803
8,74,680999.0081387027,2282982.1961306995
8,75,680971.3891513791,2282939.386700348
8,76,680956.1987083512,2282856.5297383773
8,77,680790.4847844099,2282793.0060675326
8,78,680536.3901010331,2282469.863915847
8,79,680517.0568099067,2282353.864169088
8,80,680179.4146898813,2282478.1496120547
8,81,680068.9387405871,2282566.53037149
8,82,679886.6534242517,2282842.7202447252
8,83,679776.1774749574,2283008.4341686666
8,84,679588.3683611572,2283450.3379658437
8,85,679245.8929183453,2283704.4326492203
8,86,678605.1324124389,2283765.194421332
8,87,678384.1805138504,2283682.337459361
8,88,677030.8501349965,2283842.527585838
8,89,677091.6119071085,2284359.0026487894
8,90,677025.326337532,2284448.764357591
8,91,677113.7070969674,2284544.0498638568
8,92,677281.7430634181,2285894.1465331996
8,93,677955.9991371544,2285795.153421234
8,94,678399.8541228579,2286124.8166242526
8,95,679351.7213149258,2286691.3369878237
8,96,679949.4107773572,2287044.7987321084
8,97,680091.3451229212,2287128.735901007
8,98,680144.8909557271,2287122.742646964
8,99,680307.5226761856,2287092.8239976186
8,100,680334.355727594,2287190.8755990057
8,101,680354.9344587494,2287285.2956596008
8,102,680375.9166944369,2287465.2586810775
8,103,680391.6205758175,2287531.503659352
8,104,680449.7580238772,2287592.3626088016
8,105,680491.3189907203,2287635.941098307
8,106,680505.7790567549,2287678.804925078
8,107,680490.8910450707,2287798.8750999216
8,108,680456.0648795725,2287964.201127421
8,109,680407.3649265937,2288066.9939402337
8,110,680322.2405543836,2288344.8082228396
8,111,680305.7579830636,2288549.27792592
8,112,680286.668423988,2288597.5965700415
8,113,680228.7207243446,2288650.6285813684
8,114,680184.2051784096,2288667.8705047807
8,115,680147.5331290663,2288712.4911909043
8,116,680131.392947768,2288776.648411565
8,117,680132.1999568328,2288875.91052655
8,118,680166.0943375593,2288964.278019158
8,119,680167.7083556892,2289011.084544923
8,120,680160.4452741051,2289177.3284122963
8,121,680176.2534293466,2289229.9264560994
9,0,680170.6686772291,2289654.4831516226
9,1,680166.0655126751,2289626.864164299
9,2,680184.4781708908,2289565.1817592764
9,3,680156.8591835673,2289542.165936507
9,4,680121.305334457,2289496.5004974697
9,5,680135.8314976254,2289406.922491264
9,6,680149.550651729,2289379.4841830567
9,7,680180.2169961957,2289365.7650289536
9,8,680200.3922228185,2289327.835602903
9,9,680182.6380233904,2289251.169741736
9,10,680176.2534293466,2289229.9264560994
9,11,680160.4452741051,2289177.3284122963
9,12,680167.7083556892,2289011.084544923
9,13,680166.0943375593,2288964.278019158
9,14,680132.1999568328,2288875.91052655
9,15,680131.392947768,2288776.648411565
9,16,680147.5331290663,2288712.4911909043
9,17,680184.2051784096,2288667.8705047807
9,18,680228.7207243446,2288650.6285813684
9,19,680286.668423988,2288597.5965700415
9,20,680305.7579830636,2288549.27792592
9,21,680322.2405543836,2288344.8082228396
9,22,680407.3649265937,2288066.9939402337
9,23,680456.0648795725,2287964.201127421
9,24,680490.8910450707,2287798.8750999216
9,25,680505.7790567549,2287678.804925078
9,26,680491.3189907203,2287635.941098307
9,27,680449.7580238772,2287592.3626088016
9,28,680391.6205758175,2287531.503659352
9,29,680375.9166944369,2287465.2586810775
9,30,680354.9344587494,2287285.2956596008
9,31,680334.355727594,2287190.8755990057
9,32,680307.5226761856,2287092.8239976186
9,33,680144.8909557271,2287122.742646964
9,34,680091.3451229212,2287128.735901007
9,35,679949.4107773572,2287044.7987321084
9,36,679351.7213149258,2286691.3369878237
9,37,678399.8541228579,2286124.8166242526
9,38,677955.9991371544,2285795.153421234
9,39,677281.7430634181,2285894.1465331996
9,40,677026.9972019263,2285928.5789199686
9,41,676662.767110628,2285963.2803097605
9,42,675745.800381214,2286247.2141701374
9,43,675496.9080148468,2286324.282364799
9,44,675497.3205647473,2286325.61373348
9,45,675995.6132000004,2287933.688799999
9,46,675995.6131999996,2287933.6887999997
9,47,675994.7236000001,2287933.962099999
9,48,675917.3581999997,2287957.7273999993
9,49,675832.4892999995,2287983.797700001
9,50,675723.9196487657,2288017.1484580734
9,51,675709.5166999996,2288021.5727999993
9,52,675708.333126531,2288021.9363737707
9,53,675707.1530657656,2288022.2988684988
9,54,675615.8260000004,2288050.353
9,55,675566.6024000002,2288065.4736
9,56,675472.1003999999,2288094.5030000005
9,57,675321.2104000002,2288140.8538000006
9,58,675296.6187000005,2288149.9988
9,59,675275.2402999997,2288162.5089
9,60,675257.8324999996,2288182.2710999995
9,61,675244.0560999997,2288204.1905000005
9,62,675242.9252000004,2288205.9899000004
9,63,675242.5268000001,2288206.6238
9,64,675240.2693999996,2288210.215500001
9,65,675022.7707000002,2288556.2750000004
9,66,675021.8169000002,2288557.7926
9,67,675021.8169,2288557.7926000003
9,68,675018.3596000001,2288563.2935000006
9,69,675016.7614000002,2288565.8364000004
9,70,675010.2290000003,2288562.996200001
9,71,674978.6789999995,2288612.6697000004
9,72,674650.2770465363,2289139.3737672023
9,73,674638.0205963629,2289164.5675814473
9,74,674701.5946433388,2289154.515489305
9,75,675932.0974605053,2288959.95295494
9,76,677638.12723325,2289708.9582433132
9,77,678541.1484251396,2290123.0853032134
9,78,678532.8627289425,2290171.878847485
9,79,678513.5294378161,2290216.9898601137
9,80,678468.4184251876,2290256.5770752775
9,81,678436.1962733101,2290286.0373284225
9,82,678419.624880916,2290323.7832777645
9,83,678418.1141040063,2290371.487466574
9,84,678450.1170572367,2290452.5162204984
9,85,678511.3993081037,2290480.4336903375
9,86,678534.5503806534,2290430.046061847
9,87,678635.3256376345,2290451.8353065997
9,88,678660.8307035416,2290484.894037152
9,89,678658.9894377202,2290560.3859358365
9,90,678657.1481718986,2290595.369986446
9,91,678683.8465263114,2290634.95720161
9,92,678647.9418427907,2290766.607707852
9,93,678645.1799440583,2290773.9727711384
9,94,678682.9258934006,2290863.2741634846
9,95,678716.0686781887,2290956.258087474
9,96,678809.0526021781,2291040.0356823555
9,97,678861.5286780928,2291094.353024092
9,98,678871.2490024513,2291108.739104143
9,99,679622.042379043,2291270.596187826
9,100,679624.0000113079,2291224.997860847
9,101,679637.0000113056,2291182.9978608815
9,102,679669.0000113065,2291131.997860919
9,103,679685.0000113082,2291118.997860928
9,104,679703.0000113081,2291103.9978609458
9,105,679727.0000113117,2291095.997860957
9,106,679757.0000113145,2291097.997860955
9,107,679772.0000113149,2291092.9978609574
9,108,679795.0000113149,2291071.9978609714
9,109,679841.0000113193,2291020.9978610156
9,110,679886.0000113202,2290972.9978610547
9,111,679916.000011323,2290945.9978610785
9,112,679932.0000113202,2290928.9978610887
9,113,679982.0000113256,2290875.997861137
9,114,680080.0000113316,2290798.9978611995
9,115,680098.0000113315,2290776.997861214
9,116,680123.0000113298,2290726.9978612573
9,117,680141.0000113342,2290707.9978612717
9,118,680179.0000113344,2290684.9978612917
9,119,680218.0000113405,2290681.997861294
9,120,680230.0000113391,2290672.9978613043
9,121,680308.0000113446,2290674.9978613025
9,122,680345.0000113503,2290671.9978613076
9,123,680372.0000113512,2290656.9978613136
9,124,680419.0000113503,2290627.9978613346
9,125,680480.0000113572,2290594.997861363
9,126,680551.0000113623,2290573.9978613835
9,127,680590.000011364,2290554.9978613956
9,128,680606.0000113633,2290533.997861416
9,129,680608.0000113638,2290503.997861442
9,130,680586.000011363,2290465.9978614664
9,131,680574.0000113623,2290454.9978614803
9,132,680541.0000113576,2290437.997861497
9,133,680531.0000113575,2290407.9978615167
9,134,680481.000011352,2290364.9978615493
9,135,680449.000011351,2290344.997861567
9,136,680430.0000113519,2290338.997861572
9,137,680417.0000113498,2290323.9978615874
9,138,680420.0000113472,2290303.9978616023
9,139,680427.00001135,2290289.9978616103
9,140,680451.0000113491,2290269.99786163
9,141,680453.0000113519,2290250.9978616484
9,142,680401.0000113482,2290217.9978616703
9,143,680379.0000113472,2290194.997861688
9,144,680368.0000113435,2290151.9978617234
9,145,680333.0000113406,2290109.9978617597
9,146,680319.0000113416,2290073.9978617886
9,147,680320.17177258,2290045.3720290465
9,148,680321.6524745977,2290035.625176687
9,149,680322.6518049228,2289971.976239853
9,150,680280.3026910269,2289912.1351006525
9,151,680293.1128543635,2289859.7842907277
9,152,680266.4144999507,2289783.3717591325
9,153,680231.4304493408,2289741.0226452365
9,154,680170.6686772291,2289654.4831516226
31,0,657477.90340116,2273672.6348290043
31,1,657446.3869995415,2273564.869068632
31,2,657443.141737451,2273441.5491091874
31,3,657368.5007093662,2273310.1159945163
31,4,657517.7827655358,2273061.853444582
31,5,657587.5559004846,2272972.608737089
31,6,657663.8195596148,2272953.1371645452
31,7,657769.2905775607,2272823.3266809196
31,8,657834.1958193735,2272675.6672557956
31,9,657830.9505572829,2272596.1583345747
31,10,657886.1200128238,2272495.5552097647
31,11,657996.4589239035,2272271.632125504
31,12,658006.1947101754,2272213.217407872
31,13,657892.6105370029,2272177.519524875
31,14,657801.743198465,2271755.635453091
31,15,657589.1785315279,2271444.090292389
31,16,657483.707513582,2271322.39296399
31,17,657250.0486430556,2271341.864536534
31,18,657167.2944597442,2271276.959294721
31,19,657061.8234417982,2271338.6192744435
31,20,656910.9187545833,2271268.8461394943
31,21,656813.5608918638,2271150.3940731855
31,22,656665.9014667395,2271166.620383639
31,23,656508.5062553433,2271095.2246176447
31,24,656378.4334416634,2270951.0898781614
31,25,656147.2307796673,2271773.717775729
31,26,656135.1333210084,2271816.760995459
31,27,655782.9870999996,2273110.866700001
31,28,656397.0302999998,2273068.7130999994
31,29,656413.5300000012,2273065.9354999997
31,30,656421.5946000004,2273067.720300002
31,31,656870.0203000009,2272564.5869000014
31,32,656870.128800001,2272557.586100001
31,33,656870.1878000004,2272557.1326
31,34,656894.9849000005,2272533.5560000017
31,35,656895.3761,2272533.6624999996
31,36,656909.977,2272539.5538000017
31,37,656910.3196999999,2272539.7256000005
31,38,656920.3618999999,2272548.0701
31,39,656984.5769999996,2272593.7492999975
31,40,657010.6082000006,2272612.266500002
31,41,657020.7618000014,2272619.3435999993
31,42,657021.0677000014,2272619.570699999
31,43,657022.6067000004,2272620.8112000003
31,44,657061.3268000009,2272650.3018000014
31,45,657065.2770999996,2272653.823300002
31,46,657105.5664000008,2272684.5813000016
31,47,657105.8909,2272684.775700001
31,48,657126.5231000008,2272696.005400002
31,49,657107.2760000005,2272728.2664
31,50,657033.5997000011,2272884.9925000034
31,51,657144.5701000011,2273594.543299999
31,52,657477.90340116,2273672.6348290043
13,0,686012.0745621601,2275318.9981274903
13,1,685837.5623995387,2275414.6684602965
13,2,685676.9219260518,2275490.120803904
13,3,685586.0545875138,2275566.384463034
13,4,685414.7931876045,2275770.4847665173
13,5,685343.2721711586,2275899.4091309877
13,6,685268.299434741,2276075.507883968
13,7,685161.94276215,2276326.5793733634
13,8,685146.9674310847,2276375.594556732
13,9,685082.2293048786,2276450.887167385
13,10,685038.7714270077,2276495.16061062
13,11,684774.1271778583,2276438.255954347
13,12,684765.200751556,2276450.6263997434
13,13,684750.1794858954,2276463.0352713782
13,14,684731.8927276963,2276480.015832561
13,15,684695.9723098085,2276519.854841493
13,16,684694.6661127943,2276538.7946981983
13,17,684697.9316053285,2276557.081456395
13,18,684705.768787415,2276566.8779340014
13,19,684708.3811814431,2276577.980608622
13,20,684704.9326497328,2276593.436910791
13,21,684614.9426865579,2276804.9541052016
13,22,684553.3508978485,2276826.7502637715
13,23,684427.9211869405,2277017.917868095
13,24,684327.0016286692,2277132.885091148
13,25,684287.8249219547,2277161.852700375
13,26,684162.8429681668,2277263.561323858
13,27,683612.12392088,2277726.9176998804
13,28,683561.822358475,2277799.9360969197
13,29,683539.1055238405,2277970.3123566783
13,30,683519.6339512966,2278557.704795085
13,31,683505.0302718887,2278831.9294417445
13,32,683480.6908062089,2278956.872032234
13,33,683472.5068602879,2279001.8837347995
13,34,683848.652815351,2278894.169332513
13,35,684145.3680695279,2278797.38127162
13,36,684264.3050601082,2278763.895525058
13,37,684311.6589196359,2278746.9194184644
13,38,684474.4599363353,2278706.504614361
13,39,684586.9575471198,2278632.240796222
13,40,684693.6075125874,2278928.4759889427
13,41,685120.4556607471,2279062.7999265813
13,42,685144.3779993616,2279194.5750860935
13,43,685358.8862411693,2279259.492722188
13,44,685534.1303940641,2279335.7563813184
13,45,685633.1108878287,2279350.3600607263
13,46,685821.336089086,2279472.057389125
13,47,685808.3550407235,2279595.3773485697
13,48,685905.7129034428,2279785.2251808727
13,49,686111.7870461984,2279768.9988704193
13,50,686175.0696569659,2279874.4698883654
13,51,686684.9454800814,2279682.2953130715
13,52,686646.8622598469,2279453.661154285
13,53,686370.4861801154,2279451.8308491213
13,54,686388.7892317533,2279349.3337599495
13,55,686429.0559453565,2279332.8610134753
13,56,686454.6802176496,2279331.0307083116
13,57,686491.2863209252,2279312.7276566736
13,58,686555.3470016577,2279296.2549101994
13,59,686566.3288326404,2279223.042703648
13,60,686569.9894429679,2279164.472938407
13,61,686597.4440204247,2279129.697140295
13,62,686294.6979261441,2279098.1610888075
13,63,686409.2915007839,2278838.9926348254
13,64,686492.1465509093,2278587.0172335724
13,65,686489.294712581,2278500.746018793
13,66,686489.2947125811,2278460.823613672
13,67,686493.9914661248,2278402.114194376
13,68,686454.0690610035,2278317.57263059
13,69,686432.933670057,2278291.7404860994
13,70,686388.314511392,2278225.985936488
13,71,686395.3596417076,2278153.186256561
13,72,686454.0690610035,2278099.1735908086
13,73,686432.933670057,2277993.496636076
13,74,686442.3271771444,2277951.225854183
13,75,686456.4174377754,2277923.0453329207
13,76,686475.20445195,2277873.729420712
13,77,686498.6882196685,2277831.4586388194
13,78,686548.004131877,2277737.523567945
13,79,686618.4554350321,2277716.388176999
13,80,686632.545695663,2277651.8078157734
13,81,686647.8101446799,2277594.2725848635
13,82,686657.2036517672,2277570.788817145
13,83,686679.5132310999,2277500.33751399
13,84,686663.0745936971,2277425.189457291
13,85,686695.9518685029,2277359.4349076794
13,86,686735.8742736242,2277337.125328348
13,87,686780.493432289,2277318.3383141733
13,88,686869.7317496189,2277304.2480535423
13,89,686881.4736334783,2277247.887011018
13,90,686897.9122708811,2277193.874345266
13,91,686935.4862992305,2277170.3905775477
13,92,686973.06032758,2277151.603563373
13,93,686996.5440952983,2277085.8490137616
13,94,687029.4213701041,2277050.623362184
13,95,687055.2535145943,2276987.217189344
13,96,687118.659687434,2276942.5980306794
13,97,687142.1434551523,2276853.3597133495
13,98,687156.2337157833,2276789.9535405096
13,99,687151.5369622397,2276627.915543253
13,100,687153.8853390114,2276454.135662137
13,101,687177.3691067299,2276334.368446773
13,102,687261.9106705161,2276301.4911719672
13,103,687271.3041776035,2276205.207724322
13,104,687318.2717130402,2276139.4531747107
13,105,687409.8584071419,2276125.3629140793
13,106,687412.2067839137,2276019.6859593466
13,107,687427.9716972371,2275695.246006035
13,108,687371.4972812893,2275694.501543501
13,109,687437.875332913,2275417.163189055
13,110,687470.8321250842,2275114.66192604
13,111,687478.635705354,2275099.03879755
13,112,687495.035972907,2275066.34787619
13,113,687511.698508241,2275062.91526818
13,114,687511.6984994385,2274969.5934283547
13,115,687511.6984994406,2274898.3996089487
13,116,687255.3281854717,2274938.157572078
13,117,687214.0200320401,2274784.9180199024
13,118,687041.6339783994,2274811.2425631383
13,119,687029.8071191267,2274828.746314835
13,120,687064.8146225184,2274932.3496019095
13,121,686930.599,2274898.727
13,122,686781.938,2274866.135
13,123,686759.907,2274895.991
13,124,686702.092,2274849.059
13,125,686614.93,2274910.259
13,126,686553.397,2274940.292
13,127,686400.7260042209,2274984.7489748574
13,128,686368.800004216,2275000.6989748594
13,129,686309.763004207,2274994.864974859
13,130,686242.4500041957,2275004.65397486
13,131,686240.9550323032,2275009.3823340433
13,132,686216.9450479723,2275013.4046252337
13,133,686258.9554678653,2275189.839001843
13,134,686231.7933468499,2275195.0961865555
13,135,686216.0217927118,2275177.5722375135
13,136,686190.6120666005,2275165.3054731837
13,137,686168.7071302977,2275136.390957264
13,138,686148.554588899,2275117.9908107696
13,139,686112.6304933624,2275104.847848988
13,140,686080.2111876343,2275096.962071919
13,141,686053.9252640709,2275108.3526387964
13,142,686024.1345506989,2275105.72404644
13,143,686007.4867991088,2275103.971651536
13,144,685989.0866526144,2275098.7144668233
13,145,685967.1817163116,2275098.7144668233
13,146,685952.5054089887,2275102.000207269
13,147,685993.3495099824,2275157.6892652167
13,148,685973.9722465654,2275225.9821467428
13,149,686011.4296876432,2275311.630447687
13,150,686015.8106749038,2275317.7638298515
13,151,686012.0745621601,2275318.9981274903
14,0,652214.8144931793,2295695.6770191193
14,1,652198.6150150299,2295843.0457553864
14,2,652253.3117275238,2295822.4669589996
14,3,652336.1177539825,2295981.2685642242
14,4,652383.5213489532,2296218.776205063
14,5,652442.7903194427,2296240.3867816925
14,6,652416.9176769257,2296361.325811386
14,7,652504.8173427582,2296504.3695697784
14,8,652598.9128284454,2296510.491296768
14,9,652628.9937915802,2296764.0024204254
14,10,652559.0948162079,2296764.4617824554
14,11,652564.8532390594,2296850.7502651215
14,12,652601.9556484222,2296942.886777878
14,13,652653.0979595184,2296929.441801071
14,14,652658.8100719452,2296876.6391506195
14,15,652633.9049129486,2296805.392496109
14,16,652798.3303089142,2296808.680990219
14,17,652822.9941730499,2296830.0562229156
14,18,652870.6775302887,2296856.3643245697
14,19,652866.566865921,2296912.2689647675
14,20,652896.9855937958,2296964.885087967
14,21,652952.8901805878,2296981.3276729584
14,22,652954.5369968414,2297012.853258133
14,23,652968.3695049286,2297074.1791210175
14,24,652988.5905399323,2297152.254049301
14,25,653069.9073467255,2297129.3485355377
14,26,653129.2527484894,2297077.0341472626
14,27,653192.7286701202,2296983.535215378
14,28,653194.595533371,2296997.7702274323
14,29,653199.1172428131,2297046.686712265
14,30,653181.4415340424,2297116.978609085
14,31,653177.3308925629,2297154.7964572906
14,32,653109.9164333344,2297261.6729831696
14,33,653225.0142803192,2297261.6729831696
14,34,653223.3700466156,2297373.482225418
14,35,653171.1975803375,2297498.8624210358
14,36,653210.2240810394,2297522.863512039
14,37,653274.3064785004,2297524.8384685516
14,38,653290.8801708221,2297572.280599594
14,39,653339.5574398041,2297542.1243686676
14,40,653387.7953968048,2297529.686445236
14,41,653537.4225902557,2297603.6778697968
14,42,653721.57903862,2297602.0335826874
14,43,653721.2518291473,2297598.5794963837
14,44,653738.8040027618,2297595.568593979
14,45,653744.092168808,2297508.263780594
14,46,653722.8790988922,2297513.541513443
14,47,653717.9516963959,2297450.7289447784
14,48,653800.5032291412,2297486.9358005524
14,49,653826.0677661896,2297556.304693222
14,50,654001.8323497772,2297505.0588054657
14,51,653956.193567276,2297346.0763454437
14,52,653940.0099887848,2297344.697160721
14,53,653919.2013759613,2297268.8070049286
14,54,653961.4267940521,2297253.1998081207
14,55,653947.278963089,2297206.0428066254
14,56,653979.7269229889,2297195.902826309
14,57,654064.4134311676,2297167.3669757843
14,58,654194.7878665924,2297139.2364063263
14,59,654208.1304645538,2297134.1990070343
14,60,654379.6683673859,2297102.375257492
14,61,654334.3507633209,2296908.6216602325
14,62,654276.9084682465,2296895.57639122
14,63,654104.9563503265,2296938.760789871
14,64,654064.4060077667,2296772.507291794
14,65,653801.3253078461,2296871.1626262665
14,66,653720.7568759918,2296708.381494522
14,67,653686.6188907623,2296726.687242508
14,68,653625.3404712677,2296616.993265152
14,69,653500.9346904755,2296598.0783672333
14,70,653360.8245334625,2296405.9858760834
14,71,653534.9561595917,2296366.376619339
14,72,653594.1492404938,2296325.270242691
14,73,653676.3620548248,2296318.693216324
14,74,653654.9867572784,2296057.256795883
14,75,653590.0386753082,2296047.391359329
14,76,653498.782617569,2296044.102804184
14,77,653447.8107662201,2296029.304491043
14,78,653372.0348873138,2296039.5051136017
14,79,653323.769613266,2295928.021097183
14,80,653261.4340991974,2295895.3666934967
14,81,653197.756231308,2295504.3963108063
14,82,652521.746919632,2295730.066476822
14,83,652343.4574337006,2295717.9146938324
14,84,652214.8144931793,2295695.6770191193
18,0,678377.5225721827,2276595.1854168195
18,1,678298.818562974,2276911.545599606
18,2,678123.5744100792,2277346.4107197523
18,3,677912.6323741873,2277599.5411628224
18,4,677691.9401436851,2277774.9715817175
18,5,677570.8452383964,2277869.65611074
18,6,677325.1918007392,2278060.0851321784
18,7,677284.2495611304,2278092.4580658246
18,8,677244.2594666266,2278123.878854362
18,9,677090.9641043704,2278228.614816154
18,10,677031.9311077229,2278260.987749798
18,11,676887.2050514291,2278316.2121660146
18,12,676772.9476385652,2278352.3936800873
18,13,676692.81036501,2278383.02337123
18,14,676531.1063071347,2278445.1533687757
18,15,675472.1952820233,2278190.1788633196
18,16,674914.3584848355,2277744.891902328
18,17,674741.0421089008,2278162.7943278216
18,18,674668.0004941074,2278326.6444366826
18,19,674614.6998562851,2278533.9246948804
18,20,674691.6896664728,2278747.1272461694
18,21,674822.0403337188,2278931.760986908
18,22,675311.5563433691,2279240.6516704503
18,23,675461.5877683503,2279331.4601645176
18,24,675528.7070900524,2279489.3879802874
18,25,675546.4739693265,2279582.1705720522
18,26,675556.3444578119,2279673.472590544
18,27,675556.3444578121,2279749.475351883
18,28,675503.5201360026,2279952.3932213155
18,29,675287.8671710036,2280180.3221742795
18,30,675048.2391250907,2280419.5646858867
18,31,674921.6720481876,2280574.1546648555
18,32,674872.3196057596,2280733.069529474
18,33,674901.4262123491,2281001.91473961
18,34,674916.7368039447,2281281.868689273
18,35,674935.1255124593,2281473.268653887
18,36,675389.764431955,2281423.708461642
18,37,676144.7984979135,2281408.1727812723
18,38,676673.8747238358,2281640.6038214555
18,39,677568.729913119,2281999.650656662
18,40,677853.2054825516,2281974.7935680705
18,41,678217.7761152225,2281886.4128086353
18,42,679038.0600387313,2281513.556479767
18,43,679626.4403848524,2281239.4255887847
18,44,680087.5815570264,2281041.2717965357
18,45,680348.2766339644,2280945.432445626
18,46,680997.1119221566,2280851.012385031
18,47,681503.1381840854,2280775.589320807
18,48,682153.9405609902,2280687.9783986416
18,49,682800.0521976756,2280627.1500899894
18,50,682799.649485739,2280621.7803063043
18,51,682756.9566818478,2280052.512050352
18,52,682758.855487226,2280018.7651002165
18,53,682760.4980946522,2279946.8964465493
18,54,682481.9074908027,2279981.2550791786
18,55,682515.4770495401,2279683.208216346
18,56,682359.1937367732,2279690.633398195
18,57,682351.4148061374,2279651.0330987424
18,58,682287.7701513997,2279658.1038192054
18,59,682218.114413331,2279361.0957131227
18,60,682085.1498609066,2279383.732639669
18,61,682069.9635815824,2279043.225307962
18,62,681845.4389123191,2279059.1364427544
18,63,681824.2240434049,2278843.804899936
18,64,681795.772412499,2278857.5431147753
18,65,681788.4232996489,2278772.416204034
18,66,681759.9590509152,2278771.6586107337
18,67,681779.8369189983,2278517.26811813
18,68,681867.6402568761,2278497.1474376167
18,69,681865.0058146705,2277896.090095022
18,70,681659.2874578353,2277919.1994787515
18,71,681667.4006130619,2278005.1989241536
18,72,681436.9870046261,2278034.4062829698
18,73,681383.4401801305,2278003.5762931085
18,74,681067.0271262927,2277990.5952447457
18,75,681075.4156374608,2277948.027795374
18,76,681086.5544771741,2277675.990074394
18,77,681086.5540008103,2277627.485437639
18,78,681086.5539783724,2277614.1332523464
18,79,681086.5540472376,2277583.597577891
18,80,681086.4179381733,2277554.3291636966
18,81,681086.3850977665,2277544.4253990646
18,82,681086.0258725306,2277496.538438123
18,83,681086.051702978,2277481.999922716
18,84,681086.5540024086,2277471.903712938
18,85,681074.0634991534,2277333.850410884
18,86,681082.0851767989,2277321.7681772653
18,87,681081.0533480514,2277282.885558364
18,88,681079.4393546014,2277222.065685645
18,89,681079.2604793156,2277215.325155198
18,90,681078.4538172095,2277184.927828446
18,91,681076.7960148661,2277122.2856944245
18,92,681076.7141563147,2277093.8845240367
18,93,681074.7857329103,2277040.370604253
18,94,681075.9227813194,2276980.2485572044
18,95,681076.0262924458,2276972.698271256
18,96,681077.2397750502,2276884.1680396176
18,97,681081.0026856413,2276757.0355294915
18,98,681079.8916323611,2276703.0836515725
18,99,681083.7130898291,2276625.708008608
18,100,681129.0236689417,2276621.7644437365
18,101,681129.0612073347,2276621.761176616
18,102,681129.0987457278,2276621.757909495
18,103,681174.2637023043,2276617.0924743605
18,104,681174.2621359173,2276617.08684267
18,105,681145.7844852596,2276482.9601638583
18,106,681141.7169379645,2276453.551727279
18,107,680822.0898102919,2276478.660784247
18,108,679896.0690794387,2276520.96279561
18,109,679343.5661720561,2276547.9677070933
18,110,678789.1517217454,2276575.0660498454
18,111,678377.5225721827,2276595.1854168195
36,0,663719.5392467917,2262050.167470883
36,1,663708.7707019892,2261942.2514582025
36,2,663745.6011212943,2261937.7037406308
36,3,663700.2821504304,2261607.003893536
36,4,663583.941427739,2261621.6001962493
36,5,663530.0264082447,2261295.2132181916
36,6,663516.3589169397,2261212.4739142545
36,7,663511.6819605761,2261113.6732109003
36,8,663496.0968743137,2261081.46247312
36,9,663478.3586464445,2261018.9648443726
36,10,663429.4870516051,2261039.868591926
36,11,663371.9906158051,2261066.2858732515
36,12,663295.8466873175,2261097.365027758
36,13,663155.9904921337,2261111.350647283
36,14,663051.8753246164,2261112.9046050124
36,15,663041.0632259662,2261213.0585338078
36,16,663033.2278319227,2261300.933489766
36,17,663011.4724237858,2261395.7249110076
36,18,662995.9328465383,2261443.89760049
36,19,662972.5937820812,2261513.5110995057
36,20,662960.610959802,2261568.432368285
36,21,662951.0318158772,2261617.0306404172
36,22,662924.7626274227,2261712.0617763223
36,23,662917.0633798214,2261746.362416801
36,24,662796.2806958577,2261998.514333067
36,25,662592.9370523271,2261957.8456043606
36,26,662623.7680837598,2261759.984388379
36,27,662567.1540625187,2261754.363146393
36,28,662430.2621375024,2261740.9457179285
36,29,662387.4326274516,2261750.421481649
36,30,662360.8428659361,2261767.474019928
36,31,662502.7672918879,2261890.2210749052
36,32,662489.2590946221,2261940.0641101203
36,33,662402.4111553004,2261978.5943892132
36,34,662374.0812330369,2262050.7584249177
36,35,662398.0787732556,2262256.129400941
36,36,662092.8549130904,2262341.574047418
36,37,661776.1854444393,2262443.978606911
36,38,661745.3530669962,2262484.6189883747
36,39,661766.3230059845,2262588.4701147936
36,40,661085.0598999998,2262624.305400001
36,41,660962.9082000004,2262652.296
36,42,662153.6437186042,2263440.836014979
36,43,662649.2546044305,2263803.748670371
36,44,662918.5038261454,2263995.6926770075
36,45,662933.6652136485,2264007.9133910183
36,46,663079.9078758605,2264107.3982744864
36,47,663142.5379725689,2264141.958711017
36,48,663236.3178785434,2264166.372537795
36,49,663400.420176442,2264176.628931414
36,50,663475.7264632916,2264163.3994485885
36,51,663523.6339622235,2264133.5550316293
36,52,664055.3632471391,2263802.3093844526
36,53,664227.3621379432,2263766.611501456
36,54,664331.2105248438,2263773.102025637
36,55,664775.2861564681,2263960.217388865
36,56,664770.943538126,2263949.9688095776
36,57,664816.3772073949,2263863.9693641756
36,58,664806.6414211231,2263752.0078220484
36,59,664907.244545933,2263516.7263204767
36,60,665050.0360779213,2263364.1990022166
36,61,665077.6208056918,2263216.539577092
36,62,665155.5070958674,2262849.8249608492
36,63,665186.3370857285,2262551.26084851
36,64,665223.6575997709,2262445.789830564
36,65,665270.7139000852,2262393.865637114
36,66,665372.9396559405,2262376.0166956154
36,67,665674.0678167449,2262165.347295547
36,68,665670.597011161,2262150.969956806
36,69,665665.8224794612,2262131.192110447
36,70,665651.0788004763,2262090.194827901
36,71,665641.199659585,2262062.72421281
36,72,665630.5154023013,2262014.0514851846
36,73,664782.5263465177,2261919.4183494924
36,74,664586.1056891113,2261978.141919525
36,75,664598.2554211249,2262021.6784595526
36,76,664513.0268977138,2262052.3074605116
36,77,664468.6582805449,2262068.252432493
36,78,664490.6276871103,2262142.276532558
36,79,664465.8868607702,2262150.670271677
36,80,664484.6176773892,2262211.5574421394
36,81,664484.6175105665,2262211.560029957
36,82,664327.0487596972,2262250.390457175
36,83,664318.6263460917,2262216.820448547
36,84,664280.5768300896,2262218.0283696903
36,85,664228.6362209438,2262221.0481725475
36,86,664212.8566042162,2262234.6359906616
36,87,664205.0817586567,2262267.5531365504
36,88,664099.7861442221,2262274.015035095
36,89,664122.7359197033,2262229.4009630224
36,90,664123.4341269147,2262196.5852227756
36,91,664146.4749657676,2262159.580239115
36,92,664181.3853274869,2262157.48561737
36,93,664207.488671445,2262145.667379908
36,94,664145.5213631705,2261948.375141983
36,95,664081.1400202777,2261734.8514688564
36,96,663923.316037259,2261872.388800819
36,97,663786.4318482531,2261991.8072418943
36,98,663719.5392467917,2262050.167470883
15,0,655964.9410349401,2299317.19067573
15,1,655935.3226032248,2299324.5910129566
15,2,655797.4102115631,2299114.5722179413
15,3,655751.0975818643,2299146.6947536487
15,4,655696.0782871246,2299033.6122989673
15,5,655521.0655269623,2299099.4282131214
15,6,655555.7212429056,2299209.3338298835
15,7,655408.7270183563,2299245.9066295642
15,8,655391.0749950428,2299294.6869068164
15,9,655239.5712871552,2299376.1555957813
15,10,655256.6868991861,2299432.150495531
15,11,655091.932111741,2299472.8203029633
15,12,655137.8422985077,2299607.4511127453
15,13,654963.0310306549,2299650.9138584137
15,14,654910.437089921,2299508.811826706
15,15,654587.3488903064,2299644.0803394355
15,16,654584.4747176059,2299646.53489325
15,17,655250.0817928324,2300249.7939891834
15,18,655349.4200344086,2300322.910905838
15,19,655216.3076817188,2300854.850429883
15,20,655243.1894506421,2301023.13030334
15,21,655268.9959488083,2301116.678859191
15,22,655130.4839725504,2301133.9624195118
15,23,655077.4738903064,2301136.7591838855
15,24,655122.2560939789,2301257.3798122443
15,25,655170.6086745486,2301379.5825592577
15,26,655130.2860211637,2301394.636349855
15,27,655173.970555013,2301619.7074199766
15,28,655178.2526992755,2301641.76984589
15,29,655082.837355542,2301693.40275605
15,30,655112.8148971172,2301735.7240042947
15,31,655117.1136875162,2301741.792886736
15,32,655242.588045124,2301743.8498210907
15,33,655430.7994937897,2301748.992155075
15,34,655455.4829540262,2301781.9035549182
15,35,655482.2233562479,2301812.7578220405
15,36,655496.6220874796,2301843.61222649
15,37,655511.020757677,2301874.466550827
15,38,655547.0174198151,2301912.5202617683
15,39,655558.3307590485,2302026.681203846
15,40,655469.8816127805,2302024.624288559
15,41,655461.6538257618,2302275.5728282966
15,42,655408.1730213184,2302275.5728282966
15,43,655410.229883194,2302316.711996082
15,44,655541.8750858307,2302322.8828830756
15,45,655547.0174274473,2302437.043897629
15,46,655688.9474315671,2302414.417394642
15,47,655833.9627895365,2302398.9901714344
15,48,655833.6420918563,2302409.78705843
15,49,655889.9640195454,2302365.72101265
15,50,656036.8080632342,2302183.158147529
15,51,656064.589368795,2302135.5330522787
15,52,656120.6415907592,2302081.586255349
15,53,656240.9923114646,2301929.7434437685
15,54,656313.102798921,2301838.7638543174
15,55,656345.5748614538,2301792.7355152015
15,56,656351.3191288318,2301784.5931593943
15,57,656357.0633962089,2301776.450803591
15,58,656359.3887321269,2301773.487799568
15,59,656376.3753044028,2301751.843063593
15,60,656387.389067498,2301737.8090377487
15,61,656427.2871851679,2301686.969809629
15,62,656496.14148679,2301599.2338523585
15,63,656566.7011401281,2301509.503783392
15,64,656654.2898202417,2301403.8338409476
15,65,656684.8548391657,2301366.959169628
15,66,656685.6407960355,2301367.141942205
15,67,656717.0074977875,2301328.1357364673
15,68,656630.2734127054,2300947.20813179
15,69,657028.2309856433,2300895.181303026
15,70,657088.5646877289,2300887.7222385444
15,71,657284.6873256881,2300820.519990105
15,72,657283.1815925585,2300816.1256675813
15,73,657270.5379654011,2300779.226582084
15,74,657268.7507710056,2300754.9717215393
15,75,657268.4973606579,2300751.5325698275
15,76,657264.7432753323,2300692.0676314775
15,77,657261.2094905088,2300636.0922663715
15,78,657253.9216256272,2300498.4967534672
15,79,657253.101105635,2300483.440145254
15,80,657252.280584991,2300468.383547738
15,81,657242.2610383853,2300284.5241022687
15,82,657235.8477037549,2300220.390599761
15,83,657221.2719241232,2300155.0910316557
15,84,657200.2827996062,2300068.8023162335
15,85,657199.8169371905,2300063.4448835105
15,86,657199.1167391818,2300055.392583931
15,87,657206.696160554,2300022.1597715653
15,88,657196.6089155413,2299999.9637426957
15,89,657285.4054576969,2300008.1670263745
15,90,657297.0660949275,2300003.50277452
15,91,657320.9704004992,2299997.0894300938
15,92,657354.8586743381,2299986.6622773316
15,93,657399.3881822312,2299981.056073446
15,94,657411.9233668242,2299977.8494013734
15,95,657399.096669171,2299969.103920916
15,96,657395.0032378491,2299966.9597412907
15,97,657386.8530027699,2299962.6905679107
15,98,657385.1039092913,2299954.5281219054
15,99,657378.690560394,2299950.446897598
15,100,657374.6093385834,2299946.9487056583
15,101,657365.2808298254,2299946.365671618
15,102,657355.9523213431,2299944.616573924
15,103,657347.7898766147,2299942.284444673
15,104,657341.9595591063,2299939.952315986
15,105,657338.169852782,2299938.2032196
15,106,657334.0886302739,2299937.620186804
15,107,657330.0074081896,2299935.2880585287
15,108,657327.6752811754,2299934.413510233
15,109,657323.5940591516,2299931.7898660414
15,110,657320.9704164434,2299930.0407699365
15,111,657318.638289704,2299928.0001579877
15,112,657313.6825198326,2299925.9595454168
15,113,657310.475844901,2299925.959544657
15,114,657305.8115905924,2299925.376511721
15,115,657302.6049165558,2299921.5868040808
15,116,657299.9812743338,2299917.7970965803
15,117,657298.5236957166,2299914.0073893573
15,118,657295.3170220982,2299908.4685862362
15,119,657295.0255069602,2299905.2619111147
15,120,657295.0255075833,2299902.6382678933
15,121,657292.9848973695,2299897.9740127865
15,122,657290.0697391024,2299894.7673370466
15,123,657285.4054854177,2299891.5606608875
15,124,657281.0327476999,2299888.0624688864
15,125,657276.95152603,2299883.981245123
15,126,657274.3278837297,2299880.483053535
15,127,657271.995757753,2299875.2357665338
15,128,657270.2466632351,2299871.4460592438
15,129,657265.8739255909,2299867.656351326
15,130,657260.9181559989,2299864.449675098
15,131,657252.7557116151,2299860.6599662844
15,132,657248.6744897319,2299857.453290267
15,133,657242.5526562519,2299855.4126774147
15,134,657239.0544661777,2299852.206001533
15,135,657233.2241488071,2299849.290841015
15,136,657228.8514113706,2299844.626585357
15,137,657227.9768644236,2299841.4199100994
15,138,657226.2277702475,2299836.1726232376
15,139,657223.8956442708,2299830.925336236
15,140,657217.4822943322,2299831.216850629
15,141,657209.9028805774,2299832.382912487
15,142,657142.2711875224,2299847.2502080556
15,143,657139.0645518443,2299681.9606841654
15,144,657134.9391629072,2299682.3357185517
15,145,657113.4111518096,2299684.292805396
15,146,657098.7833022121,2299464.354357032
15,147,657099.5333230868,2299459.604305722
15,148,657096.8210918438,2299415.6920207944
15,149,657096.2156784153,2299405.8900959343
15,150,657091.6043510269,2299359.2048493717
15,151,657085.8565802565,2299303.757915195
15,152,657085.2612112518,2299297.933615202
15,153,657081.2409780305,2299258.6049900856
15,154,657077.4509160304,2299221.528054673
15,155,657074.9311683401,2299196.8781881444
15,156,657073.1267857254,2299189.961381143
15,157,657066.512052537,2299189.908559801
15,158,657062.1068325052,2299148.059015276
15,159,656860.6522274008,2299192.8266239166
15,160,656880.2380619058,2299349.513586046
15,161,656745.9350566864,2299377.493299486
15,162,656667.5915584574,2299411.0691013373
15,163,656606.0360469837,2299436.250947954
15,164,656544.480524064,2299483.8165607452
15,165,656510.9047031403,2299497.8064479847
15,166,656453.5323352814,2299522.75097847
15,167,656450.1245975504,2299372.8161907215
15,168,656261.4188022623,2299399.110303879
15,169,656254.5096111298,2299318.4700984973
15,170,656240.023913404,2299264.0076984894
15,171,656236.1461925516,2299249.4284915943
15,172,656041.5892368043,2299298.0396772213
15,173,655964.9410349401,2299317.19067573
32,0,673865.8521807042,2276507.3393896
32,1,673817.5293737983,2276498.375330206
32,2,673513.1092303839,2276462.0335234385
32,3,673439.4322536121,2276472.146049662
32,4,673464.1137808784,2276589.096330364
32,5,673458.0499756294,2276637.1949088476
32,6,673431.3857985464,2276689.0437590354
32,7,673383.4595696963,2276685.045357937
32,8,673346.8680498047,2276721.6368778287
32,9,673361.9028858978,2276806.822512776
32,10,674914.3584848358,2277744.891902327
32,11,674914.3584848355,2277744.891902328
32,12,675472.1952820233,2278190.1788633196
32,13,676531.1063071347,2278445.1533687757
32,14,676692.81036501,2278383.02337123
32,15,676772.9476385652,2278352.3936800873
32,16,676887.2050514291,2278316.2121660146
32,17,677031.9311077229,2278260.987749798
32,18,677090.9641043704,2278228.614816154
32,19,677244.2594666266,2278123.878854362
32,20,677284.2495611304,2278092.4580658246
32,21,677325.1918007392,2278060.0851321784
32,22,677570.8452383964,2277869.65611074
32,23,677691.9401436851,2277774.9715817175
32,24,677912.6323741873,2277599.5411628224
32,25,678123.5744100792,2277346.4107197523
32,26,678298.818562974,2276911.545599606
32,27,678377.5225721827,2276595.1854168195
32,28,678366.7233500115,2276466.749087884
32,29,678333.9529466198,2276334.3661898416
32,30,678299.8291498168,2276189.6445408175
32,31,678289.5175054374,2276145.9120632247
32,32,678272.9037398482,2276075.4518044814
32,33,678250.9199297866,2275956.7248683716
32,34,678247.2242591874,2275831.4186460124
32,35,678257.8843863722,2275727.0603460977
32,36,678266.4436786381,2275691.0298342523
32,37,678285.0470954806,2275612.7183792554
32,38,678312.557695203,2275552.0661342787
32,39,678357.2697829807,2275446.7823749706
32,40,678420.5650511482,2275292.7638890897
32,41,678714.6998537728,2274638.438153171
32,42,678257.4414713143,2274658.5223931717
32,43,676361.3970948557,2275610.195501253
32,44,674978.9154442415,2275807.3451732597
32,45,674841.3053048243,2275862.4494522824
32,46,673866.6018626734,2276252.7573952004
32,47,673888.5073817852,2276350.1152579198
32,48,673801.960696954,2276337.677970566
32,49,673864.7783742546,2276446.6693251985
32,50,673865.8521807042,2276507.3393896
17,0,664558.378871189,2266252.4822628885
17,1,664515.8832785087,2266252.2238981137
17,2,664441.9813641341,2266236.7886485117
17,3,664383.1714000003,2266222.4343
17,4,664290.0000999998,2266210.999399999
17,5,664215.2162321035,2266192.75658404
17,6,664099.9996999996,2266135.000600001
17,7,664051.3831000002,2266098.460000001
17,8,664007.9912999999,2266032.5786000006
17,9,663975.9348999998,2265989.939099999
17,10,663884.9989,2265924.9977
17,11,663849.7500969862,2265884.532132736
17,12,663768.0009000003,2265806.998400001
17,13,663696.9994999999,2265751.001599999
17,14,663625.4934,2265709.8740999997
17,15,663583.3561069309,2265644.557381364
17,16,663575.6612999998,2265576.4361000005
17,17,663531.9998000003,2265497.999500001
17,18,663467.0009000003,2265423.0022
17,19,663351.2942000004,2265359.102499999
17,20,663216.6870999997,2265283.3652999997
17,21,662991.9989,2265166.9997000005
17,22,663010.9392687954,2265102.962988359
17,23,663032.9553010314,2265091.9549722406
17,24,663059.3745397145,2265091.9549722406
17,25,663114.4146203045,2264904.818698235
17,26,663112.2130170809,2264856.383427316
17,27,663134.2290493168,2264845.375411198
17,28,663156.2450815529,2264838.770601527
17,29,663209.0835589193,2264706.6744081113
17,30,663239.9060040496,2264671.4487565337
17,31,663288.3412749687,2264618.610279167
17,32,663334.5749426642,2264559.16699213
17,33,663365.3973877947,2264574.578214695
17,34,663391.8166264779,2264576.779817919
17,35,663484.283961869,2264479.9092760803
17,36,663552.5336618006,2264409.457972925
17,37,663583.3561069309,2264354.4178923354
17,38,663596.5657262724,2264297.1762085217
17,39,663609.7753456141,2264261.950556944
17,40,663581.1545037073,2264217.9184924723
17,41,663523.6339622235,2264133.5550316293
17,42,663475.7264632916,2264163.3994485885
17,43,663400.420176442,2264176.628931414
17,44,663236.3178785434,2264166.372537795
17,45,663142.5379725689,2264141.958711017
17,46,663079.9078758605,2264107.3982744864
17,47,662933.6652136485,2264007.9133910183
17,48,662918.5038261454,2263995.6926770075
17,49,662649.2546044305,2263803.748670371
17,50,662153.6437186042,2263440.836014979
17,51,660962.9082000004,2262652.296
17,52,660806.7334000003,2262648.1941
17,53,660672.762358605,2262680.006244883
17,54,660445.3421921087,2262797.8472799715
17,55,660362.335662283,2262840.8583090478
17,56,659841.5996072163,2263093.2810330065
17,57,659821.3869084894,2263109.0554936533
17,58,659677.2662048348,2263221.5306459763
17,59,658865.589398958,2263854.982121462
17,60,658854.6259511004,2263863.5382514037
17,61,658852.199274513,2263869.893832942
17,62,658799.7940813161,2264007.1455294103
17,63,658760.6284600416,2264659.9058839846
17,64,658750.8650288816,2264769.1342700864
17,65,658724.6998636394,2265061.8570562336
17,66,658718.8517973488,2265127.2822978594
17,67,658695.5074493976,2265154.297412737
17,68,658572.1344789506,2265297.0700862906
17,69,658551.2944574902,2265321.1870834744
17,70,658826.5372735113,2265725.7227727417
17,71,659023.0381225805,2265796.3616612977
17,72,659111.8135308025,2265857.7211346277
17,73,659156.2012349135,2265924.302690794
17,74,659174.9255745197,2265992.178421866
17,75,659177.08956626,2266000.0228919247
17,76,659248.8932052631,2266040.4940339085
17,77,659365.0845483773,2266086.1872587283
17,78,659373.752824257,2266151.6122479113
17,79,659348.7886111755,2266195.549262935
17,80,659384.6673590146,2266492.204199274
17,81,659482.5814122007,2266629.2838737345
17,82,659483.8869329098,2266712.83719912
17,83,659263.2539330637,2266778.1132345772
17,84,659251.5042466815,2266731.1144890483
17,85,658640.5205548,2266799.001565924
17,86,658013.870614409,2266865.5831220904
17,87,658085.674253412,2267214.157151433
17,88,658033.4534250462,2267241.573086325
17,89,657900.290312713,2267344.709222348
17,90,657901.2978087922,2267350.523914005
17,91,657945.9835375334,2267608.4244055958
17,92,658172.4933225347,2267579.4720270615
17,93,658293.2520461668,2267564.0367014846
17,94,658462.9697383561,2267705.0329380725
17,95,658734.5180458588,2267814.696677641
17,96,659127.4797793124,2267817.3077190593
17,97,659400.3336075244,2268203.7418489675
17,98,659603.9948381514,2268219.4080974776
17,99,659700.6033706284,2268361.7098547746
17,100,659483.8869329098,2268676.3403456793
17,101,659330.4882495849,2268737.0470586545
17,102,659006.7191137163,2268697.8814373803
17,103,658583.730403952,2268738.3525793646
17,104,658398.346463253,2268931.569644319
17,105,658348.1111046874,2268998.9907834465
17,106,658299.1268893577,2269064.732756652
17,107,658194.6852326258,2269197.895868985
17,108,658150.2975285149,2269383.279809684
17,109,658145.0754456782,2269534.720211945
17,110,658187.7674000002,2269628.9066000003
17,111,658389.0505280851,2269723.122870222
17,112,658623.9127450831,2269923.1271912665
17,113,658670.7709002992,2270134.5603306564
17,114,658749.4971881624,2270241.1257316587
17,115,659088.1750202179,2270256.661412028
17,116,659271.4960485782,2270141.697377294
17,117,659278.3069764392,2270115.3050318323
17,118,659308.7816814651,2269997.2155498574
17,119,659319.6566577237,2269947.501372675
17,120,659431.5135563842,2269821.662361682
17,121,659443.9421006799,2269812.34095346
17,122,659552.6918632665,2269748.644663945
17,123,659622.6024249294,2269712.912599095
17,124,659763.977116292,2269627.4663570626
17,125,659908.4589437286,2269621.252084915
17,126,660021.869410426,2269601.055700435
17,127,660203.6368707494,2269559.109363437
17,128,660245.5832077471,2269524.930866624
17,129,660298.4045210034,2269434.823920481
17,130,660635.528785022,2269371.127630966
17,131,660787.7784526432,2269455.020304961
17,132,661007.1721117366,2269546.912937042
17,133,661084.509947701,2269579.305747917
17,134,661274.0452482091,2269583.9664520277
17,135,661497.7590455302,2269597.9485643604
17,136,661628.2587606341,2269629.0199250993
17,137,661738.5620912577,2269761.073208241
17,138,661869.0618063615,2269876.037242975
17,139,662060.1506749066,2270074.893951705
17,140,662372.4178503338,2270121.5009928136
17,141,662479.6140448835,2270135.4831051463
17,142,662470.2926366618,2269908.6621717513
17,143,662681.5778896871,2269748.6446639453
17,144,662707.6016257869,2269734.570602585
17,145,662833.8275573085,2269666.3055579867
17,146,662848.139072083,2269665.3002036433
17,147,662848.1390720832,2269665.3002036433
17,148,663209.7910222508,2269639.8949013585
17,149,663348.0585775395,2269456.5738729993
17,150,663501.8618131977,2269350.9312464865
17,151,663579.5402150453,2269299.663501267
17,152,663612.263778136,2269213.2397320787
17,153,663761.3076753687,2268819.6109778485
17,154,663773.7362196643,2268720.1826234837
17,155,663758.2005392949,2268648.718493784
17,156,663724.0220424819,2268602.1114526754
17,157,663761.3076753687,2268145.3624498113
17,158,664003.6642891332,2268108.076816925
17,159,664382.0299528751,2267978.2725381227
17,160,664429.341931258,2267962.041421451
17,161,664503.2094156477,2267596.020768415
17,162,664600.567278367,2267339.645063254
17,163,664571.3599195513,2267177.381958722
17,164,664954.3008462472,2267131.948289453
17,165,664937.583502574,2267008.3783589574
17,166,664944.7934865861,2266981.4092705506
17,167,664952.3048551179,2266961.8212652965
17,168,664978.0437306738,2266901.622603247
17,169,664982.2103880998,2266891.1455606758
17,170,664985.6771401078,2266880.7278965893
17,171,664991.5441302098,2266861.141869863
17,172,664995.5209651068,2266845.2153170677
17,173,664998.905618246,2266829.8242929312
17,174,665001.0210978582,2266814.225787297
17,175,665001.5649462489,2266810.2157168533
17,176,665001.3496918799,2266798.532917688
17,177,665001.034960151,2266781.450908949
17,178,665000.7756880398,2266767.379793904
17,179,665000.5559700171,2266755.454895043
17,180,664999.8468372,2266749.2154160263
17,181,664996.8376715353,2266723.2628681087
17,182,664993.6576289191,2266703.1512385267
17,183,664987.4825401118,2266680.4621183337
17,184,664978.7958615851,2266657.185711717
17,185,664968.6354588316,2266635.6649172627
17,186,664955.7927269797,2266610.699271086
17,187,664946.6465747026,2266593.5936846607
17,188,664937.6569996907,2266577.0059801927
17,189,664929.808227373,2266564.130276018
17,190,664920.3141282443,2266549.6987871584
17,191,664905.063807741,2266528.141368131
17,192,664889.1966594778,2266505.9859098685
17,193,664558.378871189,2266252.4822628885
24,0,658091.9012511045,2279433.0469364747
24,1,658037.0247000383,2279711.395468308
24,2,658030.534175857,2279886.639621203
24,3,658004.5720791317,2279977.5069597405
24,4,658100.4659430606,2280129.9660758446
24,5,658146.8822457482,2280156.972442946
24,6,658231.8549476757,2280254.691101587
24,7,658295.5844764283,2280318.4206635803
24,8,658380.5571979076,2280335.4152299054
24,9,658427.2921928607,2280352.409786975
24,10,658457.0326261842,2280437.38252292
24,11,658495.270341348,2280484.117532987
24,12,658503.7675953318,2280560.5929908943
24,13,658563.2484908456,2280611.5766425435
24,14,658626.9780236564,2280658.3116587843
24,15,658736.1957941437,2280757.7840480455
24,16,659327.9488211919,2280847.311409263
24,17,659348.1227507037,2280854.893525973
24,18,659653.3037871536,2280969.592590158
24,19,659860.7449093274,2280901.9013301674
24,20,659905.2242063079,2280885.662927727
24,21,659915.4458165729,2280881.9312156173
24,22,659950.9103849153,2280868.98383497
24,23,660135.8773455293,2280801.456263224
24,24,660376.0723443024,2280659.5229368783
24,25,660380.2488922491,2280646.4485102906
24,26,660403.2719293355,2280574.376465745
24,27,660611.8105926658,2280266.6817700337
24,28,660754.5181612261,2280150.1070161145
24,29,660765.2987431857,2280148.3296863805
24,30,660776.079319149,2280146.55245411
24,31,660859.9224719158,2280162.0622740947
24,32,661026.3145166171,2280201.807577532
24,33,661188.1741900534,2280783.9545892663
24,34,661270.9283733647,2281176.6313022343
24,35,661319.6073047244,2281452.478579939
24,36,661189.8682643203,2281535.6940629594
24,37,661164.8007911786,2281543.6097439686
24,38,661134.7280130116,2281572.5258636223
24,39,661132.0291717775,2281583.899539601
24,40,661122.390458976,2281600.6708909213
24,41,661107.7815166608,2281612.586618696
24,42,661098.6792312886,2281618.4061096804
24,43,661052.2206451171,2281660.623643749
24,44,661006.7259312907,2281696.8651784663
24,45,660945.809284271,2281730.407870866
24,46,660811.2599162551,2281817.3993136343
24,47,660781.6366224135,2281839.947251059
24,48,660765.762396085,2281844.0019390667
24,49,660745.9467006992,2281846.2169511425
24,50,660723.9145622875,2281843.6048522
24,51,660719.8890752769,2281843.123810442
24,52,660707.5318332368,2281841.647138301
24,53,660680.95850319,2281840.794305173
24,54,660659.4405924855,2281843.594035161
24,55,660627.7662776662,2281843.894435158
24,56,660591.6532999018,2281835.1413748474
24,57,660574.1623104367,2281830.7702348316
24,58,660543.579157903,2281835.2864748808
24,59,660514.6811747607,2281841.0202612393
24,60,660464.1629409369,2281860.3668239536
24,61,660438.5443112273,2281878.1470454596
24,62,660412.4000464405,2281891.7169883475
24,63,660393.0931160371,2281899.9448451847
24,64,660387.616933566,2281906.2906963546
24,65,660440.1412781598,2282179.417288242
24,66,660375.236036347,2282293.0014614146
24,67,660439.6106125189,2282780.502076704
24,68,660430.3058142092,2282777.7104852917
24,69,660311.2696709181,2283128.206597477
24,70,660320.5971743742,2283177.286547769
24,71,660347.4956713959,2283297.96461835
24,72,660348.273521871,2283301.454417173
24,73,660367.8521541853,2283399.566954335
24,74,660400.7069617857,2283553.378235841
24,75,660405.5451660162,2283575.706331464
24,76,660415.8666599813,2283623.3394783414
24,77,660428.8839033395,2283683.4142820477
24,78,660438.9448913329,2283729.8446344337
24,79,660443.4685978671,2283743.5877752323
24,80,660458.2058019496,2283767.6585418982
24,81,660473.115693822,2283796.2381357728
24,82,660542.5897682874,2283875.0118895075
24,83,660576.5062455852,2283911.663566594
24,84,660605.2621568823,2283946.960569031
24,85,660627.0419845304,2283976.95920819
24,86,660658.5473963104,2284010.519320742
24,87,660672.9303016905,2284021.0667846887
24,88,660677.3136633297,2284023.5324256113
24,89,660727.1010534724,2284050.9058828144
24,90,660752.1406359487,2284058.390707166
24,91,660767.7417350376,2284086.8783894735
24,92,660795.6272384325,2284137.2122523817
24,93,660819.5829640635,2284180.40628124
24,94,660838.036628399,2284213.679856236
24,95,660843.9247346116,2284224.2917340375
24,96,660867.8862498525,2284267.4751939513
24,97,660870.9749695569,2284273.0412880383
24,98,660887.000201816,2284301.9224716453
24,99,660910.9615236662,2284345.1060342058
24,100,660917.021542023,2284356.0272596735
24,101,660935.3013393497,2284388.9696129193
24,102,660940.0519432027,2284397.5307883895
24,103,660945.1808598728,2284406.7769884374
24,104,660957.9257223812,2284429.746328352
24,105,660970.6705244516,2284452.7160767354
24,106,660979.2965576259,2284468.262010826
24,107,660982.5191201385,2284474.06974926
24,108,661000.2568322134,2284506.035272323
24,109,661002.1624353344,2284509.492286677
24,110,661030.1286364301,2284560.226233327
24,111,661039.6734669427,2284577.5407397687
24,112,661090.8257255596,2284673.505115515
24,113,661103.3627709,2284697.025490882
24,114,661124.4412818655,2284733.9755420797
24,115,661167.7645966501,2284814.9588651857
24,116,661236.853121414,2284933.833487678
24,117,661703.7013999997,2285152.2477
24,118,661711.2982928754,2285154.828982606
24,119,661872.9457264581,2285209.753767698
24,120,662585.749320607,2285158.4232690153
24,121,662594.8656257382,2285157.868899109
24,122,662983.8737926321,2285134.2129970677
24,123,663140.9715572689,2285152.5052025397
24,124,663259.3328867899,2285190.1656255685
24,125,663458.3951228024,2285432.2683450435
24,126,663732.1758773522,2285482.1185980397
24,127,664202.9954866978,2285567.8458679495
24,128,664342.5183872536,2284220.7684032572
24,129,664790.13941526,2284249.820729594
24,130,664826.7238262029,2283994.5368620595
24,131,665673.5453383217,2284054.2555328635
24,132,665692.5548851843,2283710.6490065563
24,133,665702.2389939631,2283680.5206681336
24,134,665729.4979668225,2283635.6868311935
24,135,666041.5414719238,2283836.9010913796
24,136,666020.0212301926,2283756.200184888
24,137,665740.8985918104,2283256.3145798948
24,138,666748.9873205489,2282496.140232848
24,139,667058.1565410285,2282268.7941566794
24,140,667434.005293377,2282025.188483861
24,141,667384.2050301862,2281856.633746907
24,142,667346.9427046746,2281872.6033149837
24,143,667055.5623884111,2281857.4128719554
24,144,666844.2771353859,2281857.4128719554
24,145,666679.3689894364,2281883.6317096045
24,146,666558.9817724888,2281873.037634513
24,147,666483.8493508137,2281824.270087167
24,148,666392.7066926459,2281415.5090747788
24,149,666286.9325121468,2281021.539016017
24,150,666273.8709224854,2280992.4828588623
24,151,666253.8379400787,2280975.1209407765
24,152,666217.1850018972,2280975.566118163
24,153,666129.6334491561,2280994.263568409
24,154,665988.3638250724,2280979.721107106
24,155,665939.0975275979,2280930.751594556
24,156,665916.279161315,2280946.676764962
24,157,665830.2378192323,2281005.4470910416
24,158,665804.2341803715,2280864.674305358
24,159,665737.9409529058,2280862.908626176
24,160,665710.8137000202,2280861.6244958616
24,161,665642.7547933725,2280861.6244958616
24,162,665606.946503291,2280837.5817650342
24,163,665542.0418830806,2280677.3916385574
24,164,665312.8042882951,2280595.915625953
24,165,664945.471756892,2280450.915942504
24,166,664391.7110610548,2280798.915182781
24,167,664270.9966793074,2280876.561964035
24,168,663182.6418451428,2279094.0450133802
24,169,661451.6698604621,2276259.044141472
24,170,661132.6705568754,2275702.5215469026
24,171,661121.622961946,2275708.045344367
24,172,660519.5290382925,2275989.7590150675
24,173,660615.6700622285,2276098.9749046625
24,174,660855.6752474819,2276210.9773244476
24,175,660953.9630852523,2276485.268964737
24,176,660916.2479847125,2276663.5585309253
24,177,660892.2474661872,2276796.132823732
24,178,660720.8151910062,2276903.5637161788
24,179,660308.2595699708,2276552.197042373
24,180,660138.5168963082,2276747.5603457643
24,181,660136.2311326391,2276810.990287581
24,182,659996.3517574233,2276803.323904029
24,183,659895.6545064681,2276706.9880406377
24,184,659155.6385186038,2276711.5595679763
24,185,658962.3622002462,2276789.2666871366
24,186,658910.4903650947,2276828.7049560165
24,187,658835.0601640152,2276841.2766561965
24,188,658640.1988112261,2277182.426883807
24,189,658677.8399407209,2277343.654451723
24,190,658086.7007323625,2278129.311197755
24,191,658809.6310431957,2278301.59392028
24,192,658575.2405076848,2279188.9018757464
24,193,658091.9012511045,2279433.0469364747
27,0,680104.0662341107,2272452.0801625764
27,1,680066.3074441958,2272429.517690582
27,2,679981.8078638016,2272379.0256290096
27,3,679887.6444729464,2272322.759005175
27,4,679861.8842583362,2272332.65396199
27,5,679857.1962385849,2272334.4547137963
27,6,679795.6842481135,2272358.0825638985
27,7,679760.7121765164,2272371.5458891285
27,8,679690.4417199221,2272400.7665035673
27,9,679666.8688516065,2272422.1355809746
27,10,679646.8982721101,2272433.6570573356
27,11,679619.502731334,2272441.8501162576
27,12,679593.9624688767,2272447.692333638
27,13,679568.905424827,2272455.591479321
27,14,679585.9623947438,2272513.283361491
27,15,679620.5216591214,2272626.563958172
27,16,679630.7681889778,2272632.0826903996
27,17,679643.4187524032,2272706.871736885
27,18,679655.6420665905,2272780.8315258804
27,19,679691.7040647257,2272770.5965928333
27,20,679717.8425537266,2272872.6265381267
27,21,679710.7302715238,2272874.563618362
27,22,679735.0296920185,2272994.6920111133
27,23,679873.4589195248,2272965.642340671
27,24,679858.0273706256,2273056.775640182
27,25,679848.168596417,2273115.12005211
27,26,679844.7627931675,2273135.287469172
27,27,679847.6307863479,2273203.40275856
27,28,679830.0642069115,2273223.837340283
27,29,679846.8241338588,2273290.429002047
27,30,679851.8219522167,2273297.2402452636
27,31,679856.8197705746,2273304.0514884777
27,32,679862.2371572424,2273304.19069787
27,33,679871.9457038278,2273304.440176256
27,34,679881.6542504131,2273304.6896546395
27,35,680046.0115895648,2273314.503135091
27,36,680170.1060252181,2273321.9125944995
27,37,680178.0560262754,2273325.311346983
27,38,680221.1873834606,2273343.7506913724
27,39,680241.5827658952,2273353.6400200804
27,40,680278.5580548495,2273381.7324762056
27,41,680295.026444747,2273388.6617637966
27,42,680323.1594102106,2273393.6372667914
27,43,680459.4061415558,2273345.4777221926
27,44,680498.9057730074,2273340.5396440723
27,45,680517.5799622424,2273351.9593497096
27,46,680527.9451975212,2273338.4435583553
27,47,680032.9377774979,2273997.03583677
27,48,680285.941811424,2274348.424013094
27,49,680343.9284436426,2274317.734709135
27,50,680357.9480142622,2274311.213853797
27,51,680386.9647024185,2274297.7174614314
27,52,680426.5590128413,2274280.864498533
27,53,680467.9243413387,2274253.805762722
27,54,680482.606402241,2274249.557568375
27,55,680703.9651355252,2274118.0945768193
27,56,680817.202465996,2274090.7288886216
27,57,680862.4973981852,2274082.7079110453
27,58,680908.752262647,2274075.971765736
27,59,680818.4965600355,2273748.9979754235
27,60,680873.8419012236,2273738.663371312
27,61,680927.5335813679,2273728.515691475
27,62,680929.424614606,2273728.231441983
27,63,680936.4504052888,2273727.1753645996
27,64,680985.6411755547,2273717.4982460416
27,65,681035.2447897061,2273706.67859375
27,66,681070.745637801,2273703.7313229744
27,67,681122.6843884038,2273696.222106019
27,68,681135.8255180747,2273795.719230667
27,69,681196.289356709,2273790.983969199
27,70,681187.6247293804,2273694.951322726
27,71,681190.1880906273,2273645.3468197123
27,72,681239.6054928014,2273646.7587582003
27,73,681253.7933757242,2273646.4815381714
27,74,681253.1164752343,2273639.999578623
27,75,681185.2316510925,2272989.9384683976
27,76,681086.1663841028,2272096.5207603266
27,77,680911.3411456593,2270978.7856292953
27,78,680374.1930716233,2271210.5206254236
27,79,680015.8528987014,2271310.6450855047
27,80,680041.5243056464,2271578.768669152
27,81,680043.1469366921,2271812.427539679
27,82,680104.0662341107,2272452.0801625764
16,0,669548.6617958625,2297194.105395748
16,1,669566.1997241973,2297208.0539875054
16,2,669552.1798992158,2297226.631292345
16,3,669574.3886165633,2297272.1815166497
16,4,669647.9637889864,2297183.0746860513
16,5,669764.6412029275,2297262.175500871
16,6,669807.0660991682,2297251.4094905877
16,7,669832.1707019812,2297215.1948070526
16,8,669855.3300991053,2297195.6983089447
16,9,669868.947599411,2297189.5352039356
16,10,669877.5420093545,2297199.71750832
16,11,669843.7249126441,2297319.261194231
16,12,669873.1870975499,2297332.4166164394
16,13,669894.8758182523,2297331.943716049
16,14,669906.6089115143,2297361.638906479
16,15,669923.651910783,2297419.3881015778
16,16,669927.2933940897,2297452.437505726
16,17,669949.6231060027,2297501.044698715
16,18,669976.6229877485,2297513.9735889435
16,19,670026.3668994921,2297517.704893111
16,20,670096.5010967262,2297517.509588244
16,21,670130.079610825,2297530.9391117124
16,22,670161.9279041302,2297567.3002986917
16,23,670213.8743038182,2297594.1855869293
16,24,670290.161802293,2297627.9221172333
16,25,670268.7420711529,2297667.834619524
16,26,670252.4789714814,2297699.2169971466
16,27,670242.120847704,2297720.541322712
16,28,670233.2778186803,2297740.8654346466
16,29,670209.8648891455,2297804.547410965
16,30,670201.3487758636,2297857.403486254
16,31,670199.5063610093,2297881.371564865
16,32,670201.4457073234,2297914.7189960503
16,33,670232.8016948712,2297962.8390026116
16,34,670278.0357265493,2298014.40874672
16,35,670292.3745174401,2298028.9826869983
16,36,670305.5043010721,2298039.637594224
16,37,670328.7984523776,2298060.959962847
16,38,670375.7804927831,2298110.5817890167
16,39,670397.1609210953,2298111.7259082817
16,40,670466.137269974,2298156.6607990284
16,41,670486.1279964449,2298170.2463970203
16,42,670535.8591938019,2298218.811048509
16,43,670583.8351001744,2298263.304506303
16,44,670621.5241909031,2298297.7934970884
16,45,670648.8307018296,2298303.2650089287
16,46,670703.7569866179,2298300.2816410083
16,47,670743.4962024698,2298297.447912219
16,48,670778.4222049708,2298319.6859989166
16,49,670875.9271068571,2298410.1121959705
16,50,670906.7540874478,2298463.363939287
16,51,670933.9741840367,2298479.6259441413
16,52,670981.3111057277,2298505.45630455
16,53,671027.3627109542,2298490.4215107
16,54,671062.1786212935,2298452.31151009
16,55,671103.706193925,2298437.315610889
16,56,671118.8295993797,2298451.180612566
16,57,671136.4880199452,2298488.7140102386
16,58,671147.9125118272,2298505.400510788
16,59,671166.6290149705,2298530.091814041
16,60,671173.1972141288,2298561.994508744
16,61,671195.120206834,2298600.3045177464
16,62,671194.1406002049,2298642.2219371796
16,63,671196.0549106614,2298659.8108043675
16,64,671202.2963161475,2298695.741765974
16,65,671210.0580234523,2298724.335355758
16,66,671224.1485118866,2298772.9774150862
16,67,671236.5537433631,2298783.5383090973
16,68,671247.6716670988,2298794.6601734185
16,69,671273.6223125474,2298779.089788437
16,70,671283.0708599095,2298778.039934162
16,71,671290.969919204,2298774.2241039276
16,72,671298.3484935765,2298766.185335161
16,73,671314.5436382296,2298749.767999651
16,74,671332.3759021774,2298734.9742984753
16,75,671349.182798384,2298737.095609666
16,76,671364.7731914531,2298754.105516436
16,77,671384.8641948681,2298759.5998859424
16,78,671405.6529140486,2298763.2429142003
16,79,671423.0217113509,2298770.5394687667
16,80,671461.2841205603,2298779.1135959635
16,81,671497.2658901212,2298761.0439891815
16,82,671529.188100815,2298757.125120163
16,83,671551.8026447302,2298757.043729785
16,84,671577.1061077123,2298758.4451580057
16,85,671592.8185939783,2298760.833887102
16,86,671619.0024013522,2298781.777109146
16,87,671710.6286067974,2298788.456991196
16,88,671749.5429210686,2298816.4578037267
16,89,671781.0730037706,2298869.1003017463
16,90,671794.4213657387,2298877.034738542
16,91,671799.5303478228,2298880.071622848
16,92,671819.1564693464,2298880.071619034
16,93,671863.2634716036,2298847.571729658
16,94,671883.157007218,2298845.878747942
16,95,671867.9063320166,2298812.750371933
16,96,671887.4388217926,2298743.503431324
16,97,671914.0577602382,2298758.6883449573
16,98,671955.8475589756,2298822.8341121674
16,99,672015.1400394444,2298884.5042552985
16,100,672097.1456966391,2298922.51291466
16,101,672154.4031429292,2298939.0290012364
16,102,672168.5664234167,2299018.8219738025
16,103,672197.9535427082,2299074.876630786
16,104,672230.2723331454,2299088.482545855
16,105,672320.3436294462,2299089.406073377
16,106,672332.7965499061,2299069.3731252733
16,107,672380.7148135806,2298993.1120906114
16,108,672394.0526821887,2298959.47748977
16,109,672396.3723210223,2298917.144281499
16,110,672395.7924281317,2298863.212933051
16,111,672394.6623744231,2298850.4594314843
16,112,672391.7330914268,2298817.4002812896
16,113,672398.6919876772,2298768.1081905626
16,114,672410.5383331768,2298739.264684871
16,115,672423.0480924197,2298718.81610436
16,116,672442.7649343072,2298697.359551559
16,117,672472.9201047741,2298662.565141141
16,118,672501.5838971421,2298636.0450159204
16,119,672522.2122077647,2298615.59268931
16,120,672537.0179638328,2298589.7143445783
16,121,672547.130100068,2298556.007254509
16,122,672557.2422383566,2298514.4351761453
16,123,672574.0957981664,2298460.503832207
16,124,672587.3279954608,2298429.34845847
16,125,672610.0500454949,2298397.583935183
16,126,672643.7571419538,2298378.4832580984
16,127,672688.9556736834,2298359.749716454
16,128,672734.4170195733,2298344.3176552164
16,129,672734.4170195734,2298344.3176552164
16,130,672762.8555432727,2298334.6640686225
16,131,672798.8097806388,2298309.9455433446
16,132,672831.3933126763,2298270.620610343
16,133,672848.995634733,2298201.5335564925
16,134,672867.3475788523,2298135.792248857
16,135,672889.7165747347,2298098.797391529
16,136,672889.7165747348,2298098.797391529
16,137,672896.5604041032,2298087.4787569153
16,138,672915.6610936933,2298070.6252155374
16,139,672945.997480734,2298052.6481073364
16,140,672972.9631598069,2298030.1767192306
16,141,673013.4116763532,2298004.334625371
16,142,673063.9723247666,2297961.6389877913
16,143,673095.4322906611,2297908.831217404
16,144,673095.4343755184,2297908.821256432
16,145,673105.544426925,2297860.517753163
16,146,673088.5502764467,2297799.6750460365
16,147,673048.2423981703,2297758.2728902404
16,148,672967.3453862227,2297729.060055401
16,149,672869.6504297627,2297718.614675214
16,150,672785.7206320836,2297661.124266662
16,151,672772.8083608386,2297631.917917135
16,152,672770.6409693311,2297620.3779782588
16,153,672768.4735778236,2297608.8380393824
16,154,672765.7373643254,2297580.8836683137
16,155,672777.4199189193,2297517.5520154755
16,156,672788.0733571425,2297488.395259765
16,157,672791.1163542948,2297479.8246157607
16,158,672811.4168831867,2297422.6478924383
16,159,672820.6981773279,2297395.438491229
16,160,672827.9248427126,2297374.2525192234
16,161,672836.872423392,2297325.0564719466
16,162,672845.4433899303,2297248.9676680584
16,163,672847.0424306339,2297198.7125149034
16,164,672844.9273171811,2297167.1096490575
16,165,672843.1469306557,2297146.4946091203
16,166,672836.4415305791,2297050.450577169
16,167,672836.2023438436,2297047.0246132785
16,168,672841.2926243276,2296906.6940905745
16,169,672855.1422721511,2296822.385077299
16,170,672863.7350411383,2296780.947868644
16,171,672870.845526309,2296730.6934680375
16,172,672871.9187900893,2296721.8714390886
16,173,672873.032490755,2296673.027482929
16,174,672863.9330926974,2296632.1593838735
16,175,672848.130262013,2296583.563826475
16,176,672816.6181667303,2296531.914697075
16,177,672799.8937095975,2296512.047005333
16,178,672772.759330011,2296485.4149647467
16,179,672685.7550156805,2296429.7927325857
16,180,672583.9120213516,2296358.7786777904
16,181,672525.49730372,2296298.7413291135
16,182,672486.5541586323,2296165.6855833973
16,183,672506.0257311761,2295988.818799457
16,184,672510.8936243121,2295899.5740919644
16,185,672449.2336445899,2295656.179435166
16,186,672442.7431204086,2295557.1989414017
16,187,672530.8574510333,2295315.7009150824
16,188,672532.3032063189,2295258.0334412702
16,189,672532.448486041,2295229.0106072635
16,190,672524.2262349378,2295194.4600540013
16,191,672520.9662129207,2295180.7611821312
16,192,672494.3005873561,2295124.1975611863
16,193,672485.5138951533,2295112.0718666585
16,194,672454.3584711887,2295068.2150716376
16,195,672399.0628617255,2295026.943102749
16,196,672353.90308631,2294993.266478034
16,197,672263.9232995972,2294918.2186878724
16,198,672194.0119718942,2294812.6439066264
16,199,672189.8823295973,2294803.8480535583
16,200,672173.3984985482,2294758.6534837754
16,201,672163.8747343577,2294706.1477579977
16,202,672160.2262302921,2294686.033085271
16,203,672170.0241587556,2294610.1807879936
16,204,672191.5034258768,2294528.7230622363
16,205,672224.6992560134,2294464.2456780192
16,206,672237.4239950061,2294439.5299868695
16,207,672260.5633674039,2294412.4913117723
16,208,672335.7352289888,2294331.506388095
16,209,672393.4868484258,2294272.2923562853
16,210,672418.3175192355,2294248.2332465975
16,211,672467.9914559913,2294198.1746233553
16,212,672520.9597162065,2294141.142156204
16,213,672581.8724229874,2294056.550595755
16,214,672608.6030944298,2294000.9681357956
16,215,672614.4075999935,2293988.407858153
16,216,672484.2233257596,2294011.952617315
16,217,672341.8664530047,2294041.465422881
16,218,672260.3820049919,2294056.9176936853
16,219,672184.5365336138,2294071.3006194094
16,220,672154.275432453,2294077.03917127
16,221,672059.4077626815,2294095.0293640224
16,222,672000.5982436343,2294106.18168374
16,223,671963.9012835429,2294113.140697151
16,224,671865.9957798268,2294131.70697201
16,225,671772.8239189945,2294147.534333724
16,226,671730.8573519755,2294154.6633121935
16,227,671700.3007425235,2294159.139866329
16,228,671661.089270648,2294164.8843608876
16,229,671606.3177716513,2294171.7601040024
16,230,671526.337689156,2294179.445088152
16,231,671463.2071204652,2294185.5110698314
16,232,671355.5740173126,2294195.209472429
16,233,671278.7990157162,2294202.058509337
16,234,671165.4430396504,2294215.3944827323
16,235,671175.5015998232,2294405.274159353
16,236,671177.4336224796,2294426.6750885327
16,237,671183.5084919058,2294496.3376368424
16,238,671027.0849546122,2294516.9759430327
16,239,670988.1345247332,2294522.11500914
16,240,670987.0914473874,2294531.9959305055
16,241,670981.1448508064,2294574.8113459507
16,242,670978.1842243674,2294596.127816526
16,243,670970.2241376338,2294656.1800265186
16,244,670969.3814280161,2294662.5375671526
16,245,670960.6298757833,2294728.5607237145
16,246,670951.3475689735,2294787.7268302515
16,247,670944.5478628299,2294792.481589555
16,248,670942.4589265834,2294798.573164041
16,249,670938.7674818136,2294825.284186114
16,250,670895.153758202,2294818.1306005525
16,251,670832.9458816022,2294807.927175329
16,252,670774.9080391296,2294803.385068047
16,253,670729.2777374559,2294799.813988965
16,254,670705.539232689,2294806.4247054416
16,255,670663.9630532651,2294821.1343948
16,256,670654.1558859291,2294824.604179348
16,257,670581.1374496864,2294835.4217065875
16,258,670493.2198154966,2294809.7181866374
16,259,670416.9911658543,2294787.4320476265
16,260,670392.9872508359,2294781.1112019625
16,261,670336.8038546238,2294766.316674658
16,262,670329.9300179638,2294764.506617399
16,263,670307.243220154,2294766.760266986
16,264,670295.5242209306,2294733.4061635123
16,265,670294.7730117979,2294697.3476763363
16,266,670269.5320752456,2294684.126224604
16,267,670209.2359205376,2294665.432012931
16,268,670131.8455844694,2294644.8598761796
16,269,670082.2300825326,2294645.4817218846
16,270,669976.6745937474,2294649.9898924967
16,271,669960.3565372573,2294617.013797419
16,272,669932.4798538475,2294574.5188277676
16,273,669910.7224359582,2294566.359789377
16,274,669894.7443307405,2294566.019825566
16,275,669886.5527443315,2294569.926579719
16,276,669872.6469483429,2294576.558570581
16,277,669821.3130341487,2294581.9979125815
16,278,669813.2244477188,2294574.0487801554
16,279,669790.3767132777,2294540.5228212476
16,280,669755.3608674016,2294533.043698851
16,281,669721.364891307,2294561.600304906
16,282,669679.9964444372,2294575.5589719685
16,283,669681.8943557607,2294597.6803664253
16,284,669682.0758464969,2294630.857039414
16,285,669694.2687588495,2294693.9979483113
16,286,669706.4616711956,2294757.138857204
16,287,669712.3888174521,2294798.861402064
16,288,669711.6537933612,2294806.031462567
16,289,669725.0667951035,2294856.654781685
16,290,669731.5458479188,2294904.9068713947
16,291,669734.9009709182,2294920.118064678
16,292,669739.777470983,2294956.1259453706
16,293,669749.046446641,2295008.4198720693
16,294,669756.8511423348,2295057.996017913
16,295,669764.7721334281,2295104.385151574
16,296,669772.9332977093,2295147.5939338133
16,297,669774.3361231245,2295155.021106679
16,298,669783.2169570881,2295202.040135755
16,299,669787.1701360978,2295247.59219755
16,300,669796.1134805982,2295282.959769953
16,301,669809.3097562667,2295370.656331706
16,302,669813.2964773951,2295397.1503020073
16,303,669830.5565863629,2295489.031514444
16,304,669866.8468926223,2295699.3751828535
16,305,669878.9456924519,2295774.241788896
16,306,669888.9693512629,2295833.047347469
16,307,669899.5034233311,2295897.641969739
16,308,669920.3923389313,2296023.1690834276
16,309,669922.3841996418,2296035.1387102855
16,310,669936.2190126821,2296118.2758238874
16,311,669945.0316321763,2296168.3476029285
16,312,669953.5244031698,2296216.602058134
16,313,669960.3817882407,2296255.564533491
16,314,669966.516024694,2296290.5781302787
16,315,669983.5625514528,2296375.529504869
16,316,669986.315180498,2296395.629449891
16,317,669991.0276513777,2296430.040369297
16,318,669999.4514216202,2296491.551556579
16,319,670001.0756072433,2296497.5781464726
16,320,669982.4925480424,2296503.9991725925
16,321,670030.1630403296,2296653.712444717
16,322,670035.9244462987,2296671.806634609
16,323,669722.668554275,2297007.5868635615
16,324,669677.6275095083,2297055.866537493
16,325,669548.6617958625,2297194.105395748
20,0,685992.573516598,2275160.5641970774
20,1,685993.3495099824,2275157.6892652167
20,2,685958.5103531566,2275111.188064751
20,3,685896.0109552216,2275029.4872662635
20,4,686081.1916203763,2274936.896933686
20,5,685873.085670641,2274746.1123029753
20,6,685862.6973534711,2274737.0013123183
20,7,685858.025177754,2274732.7233797973
20,8,685713.2044011586,2274630.6366028534
20,9,685618.2399574895,2274587.902603202
20,10,685561.7384389421,2274554.7606341126
20,11,685409.5765705339,2274439.5444401223
20,12,685293.6706937215,2274426.581282847
20,13,685223.5171367035,2274450.0293467417
20,14,685168.6143529501,2274482.055970598
20,15,685146.6913663821,2274565.3633195567
20,16,685107.0393558935,2274588.620748786
20,17,684954.1503539138,2274725.1151695056
20,18,684858.642386342,2274794.5061878604
20,19,684746.4794460156,2274914.9875389202
20,20,684655.8071019204,2274977.515467038
20,21,684621.1115927438,2275008.5889175646
20,22,684562.3961156743,2275036.8028481044
20,23,684443.4400842089,2275110.769098439
20,24,684385.4871458026,2275164.1468048654
20,25,684276.3860711035,2275123.7635281933
20,26,684251.2916490192,2275093.2513228557
20,27,684201.9757368106,2275087.380380926
20,28,684108.040665937,2275106.167395101
20,29,684046.9828698692,2275135.522104749
20,30,683956.5703641535,2275130.825351205
20,31,683888.4674377702,2275128.4769744333
20,32,683814.4935694572,2275070.9417435233
20,33,683697.0747308653,2275029.8451500162
20,34,683531.6716852423,2275005.0675867824
20,35,683384.7406202109,2275014.5807010005
20,36,683300.1990564247,2274972.3099191072
20,37,683140.5094359396,2274995.793686826
20,38,683030.1357276633,2275033.3677151753
20,39,682943.2457871053,2275070.9417435243
20,40,682839.9172091443,2275110.8641486457
20,41,682785.904543392,2275134.347916364
20,42,682720.1499937805,2275150.786553767
20,43,682661.4405744845,2275174.2703214856
20,44,682551.0668662081,2275203.625031133
20,45,682338.5387683567,2275264.682827201
20,46,682305.661493551,2275294.0375368493
20,47,682255.1713929564,2275368.011405162
20,48,682225.8166833085,2275440.811085089
20,49,682194.113596889,2275582.887879785
20,50,682044.7054580473,2275593.896739005
20,51,682048.917239458,2275659.491546633
20,52,682048.0232945166,2275919.6295245653
20,53,682047.3851831863,2276105.3199216924
20,54,682009.0837763944,2276372.6637411006
20,55,681652.1146650927,2276414.7952885716
20,56,681538.1114214942,2276417.9329925235
20,57,681538.111421494,2276417.9329925235
20,58,681538.1114214939,2276417.9329925235
20,59,681401.6234646728,2276421.689541794
20,60,681157.2604893397,2276452.3306672275
20,61,681141.7169379645,2276453.551727279
20,62,681145.7844852596,2276482.9601638583
20,63,681174.2621359173,2276617.08684267
20,64,681174.2637023043,2276617.0924743605
20,65,681129.0987457278,2276621.757909495
20,66,681129.0612073347,2276621.761176616
20,67,681129.0236689417,2276621.7644437365
20,68,681083.7130898291,2276625.708008608
20,69,681079.8916323611,2276703.0836515725
20,70,681081.0026856413,2276757.0355294915
20,71,681077.2397750502,2276884.1680396176
20,72,681076.0262924458,2276972.698271256
20,73,681075.9227813194,2276980.2485572044
20,74,681074.7857329103,2277040.370604253
20,75,681076.7141563147,2277093.8845240367
20,76,681076.7960148661,2277122.2856944245
20,77,681078.4538172095,2277184.927828446
20,78,681079.2604793156,2277215.325155198
20,79,681079.4393546014,2277222.065685645
20,80,681081.0533480514,2277282.885558364
20,81,681082.0851767989,2277321.7681772653
20,82,681074.0634991534,2277333.850410884
20,83,681086.5540024086,2277471.903712938
20,84,681086.051702978,2277481.999922716
20,85,681086.0258725306,2277496.538438123
20,86,681086.3850977665,2277544.4253990646
20,87,681086.4179381733,2277554.3291636966
20,88,681086.5540472376,2277583.597577891
20,89,681086.5539783724,2277614.1332523464
20,90,681086.5540008103,2277627.485437639
20,91,681086.5544771741,2277675.990074394
20,92,681075.4156374608,2277948.027795374
20,93,681067.0271262927,2277990.5952447457
20,94,681383.4401801305,2278003.5762931085
20,95,681436.9870046261,2278034.4062829698
20,96,681667.4006130619,2278005.1989241536
20,97,681659.2874578353,2277919.1994787515
20,98,681865.0058146705,2277896.090095022
20,99,681867.6402568761,2278497.1474376167
20,100,681779.8369189983,2278517.26811813
20,101,681759.9590509152,2278771.6586107337
20,102,681788.4232996489,2278772.416204034
20,103,681795.772412499,2278857.5431147753
20,104,681824.2240434049,2278843.804899936
20,105,681845.4389123191,2279059.1364427544
20,106,682069.9635815824,2279043.225307962
20,107,682085.1498609066,2279383.732639669
20,108,682218.114413331,2279361.0957131227
20,109,683472.5068602879,2279001.8837347995
20,110,683480.6908062089,2278956.872032234
20,111,683505.0302718887,2278831.9294417445
20,112,683519.6339512966,2278557.704795085
20,113,683539.1055238405,2277970.3123566783
20,114,683561.822358475,2277799.9360969197
20,115,683612.12392088,2277726.9176998804
20,116,684162.8429681668,2277263.561323858
20,117,684287.8249219547,2277161.852700375
20,118,684327.0016286692,2277132.885091148
20,119,684427.9211869405,2277017.917868095
20,120,684553.3508978485,2276826.7502637715
20,121,684614.9426865579,2276804.9541052016
20,122,684704.9326497328,2276593.436910791
20,123,684708.3811814431,2276577.980608622
20,124,684705.768787415,2276566.8779340014
20,125,684697.9316053285,2276557.081456395
20,126,684694.6661127943,2276538.7946981983
20,127,684695.9723098085,2276519.854841493
20,128,684731.8927276963,2276480.015832561
20,129,684750.1794858954,2276463.0352713782
20,130,684765.200751556,2276450.6263997434
20,131,684774.1271778583,2276438.255954347
20,132,685038.7714270077,2276495.16061062
20,133,685082.2293048786,2276450.887167385
20,134,685146.9674310847,2276375.594556732
20,135,685161.94276215,2276326.5793733634
20,136,685268.299434741,2276075.507883968
20,137,685343.2721711586,2275899.4091309877
20,138,685414.7931876045,2275770.4847665173
20,139,685586.0545875138,2275566.384463034
20,140,685676.9219260518,2275490.120803904
20,141,685837.5623995387,2275414.6684602965
20,142,686008.6977833336,2275320.9865907193
20,143,686012.0745621601,2275318.9981274903
20,144,686012.7194439513,2275318.7850782257
20,145,686015.8106749038,2275317.7638298515
20,146,686013.3506389394,2275314.3197795018
20,147,686011.4296876432,2275311.630447687
20,148,685973.9722465654,2275225.9821467428
20,149,685992.573516598,2275160.5641970774
23,0,660439.6106125189,2282780.502076704
23,1,660375.236036347,2282293.0014614146
23,2,660440.1412781598,2282179.417288242
23,3,660387.616933566,2281906.2906963546
23,4,660387.1318372037,2281903.7681952706
23,5,660373.9562347893,2281912.2185533275
23,6,660344.7515292524,2281923.989492221
23,7,660336.6426888627,2281927.88240443
23,8,660291.253037198,2281949.673180995
23,9,660284.7145571264,2281952.1842316617
23,10,660252.6505788949,2281964.4981445377
23,11,660239.7814575891,2281969.6144019575
23,12,660227.8885569156,2281975.7875022427
23,13,660217.0461850589,2281975.161148765
23,14,660195.7702949352,2281982.816961584
23,15,660170.6368952366,2281994.878576351
23,16,660164.5292366308,2282001.378331302
23,17,660160.2311446256,2282004.7364552147
23,18,660144.6583236717,2282016.9042547476
23,19,660126.2864040758,2282030.3495563273
23,20,660116.3460330367,2282038.636192212
23,21,660109.3689585752,2282046.4272360625
23,22,660107.3620725925,2282050.0748638157
23,23,660097.4662633259,2282053.647927171
23,24,660089.5377354613,2282057.7634487157
23,25,660072.7786928739,2282057.081850463
23,26,660063.2278204168,2282057.4862595643
23,27,660057.6097536855,2282057.724125645
23,28,660037.3943948576,2282057.533117883
23,29,660019.6393733342,2282057.8892365345
23,30,660005.7694473306,2282064.56760478
23,31,659989.3452017833,2282080.6502452367
23,32,659975.4258414805,2282092.5661623375
23,33,659964.9578928942,2282104.514684271
23,34,659947.1188532887,2282113.7746086507
23,35,659933.2737311155,2282117.8342690016
23,36,659916.9930084544,2282118.7281497368
23,37,659906.0233703913,2282118.148364696
23,38,659898.3374339069,2282117.7427210417
23,39,659888.7416613011,2282117.330645595
23,40,659863.2697396439,2282116.125777342
23,41,659836.1665171196,2282114.2986008036
23,42,659817.9580577454,2282110.4601950473
23,43,659798.8425390264,2282098.2324696276
23,44,659775.2993875237,2282084.915091914
23,45,659747.6635434508,2282087.273427551
23,46,659729.869073843,2282091.819804364
23,47,659719.9832621089,2282094.3455770737
23,48,659715.9153503987,2282107.402186975
23,49,659709.904854778,2282117.2976886015
23,50,659699.5062538458,2282121.913831601
23,51,659686.6658391042,2282124.0189161897
23,52,659644.0241448944,2282109.7362972978
23,53,659620.6595486919,2282103.6233674753
23,54,659607.5578012173,2282107.2974448875
23,55,659590.5757710778,2282104.1255924064
23,56,659568.3734817557,2282105.4878144986
23,57,659549.6176506348,2282107.4063272425
23,58,659546.3861696703,2282108.8484896184
23,59,659517.4309521783,2282121.7696591024
23,60,659474.4168534771,2282133.9357775883
23,61,659467.504205713,2282134.918422451
23,62,659460.591597361,2282135.9010776253
23,63,659422.427255521,2282140.8583313506
23,64,659411.715165365,2282142.2503537596
23,65,659398.591155892,2282147.9445919264
23,66,659362.7007966896,2282163.2649000282
23,67,659337.865839475,2282182.4117741617
23,68,659311.0882895493,2282198.397622118
23,69,659306.4136266557,2282200.7148682266
23,70,659287.2295717904,2282206.963388955
23,71,659238.9953767054,2282221.43364748
23,72,659217.1259140655,2282223.077548667
23,73,659213.4412838952,2282223.8798000957
23,74,659209.7566453044,2282224.6821959126
23,75,659189.0237962861,2282227.5841898397
23,76,659174.7008927801,2282229.5890261587
23,77,659154.7242842197,2282225.249692216
23,78,659086.118296224,2282164.287042213
23,79,659081.1091814796,2282178.4989568098
23,80,659075.9322594731,2282176.1248727785
23,81,659060.555230973,2282171.734253194
23,82,659040.7947696907,2282167.7979892213
23,83,659037.3917104489,2282167.2897188202
23,84,659021.4608579284,2282164.9103359664
23,85,658995.1338283757,2282157.139272007
23,86,658987.1306631211,2282154.7769428687
23,87,658958.6774124313,2282144.698775371
23,88,658938.9025231432,2282137.6673913244
23,89,658905.9100963403,2282130.8248823155
23,90,658878.3548956576,2282114.511811289
23,91,658857.5998485599,2282089.3434093646
23,92,658835.0652390544,2282074.86137842
23,93,658807.3259290858,2282078.168960248
23,94,658782.9114805078,2282085.075368783
23,95,658747.6829230809,2282081.177686146
23,96,658734.3918646439,2282065.8905355795
23,97,658714.2922871136,2282060.350583231
23,98,658703.6879393435,2282061.502675061
23,99,658700.3688665752,2282061.863204355
23,100,658705.8914002164,2282071.66546934
23,101,658706.8471877549,2282083.7915641004
23,102,658700.9910375093,2282094.27057179
23,103,658700.3213571389,2282095.4688992687
23,104,658691.4551987005,2282097.5089633083
23,105,658699.365258959,2282138.6235834267
23,106,658615.3994372608,2282163.033515432
23,107,658543.988545886,2282184.536226508
23,108,658475.612432901,2282227.0988306855
23,109,658468.8680897265,2282230.2290701587
23,110,658442.4335136763,2282248.309391916
23,111,658436.2624379668,2282253.0860931254
23,112,658378.2303060889,2282291.7784605334
23,113,658368.363049068,2282297.3975358238
23,114,658227.8305110406,2282351.6976797073
23,115,658218.7761901873,2282355.5115257427
23,116,658199.0628321168,2282363.8151898226
23,117,658188.446783967,2282372.0614258517
23,118,658082.1734784892,2282413.0016363943
23,119,658017.5531274948,2282453.6419349033
23,120,657913.7047405941,2282447.151410722
23,121,657875.6689333962,2282440.8121095225
23,122,657911.0402007893,2282537.971160463
23,123,657860.7038186947,2282616.631183705
23,124,657812.5438000001,2282914.560900001
23,125,657812.4740000004,2282929.338199999
23,126,657812.5335999997,2282929.4365
23,127,658013.0505084243,2282961.1911053476
23,128,658149.1749901068,2282957.224094878
23,129,658151.6792662158,2282953.05712229
23,130,658160.5831214961,2282949.997520112
23,131,658168.4373186047,2282953.7374591436
23,132,658174.8466799753,2282953.7973350557
23,133,658184.7121295878,2282953.3657066887
23,134,658195.5587421416,2282953.4670469784
23,135,658206.3906734902,2282955.1396440454
23,136,658209.383098511,2282951.50103583
23,137,658221.2500297903,2282947.9453566824
23,138,658223.5943603972,2282947.7053665784
23,139,658223.594356362,2282947.705438454
23,140,658230.627348551,2282946.9854694232
23,141,658238.471744288,2282951.7729417915
23,142,658243.3628636791,2282956.009020332
23,143,658245.7594710079,2282963.364560217
23,144,658260.378954058,2282981.834058475
23,145,658269.1751080193,2282990.297014376
23,146,658278.9768915349,2282996.674193243
23,147,658285.8449908241,2283000.4049719735
23,148,658290.7605676377,2283002.0223155837
23,149,658294.7194709228,2283000.4879408944
23,150,658297.7119089135,2282996.849347427
23,151,658299.2252674975,2282993.19692546
23,152,658302.700940733,2282990.6104425834
23,153,658307.1479777704,2282989.6044304557
23,154,658309.5592436821,2282995.3887314196
23,155,658317.4280837557,2282997.5574928103
23,156,658323.2905313668,2283003.3740676865
23,157,658327.1710734294,2283010.2197032017
23,158,658327.60042837,2283017.0330659603
23,159,658323.6219344515,2283020.662433624
23,160,658244.6221935765,2283229.5739699365
23,161,657819.1256194889,2283322.6513455184
23,162,657814.4479469334,2283476.1025405806
23,163,657838.3782178869,2283461.8791746926
23,164,657875.4640237414,2283441.2285912754
23,165,657898.5921092574,2283433.745621831
23,166,657901.5684620677,2283432.9212804255
23,167,657930.2970452025,2283424.9429381774
23,168,657956.7124115466,2283418.190595852
23,169,657984.4649003731,2283409.3511282536
23,170,657999.6945877614,2283401.0946956826
23,171,658016.8286902972,2283400.554748985
23,172,658039.8197005057,2283407.7681963732
23,173,658051.592301962,2283416.976572249
23,174,658058.7470932766,2283426.8417200446
23,175,658063.2799396323,2283435.282625176
23,176,658075.1440022024,2283434.693530678
23,177,658087.6276033728,2283438.3095205785
23,178,658099.4393761734,2283443.3190088626
23,179,658117.0883846681,2283458.1813755124
23,180,658126.153997362,2283475.0632240963
23,181,658139.1917020379,2283489.8825420183
23,182,658158.2104355994,2283499.1586994203
23,183,658173.9288651574,2283509.1039216327
23,184,658182.9943920589,2283525.9858070947
23,185,658192.6597836528,2283549.1722443593
23,186,658209.6563937768,2283563.328744235
23,187,658223.9852812011,2283580.9597371262
23,188,658241.5751530449,2283602.12064274
23,189,658249.9948986695,2283617.596772455
23,190,658246.5441449257,2283634.3616862954
23,191,658231.2229280265,2283652.415389153
23,192,658204.7423645679,2283666.1654990735
23,193,658178.366489739,2283668.7185109574
23,194,658176.3183201919,2283676.3980736476
23,195,658168.8170985322,2283703.6233772202
23,196,658168.6274402256,2283723.9181878897
23,197,658170.9942575474,2283752.635476676
23,198,658170.0085091784,2283787.620375498
23,199,658163.8902063112,2283807.8597820452
23,200,658151.1649331055,2283830.1370957852
23,201,658134.5395904105,2283846.778917884
23,202,658115.9446135787,2283862.7024702323
23,203,658100.7283329158,2283869.559136555
23,204,658103.1998279132,2283887.079277458
23,205,658099.6315753226,2283916.440991265
23,206,658096.0960191328,2283942.3036006736
23,207,658084.596865006,2283974.3907572688
23,208,658077.878818885,2283988.325644824
23,209,658073.1173607251,2284004.3784567052
23,210,658071.6953122441,2284015.56328724
23,211,658066.9404022641,2284030.9162793895
23,212,658060.9007268371,2284042.7578618964
23,213,658046.9171152835,2284058.7245442797
23,214,658047.4974101918,2284067.1285487334
23,215,658043.473154354,2284074.789666971
23,216,658034.8247470001,2284083.8073649206
23,217,658033.4092618028,2284094.292376457
23,218,658030.6501852784,2284107.564368765
23,219,658023.8734115391,2284127.7976623247
23,220,658017.8207262652,2284141.0388991497
23,221,658008.3698774417,2284165.446518615
23,222,657991.9677513739,2284167.1585636563
23,223,657989.9060339404,2284167.373764606
23,224,657973.9529535032,2284182.6222264483
23,225,657957.9933689744,2284198.570522561
23,226,657944.6033754115,2284221.5416350337
23,227,657923.9348426418,2284247.9442324024
23,228,657893.3780403904,2284292.7793621197
23,229,657901.0616453736,2284298.822114553
23,230,657908.9531929739,2284300.295523618
23,231,657930.0321515311,2284300.492254773
23,232,657964.2723957232,2284302.2116409307
23,233,657976.0770402487,2284307.9209060227
23,234,657990.5688213967,2284308.056213799
23,235,657999.3746535466,2284305.9842661037
23,236,658007.7346835043,2284304.017212393
23,237,658022.1741837405,2284309.751116158
23,238,658040.5659780975,2284315.5219479906
23,239,658056.36211644,2284317.0692603122
23,240,658085.3849029571,2284313.141099133
23,241,658132.8256390474,2284312.1846354324
23,242,658165.7615180506,2284312.4924767893
23,243,658184.1140172752,2284322.462397248
23,244,658182.5479690161,2284349.043298924
23,245,658175.8561308375,2284360.1788624385
23,246,658167.8599543051,2284369.90246964
23,247,658163.8160766577,2284379.663025081
23,248,658169.0203761577,2284386.710501731
23,249,658180.8772415536,2284386.8213460576
23,250,658197.8991334699,2284398.178614827
23,251,658230.7039599215,2284412.483027792
23,252,658272.6390718177,2284436.6712779626
23,253,658304.0477693047,2284459.3613816705
23,254,658336.7083140705,2284489.0620988
23,255,658589.6860999996,2284512.6230999995
23,256,658599.0120000001,2284510.7222000007
23,257,658599.3677000003,2284510.566400001
23,258,658622.4704999998,2284506.410599999
23,259,658627.3093999997,2284506.0484999996
23,260,658627.6775000002,2284505.9717999995
23,261,658629.0800999999,2284506.01
23,262,658629.4397999998,2284505.9213999994
23,263,658634.7680000002,2284505.8861999996
23,264,658643.4907,2284515.1576000005
23,265,658646.7764999997,2284525.1292000003
23,266,658646.9937000005,2284525.1863
23,267,658779.7555255907,2284519.2933087596
23,268,658778.4557722574,2284511.494131634
23,269,658778.4558221772,2284492.192017058
23,270,658781.213209047,2284472.890866067
23,271,658792.243287332,2284456.3452760377
23,272,658819.818051361,2284453.587900936
23,273,658830.8479288353,2284464.6177041414
23,274,658847.3927642014,2284472.8900774308
23,275,658888.7548494295,2284467.3753800998
23,276,658905.2997035824,2284467.3754220856
23,277,658924.6020269925,2284470.132915029
23,278,658927.359521866,2284461.8605901655
23,279,658935.6319808572,2284448.0733914427
23,280,658952.1769053856,2284417.7415500013
23,281,658954.934289615,2284398.440403001
23,282,658957.6918100589,2284379.1383024883
23,283,658957.6919719124,2284368.108538614
23,284,658954.9346118754,2284354.320764482
23,285,658957.6920295003,2284343.290577492
23,286,658960.4494711165,2284335.0184123423
23,287,658960.4495563479,2284321.2319988073
23,288,658957.6920998859,2284312.958694068
23,289,658946.6622226889,2284301.9288902935
23,290,658932.8748635466,2284293.656523483
23,291,658927.3600173572,2284288.1417140495
23,292,658930.1174389952,2284271.596964915
23,293,658935.632422399,2284257.809759183
23,294,658943.9048621954,2284252.2948922706
23,295,658954.9347905704,2284241.2651444552
23,296,658980.1381288883,2284197.393412601
23,297,658992.1608625446,2284176.465306155
23,298,659016.978194867,2284154.405817551
23,299,659021.1144307512,2284144.7547742175
23,300,659030.7656276997,2284130.967578976
23,301,659040.4168213145,2284118.5591057176
23,302,659045.9317982437,2284107.5293438733
23,303,659056.9617266229,2284096.499596055
23,304,659070.7491274195,2284086.8485772316
23,305,659073.5066191052,2284079.9549743407
23,306,659085.9152947784,2284064.789064135
23,307,659105.2176533074,2284052.3806153075
23,308,659121.7625362523,2284039.972159523
23,309,659132.0083549743,2284034.455276526
23,310,659135.656558083,2284032.490893752
23,311,659137.6713542775,2284031.406022476
23,312,659139.6861505592,2284030.3211511658
23,313,659158.3834202691,2284022.011405098
23,314,659164.5034572795,2284019.2914382643
23,315,659182.4270714967,2284009.6404298977
23,316,659203.0969947742,2284002.7526479163
23,317,659223.2951985493,2283992.3001475353
23,318,659233.5841562386,2283986.975647661
23,319,659241.6581096154,2283940.07441771
23,320,659270.7837248263,2283951.7812739317
23,321,659277.4088520347,2283950.282526217
23,322,659284.1914089987,2283948.7491609496
23,323,659287.5734117131,2283953.1856590607
23,324,659293.4470264545,2283960.890644215
23,325,659300.2786837858,2283969.852385942
23,326,659339.4180710423,2283989.2912694546
23,327,659354.1212631577,2283997.5859945193
23,328,659376.7429816616,2284003.5511823082
23,329,659404.1742373767,2284010.550880959
23,330,659421.5959096008,2284012.399274647
23,331,659450.6614592974,2284015.483053168
23,332,659490.7825488595,2284022.6024676594
23,333,659526.6101107618,2284036.4228430004
23,334,659541.266672824,2284052.290803681
23,335,659579.2514882771,2284061.6374105387
23,336,659608.86114084,2284061.916656509
23,337,659626.859629062,2284059.839319638
23,338,659626.8596304948,2284059.8392958404
23,339,659663.9141039918,2284055.6946277437
23,340,659693.5237768479,2284055.9740211875
23,341,659737.9807106565,2284051.8993793386
23,342,659793.0550007913,2284043.430873968
23,343,659830.260115313,2284033.9245652976
23,344,659833.5438406637,2284033.085542377
23,345,659886.3476158569,2284019.593775432
23,346,659939.2221930576,2284020.0934162694
23,347,659989.9817960912,2284020.573227032
23,348,660037.4707630606,2284010.636479722
23,349,660064.6430880821,2284008.2208291483
23,350,660091.8140986309,2284005.805499029
23,351,660091.8141000931,2284005.8054752224
23,352,660096.5870415408,2284008.300896695
23,353,660101.3599829869,2284010.796318167
23,354,660112.2170195661,2284015.0859994353
23,355,660146.5891112585,2284026.2195447185
23,356,660174.7558464317,2284036.0935048717
23,357,660193.9085272866,2284042.8798747906
23,358,660207.4324049664,2284047.2111318707
23,359,660229.4108248793,2284054.024295763
23,360,660249.6767152918,2284062.622657634
23,361,660265.9808365282,2284071.783986206
23,362,660281.7141023985,2284081.5403868034
23,363,660294.4278308426,2284090.4011146463
23,364,660297.4359759248,2284092.4976193127
23,365,660302.7235263204,2284096.9028959884
23,366,660302.7235233679,2284096.9029435758
23,367,660304.7260634131,2284098.571343494
23,368,660327.7664247777,2284112.600246938
23,369,660348.0037550747,2284124.200775692
23,370,660360.3972355273,2284128.52145191
23,371,660364.8842981592,2284132.166746534
23,372,660373.5758441946,2284139.45463692
23,373,660382.2673799561,2284146.7425819323
23,374,660406.0123191947,2284176.639661392
23,375,660424.1925473531,2284195.7774380757
23,376,660452.1482149208,2284227.8670018655
23,377,660481.7536578838,2284264.7759676822
23,378,660485.6356502362,2284272.618798437
23,379,660484.6443108467,2284281.2523558275
23,380,660484.500080857,2284283.9925732226
23,381,660483.2655123756,2284307.4480698206
23,382,660488.7804318068,2284321.2353035226
23,383,660496.3634676449,2284330.886376532
23,384,660501.8784046221,2284337.0906393565
23,385,660507.3933368251,2284345.362985147
23,386,660508.7720475264,2284357.082125396
23,387,660512.9082499495,2284361.9076628094
23,388,660516.355086577,2284365.354476438
23,389,660517.7338036669,2284374.3161727563
23,390,660516.355053052,2284379.8310571606
23,391,660516.3550450739,2284383.2778620804
23,392,660523.9380824262,2284392.2395741106
23,393,660523.2486991571,2284398.4438212593
23,394,660522.5593222699,2284401.890624425
23,395,660528.7636090139,2284416.367220857
23,396,660533.5891740477,2284423.950203933
23,397,660535.6572712224,2284428.0863750754
23,398,660536.3466066397,2284442.5629575406
23,399,660537.0359675826,2284446.0097641903
23,400,660543.2402607191,2284457.728916689
23,401,660546.6870893545,2284464.62253526
23,402,660554.2701348135,2284470.137442356
23,403,660567.368121909,2284479.7885293313
23,404,660585.2916883724,2284490.8183505097
23,405,660621.7690698395,2284499.4135936946
23,406,660705.2418154273,2284519.0824547475
23,407,660717.6504401128,2284525.976096061
23,408,660788.655380052,2284551.4826323777
23,409,660802.4427409818,2284559.065638135
23,410,660811.4045241665,2284564.58054871
23,411,660812.7832492507,2284570.095440092
23,412,660816.9194548933,2284573.5422555064
23,413,660824.5025002481,2284579.0571625996
23,414,660858.2560240963,2284608.9955651807
23,415,660866.6687683829,2284616.284739969
23,416,660876.1894938189,2284625.9875169056
23,417,660878.314071113,2284640.4260886186
23,418,660888.9027702466,2284656.747449745
23,419,660900.6165691034,2284673.6802854016
23,420,660910.674089744,2284686.3920191377
23,421,660915.6485625748,2284698.4546445706
23,422,660916.1339840712,2284706.8699789173
23,423,660919.4464833129,2284715.3122047745
23,424,660925.0377835883,2284721.9738119976
23,425,660929.46967648,2284731.6282200334
23,426,660937.345486236,2284735.908502194
23,427,660938.9502942207,2284745.536018785
23,428,660939.9839705674,2284755.7588678603
23,429,660944.5187160649,2284754.6004788284
23,430,660945.5923939082,2284760.6183498683
23,431,660943.2507261999,2284769.006790274
23,432,660947.682594427,2284778.661205054
23,433,660953.8507057421,2284784.1267812545
23,434,660954.9015153949,2284792.5474985526
23,435,660955.3640484024,2284803.3656815053
23,436,660961.5264318407,2284809.4319727584
23,437,660971.0126917064,2284822.7390840016
23,438,660977.6547275366,2284837.8214328014
23,439,660988.0316700116,2284876.3691959893
23,440,661082.4369225266,2284860.173176163
23,441,661145.5392409558,2284870.089254773
23,442,661167.7645966501,2284814.9588651857
23,443,661124.4412818655,2284733.9755420797
23,444,661103.3627709,2284697.025490882
23,445,661090.8257255596,2284673.505115515
23,446,661039.6734669427,2284577.5407397687
23,447,661030.1286364301,2284560.226233327
23,448,661002.1624353344,2284509.492286677
23,449,661000.2568322134,2284506.035272323
23,450,660982.5191201385,2284474.06974926
23,451,660979.2965576259,2284468.262010826
23,452,660970.6705244516,2284452.7160767354
23,453,660957.9257223812,2284429.746328352
23,454,660945.1808598728,2284406.7769884374
23,455,660940.0519432027,2284397.5307883895
23,456,660935.3013393497,2284388.9696129193
23,457,660917.021542023,2284356.0272596735
23,458,660910.9615236662,2284345.1060342058
23,459,660887.000201816,2284301.9224716453
23,460,660870.9749695569,2284273.0412880383
23,461,660867.8862498525,2284267.4751939513
23,462,660843.9247346116,2284224.2917340375
23,463,660838.036628399,2284213.679856236
23,464,660819.5829640635,2284180.40628124
23,465,660795.6272384325,2284137.2122523817
23,466,660767.7417350376,2284086.8783894735
23,467,660752.1406359487,2284058.390707166
23,468,660727.1010534724,2284050.9058828144
23,469,660677.3136633297,2284023.5324256113
23,470,660672.9303016905,2284021.0667846887
23,471,660658.5473963104,2284010.519320742
23,472,660627.0419845304,2283976.95920819
23,473,660605.2621568823,2283946.960569031
23,474,660576.5062455852,2283911.663566594
23,475,660542.5897682874,2283875.0118895075
23,476,660473.115693822,2283796.2381357728
23,477,660458.2058019496,2283767.6585418982
23,478,660443.4685978671,2283743.5877752323
23,479,660438.9448913329,2283729.8446344337
23,480,660428.8839033395,2283683.4142820477
23,481,660415.8666599813,2283623.3394783414
23,482,660405.5451660162,2283575.706331464
23,483,660400.7069617857,2283553.378235841
23,484,660367.8521541853,2283399.566954335
23,485,660348.273521871,2283301.454417173
23,486,660347.4956713959,2283297.96461835
23,487,660320.5971743742,2283177.286547769
23,488,660311.2696709181,2283128.206597477
23,489,660430.3058142092,2282777.7104852917
23,490,660439.6106125189,2282780.502076704
25,0,660387.616933566,2281906.2906963546
25,1,660393.0931160371,2281899.9448451847
25,2,660412.4000464405,2281891.7169883475
25,3,660438.5443112273,2281878.1470454596
25,4,660464.1629409369,2281860.3668239536
25,5,660514.6811747607,2281841.0202612393
25,6,660543.579157903,2281835.2864748808
25,7,660574.1623104367,2281830.7702348316
25,8,660591.6532999018,2281835.1413748474
25,9,660627.7662776662,2281843.894435158
25,10,660659.4405924855,2281843.594035161
25,11,660680.95850319,2281840.794305173
25,12,660707.5318332368,2281841.647138301
25,13,660719.8890752769,2281843.123810442
25,14,660723.9145622875,2281843.6048522
25,15,660745.9467006992,2281846.2169511425
25,16,660765.762396085,2281844.0019390667
25,17,660781.6366224135,2281839.947251059
25,18,660811.2599162551,2281817.3993136343
25,19,660945.809284271,2281730.407870866
25,20,661006.7259312907,2281696.8651784663
25,21,661052.2206451171,2281660.623643749
25,22,661098.6792312886,2281618.4061096804
25,23,661107.7815166608,2281612.586618696
25,24,661122.390458976,2281600.6708909213
25,25,661132.0291717775,2281583.899539601
25,26,661134.7280130116,2281572.5258636223
25,27,661164.8007911786,2281543.6097439686
25,28,661189.8682643203,2281535.6940629594
25,29,661319.6073047244,2281452.478579939
25,30,661270.9283733647,2281176.6313022343
25,31,661188.1741900534,2280783.9545892663
25,32,661026.3145166171,2280201.807577532
25,33,660859.9224719158,2280162.0622740947
25,34,660776.079319149,2280146.55245411
25,35,660765.2987431857,2280148.3296863805
25,36,660754.5181612261,2280150.1070161145
25,37,660611.8105926658,2280266.6817700337
25,38,660403.2719293355,2280574.376465745
25,39,660380.2488922491,2280646.4485102906
25,40,660376.0723443024,2280659.5229368783
25,41,660135.8773455293,2280801.456263224
25,42,659950.9103849153,2280868.98383497
25,43,659915.4458165729,2280881.9312156173
25,44,659905.2242063079,2280885.662927727
25,45,659860.7449093274,2280901.9013301674
25,46,659653.3037871536,2280969.592590158
25,47,659348.1227507037,2280854.893525973
25,48,659327.9488211919,2280847.311409263
25,49,658736.1957941437,2280757.7840480455
25,50,658626.9780236564,2280658.3116587843
25,51,658563.2484908456,2280611.5766425435
25,52,658503.7675953318,2280560.5929908943
25,53,658495.270341348,2280484.117532987
25,54,658457.0326261842,2280437.38252292
25,55,658427.2921928607,2280352.409786975
25,56,658380.5571979076,2280335.4152299054
25,57,658295.5844764283,2280318.4206635803
25,58,658231.8549476757,2280254.691101587
25,59,658146.8822457482,2280156.972442946
25,60,658100.4659430606,2280129.9660758446
25,61,658004.5720791317,2279977.5069597405
25,62,658030.534175857,2279886.639621203
25,63,658037.0247000383,2279711.395468308
25,64,658091.9012511045,2279433.0469364747
25,65,657231.728272862,2279193.67024028
25,66,657033.6425208583,2279271.3179969774
25,67,656973.9231243915,2280011.4463738813
25,68,657093.1387,2280118.0178999994
25,69,657120.2126415703,2280287.530467673
25,70,657202.6983601975,2280353.519077553
25,71,657258.7886457508,2280411.2591073327
25,72,657362.7206378126,2280549.8351714117
25,73,657428.7091907811,2280693.3603705917
25,74,657463.3531690142,2280818.7386999456
25,75,657497.9971205702,2281054.6479174965
25,76,657522.7428317398,2281092.591362689
25,77,657550.7879472051,2281234.466837868
25,78,657552.4376356241,2281343.3480116865
25,79,657532.6410370885,2281435.732032839
25,80,657643.6626000004,2281748.612299999
25,81,657925.8976646386,2281691.0957210693
25,82,658019.3067555872,2281919.0985230333
25,83,658033.4728779383,2281941.1947435807
25,84,657973.6472209874,2281956.560499752
25,85,657866.859711769,2281983.7084472505
25,86,657841.1679281809,2281991.303463567
25,87,657717.8931707522,2282035.103153266
25,88,657786.4660808247,2282169.9632097417
25,89,657820.7525358606,2282289.965802368
25,90,657875.6689333962,2282440.8121095225
25,91,657913.7047405941,2282447.151410722
25,92,658017.5531274948,2282453.6419349033
25,93,658082.1734784892,2282413.0016363943
25,94,658188.446783967,2282372.0614258517
25,95,658199.0628321168,2282363.8151898226
25,96,658218.7761901873,2282355.5115257427
25,97,658227.8305110406,2282351.6976797073
25,98,658368.363049068,2282297.3975358238
25,99,658378.2303060889,2282291.7784605334
25,100,658436.2624379668,2282253.0860931254
25,101,658442.4335136763,2282248.309391916
25,102,658468.8680897265,2282230.2290701587
25,103,658475.612432901,2282227.0988306855
25,104,658543.988545886,2282184.536226508
25,105,658615.3994372608,2282163.033515432
25,106,658699.365258959,2282138.6235834267
25,107,658691.4551987005,2282097.5089633083
25,108,658700.3213571389,2282095.4688992687
25,109,658700.9910375093,2282094.27057179
25,110,658706.8471877549,2282083.7915641004
25,111,658705.8914002164,2282071.66546934
25,112,658700.3688665752,2282061.863204355
25,113,658703.6879393435,2282061.502675061
25,114,658714.2922871136,2282060.350583231
25,115,658734.3918646439,2282065.8905355795
25,116,658747.6829230809,2282081.177686146
25,117,658782.9114805078,2282085.075368783
25,118,658807.3259290858,2282078.168960248
25,119,658835.0652390544,2282074.86137842
25,120,658857.5998485599,2282089.3434093646
25,121,658878.3548956576,2282114.511811289
25,122,658905.9100963403,2282130.8248823155
25,123,658938.9025231432,2282137.6673913244
25,124,658958.6774124313,2282144.698775371
25,125,658987.1306631211,2282154.7769428687
25,126,658995.1338283757,2282157.139272007
25,127,659021.4608579284,2282164.9103359664
25,128,659037.3917104489,2282167.2897188202
25,129,659040.7947696907,2282167.7979892213
25,130,659060.555230973,2282171.734253194
25,131,659075.9322594731,2282176.1248727785
25,132,659081.1091814796,2282178.4989568098
25,133,659086.118296224,2282164.287042213
25,134,659154.7242842197,2282225.249692216
25,135,659174.7008927801,2282229.5890261587
25,136,659189.0237962861,2282227.5841898397
25,137,659209.7566453044,2282224.6821959126
25,138,659213.4412838952,2282223.8798000957
25,139,659217.1259140655,2282223.077548667
25,140,659238.9953767054,2282221.43364748
25,141,659287.2295717904,2282206.963388955
25,142,659306.4136266557,2282200.7148682266
25,143,659311.0882895493,2282198.397622118
25,144,659337.865839475,2282182.4117741617
25,145,659362.7007966896,2282163.2649000282
25,146,659398.591155892,2282147.9445919264
25,147,659411.715165365,2282142.2503537596
25,148,659422.427255521,2282140.8583313506
25,149,659460.591597361,2282135.9010776253
25,150,659467.504205713,2282134.918422451
25,151,659474.4168534771,2282133.9357775883
25,152,659517.4309521783,2282121.7696591024
25,153,659546.3861696703,2282108.8484896184
25,154,659549.6176506348,2282107.4063272425
25,155,659568.3734817557,2282105.4878144986
25,156,659590.5757710778,2282104.1255924064
25,157,659607.5578012173,2282107.2974448875
25,158,659620.6595486919,2282103.6233674753
25,159,659644.0241448944,2282109.7362972978
25,160,659686.6658391042,2282124.0189161897
25,161,659699.5062538458,2282121.913831601
25,162,659709.904854778,2282117.2976886015
25,163,659715.9153503987,2282107.402186975
25,164,659719.9832621089,2282094.3455770737
25,165,659729.869073843,2282091.819804364
25,166,659747.6635434508,2282087.273427551
25,167,659775.2993875237,2282084.915091914
25,168,659798.8425390264,2282098.2324696276
25,169,659817.9580577454,2282110.4601950473
25,170,659836.1665171196,2282114.2986008036
25,171,659863.2697396439,2282116.125777342
25,172,659888.7416613011,2282117.330645595
25,173,659898.3374339069,2282117.7427210417
25,174,659906.0233703913,2282118.148364696
25,175,659916.9930084544,2282118.7281497368
25,176,659933.2737311155,2282117.8342690016
25,177,659947.1188532887,2282113.7746086507
25,178,659964.9578928942,2282104.514684271
25,179,659975.4258414805,2282092.5661623375
25,180,659989.3452017833,2282080.6502452367
25,181,660005.7694473306,2282064.56760478
25,182,660019.6393733342,2282057.8892365345
25,183,660037.3943948576,2282057.533117883
25,184,660057.6097536855,2282057.724125645
25,185,660063.2278204168,2282057.4862595643
25,186,660072.7786928739,2282057.081850463
25,187,660089.5377354613,2282057.7634487157
25,188,660097.4662633259,2282053.647927171
25,189,660107.3620725925,2282050.0748638157
25,190,660109.3689585752,2282046.4272360625
25,191,660116.3460330367,2282038.636192212
25,192,660126.2864040758,2282030.3495563273
25,193,660144.6583236717,2282016.9042547476
25,194,660160.2311446256,2282004.7364552147
25,195,660164.5292366308,2282001.378331302
25,196,660170.6368952366,2281994.878576351
25,197,660195.7702949352,2281982.816961584
25,198,660217.0461850589,2281975.161148765
25,199,660227.8885569156,2281975.7875022427
25,200,660239.7814575891,2281969.6144019575
25,201,660252.6505788949,2281964.4981445377
25,202,660284.7145571264,2281952.1842316617
25,203,660291.253037198,2281949.673180995
25,204,660336.6426888627,2281927.88240443
25,205,660344.7515292524,2281923.989492221
25,206,660373.9562347893,2281912.2185533275
25,207,660387.1318372037,2281903.7681952706
25,208,660387.616933566,2281906.2906963546
30,0,663964.9977069056,2275151.522749798
30,1,664022.997580285,2275137.7132561365
30,2,665043.0190441762,2274823.0412205434
30,3,665433.2649514208,2274703.1393587133
30,4,665936.1892388158,2274414.564316611
30,5,666289.1264687327,2274171.3666663584
30,6,666328.7553267574,2274268.2372081964
30,7,667138.7525502873,2273693.1391794905
30,8,666733.1107114073,2273061.455884084
30,9,666467.9224696826,2272115.3410095857
30,10,666362.6077867108,2271821.7914622216
30,11,665911.3648709222,2270195.7222377122
30,12,665664.7914329319,2269307.1864511794
30,13,665429.2852006122,2268492.558602723
30,14,665335.2912025559,2268006.3470000075
30,15,665100.4833232211,2268139.1481776643
30,16,664997.0290559008,2268139.1481776643
30,17,664705.8770418353,2268139.1481776643
30,18,664642.5829098056,2268098.611486364
30,19,664429.341931258,2267962.041421451
30,20,664382.0299528751,2267978.2725381227
30,21,664003.6642891332,2268108.076816925
30,22,663761.3076753687,2268145.3624498113
30,23,663724.0220424819,2268602.1114526754
30,24,663758.2005392949,2268648.718493784
30,25,663773.7362196643,2268720.1826234837
30,26,663761.3076753687,2268819.6109778485
30,27,663612.263778136,2269213.2397320787
30,28,663579.5402150453,2269299.663501267
30,29,663501.8618131977,2269350.9312464865
30,30,663348.0585775395,2269456.5738729993
30,31,663209.7910222508,2269639.8949013585
30,32,662848.1390720832,2269665.3002036433
30,33,662848.139072083,2269665.3002036433
30,34,662833.8275573085,2269666.3055579867
30,35,662707.6016257869,2269734.570602585
30,36,662681.5778896871,2269748.6446639453
30,37,662470.2926366618,2269908.6621717513
30,38,662479.6140448835,2270135.4831051463
30,39,662372.4178503338,2270121.5009928136
30,40,662060.1506749066,2270074.893951705
30,41,661869.0618063615,2269876.037242975
30,42,661738.5620912577,2269761.073208241
30,43,661628.2587606341,2269629.0199250993
30,44,661497.7590455302,2269597.9485643604
30,45,661274.0452482091,2269583.9664520277
30,46,661084.509947701,2269579.305747917
30,47,661007.1721117366,2269546.912937042
30,48,660787.7784526432,2269455.020304961
30,49,660635.528785022,2269371.127630966
30,50,660298.4045210034,2269434.823920481
30,51,660245.5832077471,2269524.930866624
30,52,660203.6368707494,2269559.109363437
30,53,660021.869410426,2269601.055700435
30,54,659908.4589437286,2269621.252084915
30,55,659763.977116292,2269627.4663570626
30,56,659622.6024249294,2269712.912599095
30,57,659552.6918632665,2269748.644663945
30,58,659443.9421006799,2269812.34095346
30,59,659431.5135563842,2269821.662361682
30,60,659319.6566577237,2269947.501372675
30,61,659308.7816814651,2269997.2155498574
30,62,659278.3069764392,2270115.3050318323
30,63,659271.4960485782,2270141.697377294
30,64,659088.1750202179,2270256.661412028
30,65,658749.4971881624,2270241.1257316587
30,66,658670.7709002992,2270134.5603306564
30,67,658623.9127450831,2269923.1271912665
30,68,658389.0505280851,2269723.122870222
30,69,658187.7674000002,2269628.9066000003
30,70,658145.0754456782,2269534.720211945
30,71,658095.3298966083,2269552.2620359575
30,72,657843.8010879507,2269105.1789689017
30,73,657801.4331117745,2268849.76059824
30,74,657721.0351477007,2268390.8261996508
30,75,657605.931500993,2268460.5493457476
30,76,657039.3070814931,2268939.6773726437
30,77,656597.7399244367,2269318.368182034
30,78,656656.1317091642,2269685.67134403
30,79,656693.8038283433,2269947.4925723244
30,80,656823.772639511,2270533.2940255585
30,81,656501.67602053,2270599.220234122
30,82,656453.5801412913,2270683.7150521525
30,83,656378.4334416634,2270951.0898781614
30,84,656508.5062553433,2271095.2246176447
30,85,656665.9014667395,2271166.620383639
30,86,656813.5608918638,2271150.3940731855
30,87,656910.9187545833,2271268.8461394943
30,88,657061.8234417982,2271338.6192744435
30,89,657167.2944597442,2271276.959294721
30,90,657250.0486430556,2271341.864536534
30,91,657483.707513582,2271322.39296399
30,92,657589.1785315279,2271444.090292389
30,93,657801.743198465,2271755.635453091
30,94,657892.6105370029,2272177.519524875
30,95,658006.1947101754,2272213.217407872
30,96,657996.4589239035,2272271.632125504
30,97,657886.1200128238,2272495.5552097647
30,98,657830.9505572829,2272596.1583345747
30,99,657834.1958193735,2272675.6672557956
30,100,657769.2905775607,2272823.3266809196
30,101,657663.8195596148,2272953.1371645452
30,102,657587.5559004846,2272972.608737089
30,103,657517.7827655358,2273061.853444582
30,104,657368.5007093662,2273310.1159945163
30,105,657443.141737451,2273441.5491091874
30,106,657446.3869995415,2273564.869068632
30,107,657477.90340116,2273672.6348290043
30,108,657570.5945000006,2273694.3500000015
30,109,657601.5718999989,2273709.7348000035
30,110,657599.2792999996,2273728.1717000008
30,111,657599.2435000008,2273728.422200002
30,112,657593.4802999999,2273739.5296
30,113,657534.8139999993,2273806.9679000024
30,114,657507.1455230528,2274085.9250431755
30,115,657380.3457122016,2274054.505621018
30,116,657345.0972707251,2274056.313233401
30,117,657353.2315264505,2274176.519456898
30,118,657493.254405274,2274225.9770792346
30,119,657471.7702000011,2274442.5836000014
30,120,657471.809700001,2274442.8068000004
30,121,657477.1013000021,2274460.2201000005
30,122,657471.5705000004,2274471.862400003
30,123,657465.6290999986,2274477.3639
30,124,657456.3657999998,2274484.0195000023
30,125,657456.0567000005,2274484.2423000038
30,126,657447.4206999997,2274490.5712
30,127,657446.4131000005,2274491.0809000023
30,128,657437.7736,2274497.4115000013
30,129,657437.7995000007,2274497.4619000014
30,130,657417.0326838573,2274923.9363853405
30,131,657351.9115346228,2274951.438314886
30,132,657321.5645576026,2274971.4743215227
30,133,657337.5824474478,2274936.2861790312
30,134,657349.6706185247,2274906.8212620183
30,135,657348.1595971391,2274882.644919852
30,136,657355.7147040637,2274849.402449375
30,137,657360.247768217,2274819.1820216677
30,138,657357.2257254508,2274797.272211584
30,139,657347.4040864462,2274764.029741104
30,140,657339.8489795238,2274745.8974844823
30,141,657359.4922575268,2274683.9456076855
30,142,657370.0694072171,2274646.1700730496
30,143,657351.1816399082,2274636.3484340464
30,144,657314.9171266807,2274677.901522143
30,145,657278.6526134463,2274702.833375
30,146,657219.722779446,2274745.1419737907
30,147,657106.8005145813,2274799.8742006877
30,148,656983.2479327468,2274828.248149983
30,149,656888.2694759045,2274842.876865732
30,150,656925.0736094394,2274948.3743501143
30,151,656871.8774117073,2275009.2165179993
30,152,656838.1898798243,2275074.5446357885
30,153,656712.0195942045,2275082.8552534096
30,154,656561.6729664322,2275080.588721332
30,155,656424.9255311245,2275069.256060943
30,156,656410.5708279681,2275103.2540421104
30,157,656215.8837011568,2275000.355328849
30,158,656143.8548055624,2275087.224348661
30,159,656092.316289142,2275103.860778617
30,160,656047.6457207522,2275140.527172576
30,161,656068.2409437075,2275190.5441426104
30,162,656017.2432487705,2275297.443156998
30,163,656001.5516503282,2275307.2504060245
30,164,656081.9710923445,2275454.35914142
30,165,656192.7930063425,2275351.383026643
30,166,656216.3304040057,2275337.652878006
30,167,656316.6489159979,2275337.3996738163
30,168,656315.9495055781,2275363.6168075213
30,169,656442.5711528492,2275460.2425585166
30,170,656606.748480971,2275440.354444287
30,171,656543.0490098685,2275334.690559037
30,172,656577.2525974034,2275333.9904932543
30,173,656645.5737721666,2275310.078082082
30,174,656720.727064406,2275282.0664004236
30,175,656790.414662664,2275271.8182242084
30,176,656885.7145600773,2275267.6519886474
30,177,656926.9943118029,2275266.802631005
30,178,656960.1438621035,2275266.9083718066
30,179,656960.143874796,2275266.908396922
30,180,657018.6299482199,2275393.577148654
30,181,656940.3421704241,2275405.4389331685
30,182,656838.3308235992,2275423.2316099405
30,183,656913.0600660407,2275610.64780527
30,184,657108.7795105301,2275564.386845663
30,185,657360.3244603395,2276088.5159854237
30,186,657434.621911269,2276240.6304868762
30,187,657446.0412061538,2276264.0100285243
30,188,657510.9992403553,2276325.4657241544
30,189,657551.9555599425,2276224.5588498088
30,190,657794.1320583717,2275982.975921229
30,191,657823.81094567,2275959.811506145
30,192,657914.6267377371,2275912.934679036
30,193,658022.0628804226,2275873.165499147
30,194,658125.789211551,2275887.633764218
30,195,658168.5262406856,2275910.782988332
30,196,658366.960249124,2275912.8726774515
30,197,658433.915110268,2275831.9688869026
30,198,658447.4268125987,2275815.6422465863
30,199,658930.2261934468,2275919.5782244075
30,200,659248.7396738674,2276046.9836165756
30,201,659319.1479169077,2276100.6279922253
30,202,659661.130811675,2276164.3306883094
30,203,659758.3612425403,2275993.339240926
30,204,660086.9330433952,2275825.70056702
30,205,660247.8661703445,2275815.642246586
30,206,660425.5631646845,2275869.2866222356
30,207,660519.5290382925,2275989.7590150675
30,208,661121.622961946,2275708.045344367
30,209,661132.6705568754,2275702.5215469026
30,210,661451.6698604621,2276259.044141472
30,211,662095.1922651009,2275905.5211037304
30,212,662280.2844805367,2275733.0302476743
30,213,662664.3199193047,2275403.127463839
30,214,662702.6213260967,2275402.1060929913
30,215,662884.4253370027,2275306.607918723
30,216,663051.93015604,2275178.9365627496
30,217,663078.2116934402,2275137.2021672623
30,218,663198.3887151912,2274946.3641931415
30,219,663241.3802390284,2274878.094775295
30,220,663502.4348633972,2274821.650532188
30,221,663854.5217576113,2274745.523636142
30,222,663964.9977069056,2275151.522749798
26,0,662306.1054174855,2296353.4982237103
26,1,662429.2265918748,2296874.6535789575
26,2,662470.8640313803,2297286.923635712
26,3,662417.6742270282,2298029.103801243
26,4,662421.7910215238,2298026.455336804
26,5,662533.2218909789,2298143.5549647002
26,6,662545.4977159216,2298152.6561798984
26,7,662550.6898748775,2298155.8571698857
26,8,662555.8820338354,2298159.058159875
26,9,662575.3456741418,2298158.749213032
26,10,662656.7384484056,2298148.16986679
26,11,662721.7283230922,2298145.123466414
26,12,662742.1570740661,2298142.2263681483
26,13,662779.4615796236,2298136.9360389225
26,14,662835.9963941723,2298138.147513189
26,15,662871.9624951468,2298209.1473602764
26,16,662898.4256613253,2298230.612657496
26,17,662918.3606192509,2298265.375069161
26,18,662930.761578613,2298265.4146854985
26,19,662973.340385217,2298266.372537025
26,20,662981.4242878997,2298277.9685396054
26,21,662991.3959518045,2298280.8401623145
26,22,663020.2955436695,2298275.943226603
26,23,663089.4963315262,2298264.218094783
26,24,663110.2288330086,2298260.7051741374
26,25,663143.0864413604,2298259.3689251337
26,26,663195.7085224427,2298265.776463163
26,27,663234.4532863328,2298273.523571856
26,28,663265.6449774049,2298273.826517204
26,29,663301.6529111073,2298277.861756381
26,30,663332.7658220688,2298286.272040978
26,31,663358.8834074975,2298309.3756185896
26,32,663391.2392413924,2298332.539883985
26,33,663408.3158809252,2298334.3584096045
26,34,663407.4397818289,2298328.0809784867
26,35,663408.925316371,2298310.5558308554
26,36,663414.3244347153,2298246.8613536824
26,37,663417.3428818458,2298200.7569803363
26,38,663421.0338942592,2298153.1680798125
26,39,663422.8905254522,2298129.0062639504
26,40,663425.1772993119,2298099.803263874
26,41,663426.7004913536,2298080.3515034164
26,42,663426.4424044092,2298078.324707904
26,43,663427.3773904855,2298078.6987135545
26,44,663429.24736435,2298079.4467031015
26,45,663429.9953538971,2298082.4386612833
26,46,663466.8855057373,2298074.899429881
26,47,663513.3872394327,2298064.957308082
26,48,663562.023241835,2298054.9806922046
26,49,663573.2991436535,2298048.9463736424
26,50,663653.7620634198,2298210.2007005005
26,51,663726.7804604593,2298309.1811942654
26,52,663804.6667506348,2298395.1806396674
26,53,663876.062516629,2298461.7085125255
26,54,663921.496185898,2298524.991123293
26,55,663945.8356515778,2298607.7453066045
26,56,663984.7787966655,2298656.424237964
26,57,664009.1255313361,2298762.1575640254
26,58,664046.4004209838,2298737.982345471
26,59,664065.0587402668,2298736.2050402793
26,60,664080.0854609901,2298741.7012775885
26,61,664125.4760697617,2298758.4172938573
26,62,664157.4617147937,2298755.7518234057
26,63,664181.4509132194,2298740.6479242016
26,64,664203.6631613241,2298727.3206370776
26,65,664232.0948953638,2298712.215698096
26,66,664252.5300888331,2298701.5547913504
26,67,664264.0805297885,2298693.5575350807
26,68,664274.7423617612,2298693.5581417694
26,69,664285.4042398741,2298705.9970470457
26,70,664303.1900978773,2298715.0007503205
26,71,664325.8934425542,2298716.085924446
26,72,664346.7101216121,2298704.21930852
26,73,664353.8179662295,2298693.558358438
26,74,664374.8429181876,2298687.8112574224
26,75,664394.3840947073,2298691.836590274
26,76,664460.1148186063,2298700.1473714877
26,77,664503.0842841697,2298686.450740703
26,78,664543.1976009861,2298693.742853239
26,79,664459.3592929526,2298546.0201561884
26,80,664420.0719637909,2298519.5767614036
26,81,664415.5388104478,2298453.846037226
26,82,664392.1175179621,2298393.4039920154
26,83,664394.3840946357,2298366.9605972385
26,84,664357.1843863144,2298315.060902027
26,85,664228.1518954837,2298306.4587359717
26,86,664122.7753613053,2298332.265234138
26,87,664116.9936342649,2298297.7687002826
26,88,664197.7982018889,2298045.0703783697
26,89,664297.7994937898,2298126.9268321996
26,90,664417.2457027436,2298135.9548931126
26,91,664441.5589351652,2297941.976484299
26,92,664524.3889890158,2297975.812978217
26,93,664630.033506311,2297857.712106656
26,94,664616.4832282476,2297843.6406640513
26,95,664614.7084947472,2297841.0140584707
26,96,664631.5556545255,2297838.066404343
26,97,664638.7413692481,2297802.1781940465
26,98,664678.2536945349,2297801.3557643886
26,99,664719.6121959691,2297782.7437458034
26,100,664756.082609177,2297761.0299587254
26,101,664771.594091415,2297733.8288593297
26,102,664815.4629840843,2297741.7002506256
26,103,664800.6252767186,2297689.350976732
26,104,664782.8490314482,2297626.6341762547
26,105,664764.7839641568,2297618.422758103
26,106,664764.2315583497,2297618.1716637188
26,107,664760.4269809724,2297616.4423046117
26,108,664757.0257436377,2297606.4275599113
26,109,664754.4657611842,2297598.8898410797
26,110,664751.2543048862,2297589.4338970194
26,111,664744.8561267846,2297583.9998264345
26,112,664717.7740383142,2297560.998605729
26,113,664703.0994777707,2297565.267572405
26,114,664689.7464275353,2297569.152097702
26,115,664667.8339366931,2297520.2311801948
26,116,664661.9600086206,2297521.2800998706
26,117,664653.5653209698,2297522.77916527
26,118,664653.565320969,2297522.779165268
26,119,664650.6531505582,2297516.2267627716
26,120,664645.4118518825,2297504.433794022
26,121,664642.9642980361,2297496.0269766734
26,122,664630.7264881136,2297453.9927501674
26,123,664625.2540602686,2297435.196151837
26,124,664621.9705944065,2297423.918161394
26,125,664617.6051297192,2297411.501338959
26,126,664610.3293552403,2297390.8066349034
26,127,664602.0609912877,2297367.2886791234
26,128,664580.506891976,2297305.9817266166
26,129,664572.5400753019,2297283.3214778905
26,130,664544.002893452,2297255.039068226
26,131,664565.4057903336,2297234.145780567
26,132,664575.4492015857,2297240.537038805
26,133,664576.6168155666,2297241.280065541
26,134,664584.2607097623,2297233.1265773773
26,135,664626.0473194132,2297271.855596541
26,136,664631.6415233617,2297265.8028621674
26,137,664657.1324977865,2297238.2224979405
26,138,664655.80786705,2297237.0337238335
26,139,664637.2583484648,2297220.386770249
26,140,664648.9451885226,2297207.2391071324
26,141,664649.4886074042,2297206.627759935
26,142,664647.0661780424,2297204.2053390862
26,143,664646.2334728241,2297203.3726367955
26,144,664645.820238283,2297202.959403967
26,145,664644.3926868476,2297201.5318584475
26,146,664676.4970149995,2297166.8794994373
26,147,664683.937086105,2297174.268594744
26,148,664689.3240642566,2297168.2286434206
26,149,664700.7536220545,2297155.413671496
26,150,664711.6129245759,2297161.4821109814
26,151,664714.2846965818,2297162.9751644153
26,152,664716.1124782568,2297163.996573929
26,153,664718.0797977437,2297165.095960617
26,154,664769.2306690203,2297107.6560001373
26,155,664777.6035404201,2297098.2536754613
26,156,664777.7689189906,2297098.0679645576
26,157,664780.2501239796,2297095.2817096747
26,158,664836.7072772991,2297167.1882762928
26,159,664840.478643418,2297171.9916706104
26,160,664855.6698818194,2297191.3399715438
26,161,664843.5955944061,2297198.657716751
26,162,664832.2852458952,2297205.5124645233
26,163,664822.036745071,2297211.723680496
26,164,664837.6697740705,2297288.9061308047
26,165,664839.8725032795,2297299.781312943
26,166,664839.8725032798,2297299.781312945
26,167,664815.4120235471,2297314.0499477396
26,168,664828.4544544227,2297341.334535601
26,169,664836.8400423501,2297358.8770596227
26,170,664847.5891551968,2297381.364042282
26,171,664849.7586002351,2297385.9024982457
26,172,664863.0721454615,2297379.2247562404
26,173,664868.6286869043,2297376.437734604
26,174,665192.0558185572,2297214.214780808
26,175,665133.4571971892,2297142.5512599945
26,176,665130.4522900971,2297138.8763910383
26,177,665066.6390132899,2297060.835565567
26,178,665012.7576962223,2297000.874724032
26,179,664951.4710102084,2296932.6729526557
26,180,664878.2425098422,2296997.900815966
26,181,664834.5451946254,2296951.0129070305
26,182,664805.7362473232,2296920.100446119
26,183,664784.0090122229,2296896.786775589
26,184,664785.9332447052,2296894.8358058934
26,185,664791.8067798612,2296888.8806552896
26,186,664791.1535930634,2296888.17977333
26,187,664789.7795162223,2296886.7053546924
26,188,664809.220754624,2296866.8012218503
26,189,664809.3543491366,2296866.6644420624
26,190,664811.1823940286,2296864.7928600316
26,191,664793.2377069718,2296843.5289277597
26,192,664723.0228405002,2296760.326353074
26,193,664634.0291576394,2296820.7409152985
26,194,664623.150022507,2296828.126356125
26,195,664617.1804103868,2296832.1789035797
26,196,664616.277982712,2296831.2691402435
26,197,664616.1437244413,2296831.13379097
26,198,664569.7170348995,2296784.3296523117
26,199,664554.5004901882,2296768.989397049
26,200,664542.9259671322,2296764.1402805727
26,201,664506.0891742711,2296748.7076015496
26,202,664489.6156610392,2296747.380349464
26,203,664466.203359604,2296745.4940471654
26,204,664420.7702806484,2296741.8335554763
26,205,664398.5650844573,2296740.044507981
26,206,664366.970304489,2296748.1979999538
26,207,664359.8596765792,2296740.1598989945
26,208,664351.8215694426,2296731.0733432774
26,209,664331.8084125513,2296708.449773788
26,210,664302.2985668185,2296710.1897220607
26,211,664295.4467506402,2296710.5937156677
26,212,664288.594934462,2296710.9977092748
26,213,664282.8259353581,2296707.536324207
26,214,664273.3071346286,2296701.825067521
26,215,664230.6224765778,2296757.213487625
26,216,664230.5013294218,2296757.3706951146
26,217,664096.4784336095,2296628.9533023834
26,218,664094.4400806428,2296613.6655025496
26,219,664105.9980640416,2296616.555013657
26,220,664110.7470188146,2296617.742258072
26,221,664115.8429851535,2296623.8573627467
26,222,664177.2998828884,2296619.6786899567
26,223,664181.8611302545,2296622.7195345415
26,224,664188.0012989057,2296626.812997816
26,225,664193.9187549001,2296627.8274188456
26,226,664204.5815181732,2296629.655321121
26,227,664205.8370838149,2296629.8705654144
26,228,664210.13430962,2296622.2527411752
26,229,664212.0040493018,2296618.938196184
26,230,664217.048097611,2296609.9964542426
26,231,664222.1661965637,2296605.0382983573
26,232,664224.1838512407,2296603.083696366
26,233,664228.7694740294,2296598.6413822174
26,234,664233.3550968189,2296594.1990680695
26,235,664240.2108325956,2296593.4774074554
26,236,664252.7196140293,2296592.160684586
26,237,664254.4254512785,2296590.721380234
26,238,664255.2999248501,2296589.983541489
26,239,664261.1797084814,2296585.022478103
26,240,664269.0265865331,2296578.401674271
26,241,664269.6868991855,2296576.986715317
26,242,664269.7101688391,2296576.936849594
26,243,664270.085279464,2296576.1330432915
26,244,664272.5937213892,2296570.7577953357
26,245,664283.2951869967,2296559.5467510233
26,246,664302.1501026148,2296561.5851001763
26,247,664307.0681247705,2296568.3150348673
26,248,664311.832384109,2296574.8345584874
26,249,664311.8323841103,2296574.8345584893
26,250,664312.1882457774,2296584.442712785
26,251,664312.3419780772,2296588.593553545
26,252,664310.3269710569,2296598.1190090217
26,253,664306.7364368462,2296615.0923671727
26,254,664311.5196628567,2296615.5706920624
26,255,664322.0242290499,2296616.6211605067
26,256,664333.3255176547,2296595.8267536163
26,257,664334.7640285494,2296593.179880142
26,258,664334.7640285512,2296593.179880141
26,259,664337.549522924,2296591.154070433
26,260,664347.5519275692,2296583.879610064
26,261,664351.5806179083,2296580.9496593475
26,262,664358.573858264,2296579.3810787247
26,263,664374.5920543676,2296575.7882175446
26,264,664378.843824386,2296574.834550857
26,265,664390.5644283299,2296559.037164688
26,266,664392.8801479351,2296554.7365627335
26,267,664395.4089794164,2296550.0401935615
26,268,664401.2659130095,2296539.163007738
26,269,663971.7977483028,2295715.405468319
26,270,663957.194068895,2295725.9525701134
26,271,663718.6673052326,2295407.1055697077
26,272,663648.5630999999,2295309.3511999995
26,273,662806.9356930146,2295966.774683272
26,274,662348.6351069536,2296324.7686900897
26,275,662348.4613756306,2296324.5641709375
26,276,662306.1054174855,2296353.4982237103
34,0,669996.2608628066,2273550.006760253
34,1,667283.707100301,2273972.8041067733
34,2,667597.9369128307,2274605.3674793844
34,3,667592.4335593461,2274837.5843378045
34,4,667665.602381232,2275295.2481452865
34,5,667668.471746796,2275463.1060307887
34,6,667673.6244712847,2275482.367405663
34,7,667728.7284236433,2275688.3512275745
34,8,667721.8535962803,2275650.232157769
34,9,667772.0035836287,2275844.742465841
34,10,667913.4981907894,2275988.0281439787
34,11,667982.6335304908,2276172.150240386
34,12,668073.261721913,2276436.870530745
34,13,668167.6853126609,2276593.4343108046
34,14,668208.6137753777,2276653.810457376
34,15,668277.4385454897,2276821.8178761764
34,16,668316.9819896705,2276982.4126800946
34,17,668370.8896456944,2277256.107606423
34,18,668481.6118389133,2277365.7419859287
34,19,668485.281604588,2277372.2280834005
34,20,668551.0146184961,2277488.4073637966
34,21,668651.0837425458,2277710.3348566475
34,22,668833.4677912167,2278343.836972607
34,23,669034.5769636384,2278006.158754912
34,24,669104.2007731359,2277889.2548682466
34,25,669916.1990004482,2277563.350817829
34,26,670255.9125445279,2277494.30334952
34,27,670324.9600128368,2277524.684235576
34,28,670463.0549494546,2277519.160438111
34,29,670528.528895171,2277494.386512705
34,30,670667.4354556489,2277441.8272736054
34,31,670764.1019112814,2277447.35107107
34,32,670782.7818570139,2277457.5401323787
34,33,670741.6877000004,2277589.8228999977
34,34,670713.303854917,2277688.538489698
34,35,670710.0824000001,2277729.9831999997
34,36,670695.7487000009,2277795.1973
34,37,670650.8671000007,2277953.7382999985
34,38,670679.5021000002,2278001.4633000004
34,39,670889.4917999997,2278084.1864999994
34,40,670962.6700000006,2278157.3646999993
34,41,671004.0316000013,2278227.3612999995
34,42,671093.1182000012,2278332.3562
34,43,671137.6615000009,2278395.9894
34,44,671192.4106000006,2278463.953899999
34,45,671344.4705000005,2278483.4198999996
34,46,671504.8779539516,2278502.308309245
34,47,671869.2705184805,2278558.5992255257
34,48,672533.0980493547,2278644.6341715464
34,49,672402.5983342507,2278348.4205325013
34,50,672452.3125114331,2278273.849266728
34,51,672421.9316253773,2278179.9447098277
34,52,672402.5983342507,2278039.0878744777
34,53,672325.2651697448,2277942.421418845
34,54,672273.750450063,2277894.4366195025
34,55,672246.8729437195,2277836.481954178
34,56,672424.6935241095,2277674.5172418067
34,57,672455.0744101655,2277646.8982544835
34,58,673361.9028858978,2276806.822512776
34,59,673346.8680498047,2276721.6368778287
34,60,673383.4595696963,2276685.045357937
34,61,673431.3857985464,2276689.0437590354
34,62,673458.0499756294,2276637.1949088476
34,63,673464.1137808784,2276589.096330364
34,64,673439.4322536121,2276472.146049662
34,65,673363.0486184264,2276116.1158820703
34,66,673233.2393780056,2275730.831008907
34,67,673107.5729856835,2275624.497907711
34,68,673023.3350743466,2275531.9743001773
34,69,673006.7636819526,2275373.1651230673
34,70,673009.525580685,2275103.879996663
34,71,672979.1446946291,2274900.8804398347
34,72,672952.805527894,2274792.137886617
34,73,672987.989681636,2274661.252834697
34,74,672954.2128940437,2274564.144570369
34,75,672853.4783023068,2274239.4056934356
34,76,672707.0976694921,2273836.168478512
34,77,672648.6940489975,2273690.3182491916
34,78,672569.0027328744,2273587.5975926
34,79,671765.2902017592,2272772.837466555
34,80,671716.219057819,2272916.6001349003
34,81,671682.513819842,2272985.5426671263
34,82,671600.8041520187,2273072.869874612
34,83,671351.5896651589,2273262.8448523004
34,84,671139.6552142429,2273427.7962442175
34,85,670729.0641334327,2273754.1242300854
34,86,670474.7427923337,2273959.4197704904
34,87,670333.793615339,2274136.1169271576
34,88,670222.0792850561,2273923.858763267
34,89,669996.2608628066,2273550.006760253
21,0,661506.4955847122,2285658.0092415316
21,1,661606.262291477,2285715.6778581585
21,2,661680.36617488,2285748.739590754
21,3,661768.150775219,2285757.860068711
21,4,661781.8314921549,2285996.1325553455
21,5,662064.5663088311,2286026.9141684514
21,6,662341.6008267839,2287575.115301702
21,7,662661.957615034,2287546.6138080857
21,8,662640.2964798855,2287300.360903239
21,9,662754.3024543517,2287204.5958846873
21,10,662856.9078313711,2287186.3549287724
21,11,662934.4318940082,2287220.556721112
21,12,663016.5161956238,2287252.478393963
21,13,663096.1972250065,2287254.088111728
21,14,663100.8607871738,2287284.7467725556
21,15,663125.9484113727,2287458.3124320763
21,16,663158.3608481513,2287682.5539202294
21,17,663161.6596714255,2287693.288566954
21,18,663670.7372000013,2287593.5813000016
21,19,665051.8564196307,2287261.5815476673
21,20,666477.297207443,2286965.347517401
21,21,666708.6775594078,2286936.814157328
21,22,669419.3805801788,2285880.4139715508
21,23,669539.4929495286,2285833.6044434234
21,24,669764.9668045223,2285775.5780836823
21,25,670126.5877331536,2285623.7088287803
21,26,670887.8102420925,2285292.117770772
21,27,670128.7397573267,2284300.9313037125
21,28,670060.8052859002,2284204.269551265
21,29,669907.0812674969,2283978.1276777475
21,30,669530.3313272283,2283498.76429318
21,31,669363.9081245078,2283296.4740209077
21,32,669161.0462208213,2283043.43184523
21,33,669108.6802992758,2282960.937585261
21,34,668921.4541962158,2282641.7206662507
21,35,668731.3587275917,2282354.7841098374
21,36,668471.6811440373,2281968.8544414607
21,37,668384.1654943312,2281837.5809669015
21,38,668278.716309849,2281691.960664521
21,39,668209.835505954,2281596.64076418
21,40,668207.6995121369,2281593.6848939485
21,41,668031.9508713335,2281636.3667067145
21,42,667743.2751727675,2281740.0321758306
21,43,667511.2756792497,2281802.1748973085
21,44,667384.2050301862,2281856.633746907
21,45,667434.005293377,2282025.188483861
21,46,667058.1565410285,2282268.7941566794
21,47,666748.9873205489,2282496.140232848
21,48,665740.8985918104,2283256.3145798948
21,49,666020.0212301926,2283756.200184888
21,50,666041.5414719238,2283836.9010913796
21,51,665729.4979668225,2283635.6868311935
21,52,665702.2389939631,2283680.5206681336
21,53,665692.5548851843,2283710.6490065563
21,54,665673.5453383217,2284054.2555328635
21,55,664826.7238262029,2283994.5368620595
21,56,664790.13941526,2284249.820729594
21,57,664342.5183872536,2284220.7684032572
21,58,664202.9954866978,2285567.8458679495
21,59,663732.1758773522,2285482.1185980397
21,60,663458.3951228024,2285432.2683450435
21,61,663259.3328867899,2285190.1656255685
21,62,663140.9715572689,2285152.5052025397
21,63,662983.8737926321,2285134.2129970677
21,64,662594.8656257382,2285157.868899109
21,65,662585.749320607,2285158.4232690153
21,66,661872.9457264581,2285209.753767698
21,67,661711.2982928754,2285154.828982606
21,68,661577.0381530522,2285468.643751715
21,69,661506.4955847122,2285658.0092415316
35,0,675426.9968443122,2272998.854027257
35,1,675470.9783087483,2273247.6446992164
35,2,675267.6085510675,2273399.8114328003
35,3,675223.6172205054,2273559.9110292727
35,4,675000.7758902806,2273818.089657818
35,5,675054.8635917915,2273870.7350206217
35,6,674873.850084069,2274130.716572551
35,7,674824.8105680326,2274190.5736288894
35,8,674700.7694392344,2274543.2254427397
35,9,674630.0948425937,2274719.1907649883
35,10,674638.7488748354,2274810.77927288
35,11,674676.9708505697,2274888.6655630553
35,12,674686.3460521649,2275000.4468128444
35,13,674690.6730682857,2275075.448425606
35,14,674652.4510925515,2275185.0661673346
35,15,674674.0861731558,2275433.8695942843
35,16,674779.3768987635,2275689.1635454153
35,17,674841.3053048243,2275862.4494522824
35,18,674978.9154442415,2275807.3451732597
35,19,676361.3970948557,2275610.195501253
35,20,678257.4414713143,2274658.5223931717
35,21,678714.6998537728,2274638.438153171
35,22,678767.3244340918,2274636.6983588235
35,23,678899.9665339862,2274632.3132304493
35,24,678982.3771930258,2274629.5887963017
35,25,679335.7916626927,2274613.811274039
35,26,679363.1080350584,2274612.8718426265
35,27,679388.638951509,2274612.0817264067
35,28,679422.7358181113,2274610.756935645
35,29,679425.2530237949,2274610.6241234806
35,30,679464.3720445578,2274608.5601106505
35,31,679529.5609355283,2274588.18860119
35,32,679566.6134461074,2274569.500017314
35,33,679570.2475818569,2274567.6670195195
35,34,679573.8817165231,2274565.834030121
35,35,679619.9420040854,2274530.134412327
35,36,679713.023880627,2274410.313784456
35,37,679765.0808146801,2274345.3428724613
35,38,679907.919761491,2274160.9195627114
35,39,679950.6514225974,2274105.6383023364
35,40,680032.9377774979,2273997.03583677
35,41,680527.9451975212,2273338.4435583553
35,42,680517.5799622424,2273351.9593497096
35,43,680498.9057730074,2273340.5396440723
35,44,680459.4061415558,2273345.4777221926
35,45,680323.1594102106,2273393.6372667914
35,46,680295.026444747,2273388.6617637966
35,47,680278.5580548495,2273381.7324762056
35,48,680241.5827658952,2273353.6400200804
35,49,680221.1873834606,2273343.7506913724
35,50,680178.0560262754,2273325.311346983
35,51,680170.1060252181,2273321.9125944995
35,52,680046.0115895648,2273314.503135091
35,53,679881.6542504131,2273304.6896546395
35,54,679871.9457038278,2273304.440176256
35,55,679862.2371572424,2273304.19069787
35,56,679856.8197705746,2273304.0514884777
35,57,679851.8219522167,2273297.2402452636
35,58,679846.8241338588,2273290.429002047
35,59,679830.0642069115,2273223.837340283
35,60,679847.6307863479,2273203.40275856
35,61,679844.7627931675,2273135.287469172
35,62,679848.168596417,2273115.12005211
35,63,679858.0273706256,2273056.775640182
35,64,679873.4589195248,2272965.642340671
35,65,679735.0296920185,2272994.6920111133
35,66,679710.7302715238,2272874.563618362
35,67,679717.8425537266,2272872.6265381267
35,68,679691.7040647257,2272770.5965928333
35,69,679655.6420665905,2272780.8315258804
35,70,679643.4187524032,2272706.871736885
35,71,679630.7681889778,2272632.0826903996
35,72,679620.5216591214,2272626.563958172
35,73,679585.9623947438,2272513.283361491
35,74,679568.905424827,2272455.591479321
35,75,679593.9624688767,2272447.692333638
35,76,679619.502731334,2272441.8501162576
35,77,679646.8982721101,2272433.6570573356
35,78,679666.8688516065,2272422.1355809746
35,79,679690.4417199221,2272400.7665035673
35,80,679760.7121765164,2272371.5458891285
35,81,679795.6842481135,2272358.0825638985
35,82,679857.1962385849,2272334.4547137963
35,83,679861.8842583362,2272332.65396199
35,84,679887.6444729464,2272322.759005175
35,85,679981.8078638016,2272379.0256290096
35,86,680066.3074441958,2272429.517690582
35,87,680104.0662341107,2272452.0801625764
35,88,680043.1469366921,2271812.427539679
35,89,680041.5243056464,2271578.768669152
35,90,680015.8528987014,2271310.6450855047
35,91,680009.0988787654,2271312.5322381337
35,92,679524.8121700037,2271352.2630767683
35,93,679339.0436542259,2271420.9866895415
35,94,679255.2867511585,2271394.141528302
35,95,679208.0392673769,2271329.7131413273
35,96,678968.58042912,2271338.303592924
35,97,678438.1200430263,2271586.3528827773
35,98,678138.5280435928,2271687.2906890376
35,99,677951.148818141,2271718.9679793012
35,100,677838.9360441593,2271750.645269563
35,101,677794.3730765015,2271802.7248823685
35,102,677764.8433991381,2271852.656882274
35,103,677768.0648184868,2271876.8175273896
35,104,677781.4873991065,2271896.1460434822
35,105,677793.299270052,2271936.950688566
35,106,677793.8361732768,2271956.8161078836
35,107,677784.7088184553,2271973.460107852
35,108,677765.9172055877,2271983.6612691227
35,109,677739.072044348,2271988.4933981462
35,110,677709.0054637599,2271980.439849774
35,111,677643.5032703354,2271951.447075635
35,112,677599.9450534048,2271934.2672753604
35,113,677566.1892059657,2271932.118559544
35,114,677458.8085610075,2271985.8088820227
35,115,677350.8910128245,2272016.949269061
35,116,677287.5364322991,2272053.458688346
35,117,677208.07475503,2272066.881268966
35,118,677182.3364801807,2272087.2246285016
35,119,677174.3453022224,2272093.5408018767
35,120,677111.6803081833,2272132.7064231513
35,121,677062.5739811115,2272121.10849467
35,122,677028.1269827979,2272101.3739261315
35,123,677007.2386514514,2272164.0389201706
35,124,676797.7746892931,2272198.45052354
35,125,676692.5175402788,2272264.6480997987
35,126,676637.2795656318,2272256.362403602
35,127,676539.0000109226,2272262.9978762213
35,128,676492.0000109232,2272304.997876187
35,129,676438.4228569022,2272325.4098719107
35,130,676418.0000109188,2272324.9978761743
35,131,676319.6612114109,2272372.362150361
35,132,676197.000010902,2272378.997876125
35,133,676126.9645695842,2272405.1872630194
35,134,676066.0000108936,2272391.9978761184
35,135,676043.0000108936,2272368.997876134
35,136,675960.0000108879,2272408.997876099
35,137,675899.8526040929,2272408.2668338814
35,138,675788.8060114424,2272485.065180967
35,139,675696.155274018,2272578.5500421925
35,140,675625.2840483455,2272623.11300985
35,141,675576.9627581143,2272640.830816268
35,142,675515.7557904881,2272693.447332298
35,143,675470.1190163809,2272734.2519773818
35,144,675441.0000108567,2272792.9978757813
35,145,675493.7429479621,2272897.452016814
35,146,675465.2868873578,2272983.375073685
35,147,675426.9968443122,2272998.854027257
40,0,683856.5843751222,2288467.63637571
40,1,683759.0409198315,2288258.16396279
40,2,683713.7277603027,2288182.330341719
40,3,683706.4388430917,2288178.2303356566
40,4,683654.5053176268,2288170.48583555
40,5,683625.8052123734,2288159.096895198
40,6,683588.9050775308,2288142.696822324
40,7,683468.637953889,2288144.9745868505
40,8,683394.6932431001,2288141.995833705
40,9,683303.7539968044,2288139.518863793
40,10,683205.7377681909,2288130.3187566856
40,11,682768.1403370062,2288195.071716283
40,12,682513.2057554652,2288202.670118507
40,13,682203.3920521745,2288118.2170554353
40,14,682156.512815587,2288105.4380256385
40,15,682031.0107645835,2288108.864656098
40,16,682019.1315151925,2288104.944600911
40,17,681960.1488975625,2288152.4705576696
40,18,681844.3072750715,2288218.232089654
40,19,681675.8291619576,2288333.4026075415
40,20,681593.3102181401,2288365.2417655885
40,21,681536.2547762496,2288386.3114949707
40,22,681462.2543802282,2288413.590806173
40,23,681393.3158154432,2288439.0967354993
40,24,681300.1994852386,2288473.4832952726
40,25,681268.0304275359,2288501.3326928937
40,26,681228.9690209066,2288535.14895617
40,27,681009.7902888338,2288727.309909811
40,28,680833.7833736135,2288854.743937054
40,29,680778.4515549634,2288885.8940568706
40,30,680773.2304452963,2288888.833393886
40,31,680768.0462507926,2288891.7519377116
40,32,680719.7348473698,2288918.9497883795
40,33,680668.6685094733,2288947.6985722804
40,34,680657.5957240282,2288953.9322136967
40,35,680616.7275780145,2288976.939714679
40,36,680603.1584497183,2288984.5787433605
40,37,680559.2522403162,2289009.2966038
40,38,680541.1597023585,2289019.4821523675
40,39,680501.5295228721,2289041.7927158666
40,40,680443.3014118875,2289074.5733712944
40,41,680393.8266097232,2289102.42616902
40,42,680340.5364312208,2289133.6548437392
40,43,680270.833019588,2289174.501765214
40,44,680239.9939578447,2289192.5738055287
40,45,680176.2534293466,2289229.9264560994
40,46,680182.6380233904,2289251.169741736
40,47,680200.3922228185,2289327.835602903
40,48,680180.2169961957,2289365.7650289536
40,49,680149.550651729,2289379.4841830567
40,50,680135.8314976254,2289406.922491264
40,51,680121.305334457,2289496.5004974697
40,52,680156.8591835673,2289542.165936507
40,53,680184.4781708908,2289565.1817592764
40,54,680166.0655126751,2289626.864164299
40,55,680170.6686772291,2289654.4831516226
40,56,680231.4304493408,2289741.0226452365
40,57,680266.4144999507,2289783.3717591325
40,58,680293.1128543635,2289859.7842907277
40,59,680280.3026910269,2289912.1351006525
40,60,680322.6518049228,2289971.976239853
40,61,680321.6524745977,2290035.625176687
40,62,680320.17177258,2290045.3720290465
40,63,680319.0000113416,2290073.9978617886
40,64,680333.0000113406,2290109.9978617597
40,65,680368.0000113435,2290151.9978617234
40,66,680379.0000113472,2290194.997861688
40,67,680401.0000113482,2290217.9978616703
40,68,680453.0000113519,2290250.9978616484
40,69,680451.0000113491,2290269.99786163
40,70,680427.00001135,2290289.9978616103
40,71,680420.0000113472,2290303.9978616023
40,72,680417.0000113498,2290323.9978615874
40,73,680430.0000113519,2290338.997861572
40,74,680449.000011351,2290344.997861567
40,75,680481.000011352,2290364.9978615493
40,76,680531.0000113575,2290407.9978615167
40,77,680541.0000113576,2290437.997861497
40,78,680574.0000113623,2290454.9978614803
40,79,680586.000011363,2290465.9978614664
40,80,680608.0000113638,2290503.997861442
40,81,680606.0000113633,2290533.997861416
40,82,681028.5738886745,2290402.8177766334
40,83,681397.9633073324,2290462.9509378104
40,84,681667.1307906954,2290268.234034952
40,85,682056.5645964124,2290010.520487051
40,86,682652.1692404499,2289996.203067723
40,87,683050.1934977635,2290119.3328739423
40,88,683242.0469167563,2290328.3671961287
40,89,683711.658270709,2290156.5581641947
40,90,683889.194270374,2289964.704745202
40,91,684264.310656763,2289781.441777806
40,92,684676.6523334044,2289701.26422957
40,93,684782.6012364305,2289666.902423184
40,94,684725.3315591192,2289320.4208754506
40,95,684639.4270431522,2289122.8404887267
40,96,684736.7854945814,2288999.710682507
40,97,684988.772074751,2288996.131327675
40,98,684879.2438168931,2288763.473263598
40,99,684777.5901396656,2288694.7496508243
40,100,684612.2239464292,2288649.6497799414
40,101,684338.0453663013,2288550.1437156135
40,102,684144.0443344093,2288530.0993285542
40,103,684045.5363956239,2288504.3248689882
40,104,683966.5083347441,2288504.3279737644
40,105,683856.5843751222,2288467.63637571
40,106,680170.6686772291,2289654.4831516226
40,107,680192.721406099,2289643.127284634
40,108,680199.2143282318,2289645.291592011
40,109,680170.6686772291,2289654.4831516226
41,0,682019.1315151925,2288104.944600911
41,1,682031.0107645835,2288108.864656098
41,2,682156.512815587,2288105.4380256385
41,3,682203.3920521745,2288118.2170554353
41,4,682513.2057554652,2288202.670118507
41,5,682768.1403370062,2288195.071716283
41,6,683205.7377681909,2288130.3187566856
41,7,683303.7539968044,2288139.518863793
41,8,683394.6932431001,2288141.995833705
41,9,683468.637953889,2288144.9745868505
41,10,683588.9050775308,2288142.696822324
41,11,683625.8052123734,2288159.096895198
41,12,683654.5053176268,2288170.48583555
41,13,683706.4388430917,2288178.2303356566
41,14,683713.7277603027,2288182.330341719
41,15,683759.0409198315,2288258.16396279
41,16,683856.5843751222,2288467.63637571
41,17,683966.5083347441,2288504.3279737644
41,18,684045.5363956239,2288504.3248689882
41,19,684144.0443344093,2288530.0993285542
41,20,684338.0453663013,2288550.1437156135
41,21,684612.2239464292,2288649.6497799414
41,22,684777.5901396656,2288694.7496508243
41,23,684879.2438168931,2288763.473263598
41,24,684988.772074751,2288996.131327675
41,25,685163.4445905504,2289034.0724888938
41,26,685401.1137513921,2288955.326682591
41,27,685950.9026535801,2288691.886166958
41,28,686374.6982656835,2288414.1282319985
41,29,686672.500587702,2288325.360232166
41,30,686933.0776194683,2288385.4933933425
41,31,687122.0675545958,2288335.3824256966
41,32,687200.8133609,2288270.238167754
41,33,687273.8321994704,2288165.005135694
41,34,687282.422651067,2287855.7488782136
41,35,687368.3271670341,2287766.9808783806
41,36,688012.6110367877,2287486.3594595557
41,37,688253.1436814934,2287326.0043630837
41,38,688487.2334875051,2286981.67042825
41,39,688742.7994225068,2286803.4185576187
41,40,688828.7039384738,2286659.528493374
41,41,688869.5085835581,2286468.390945347
41,42,688966.1511640187,2286000.211333328
41,43,689226.012324821,2285626.526688871
41,44,689361.3119374689,2285624.379075972
41,45,689450.0799372991,2285526.3047535787
41,46,689305.4740020904,2285261.4324960113
41,47,689200.2409700309,2285186.2660445403
41,48,689129.3697443581,2285023.047464203
41,49,689208.1155506589,2284246.327465672
41,50,689140.1078088542,2284164.002304533
41,51,688882.3942609533,2284020.1122402884
41,52,688791.4786482194,2283833.985789031
41,53,688779.308841793,2283639.9847571347
41,54,688839.4420029698,2283459.585273604
41,55,688906.0180028442,2283298.514306166
41,56,688881.6783899846,2283103.7974033123
41,57,688787.183422421,2283006.438951883
41,58,688948.9702608277,2282573.3370172125
41,59,688821.54522881,2282509.6245012037
41,60,688746.3787773389,2282473.1150819175
41,61,688654.0314226744,2282447.3437271276
41,62,688523.0270358248,2282352.1328885974
41,63,688326.8783910337,2282305.601275782
41,64,688142.1836817048,2282295.5790822525
41,65,687838.6543919549,2282119.4748245203
41,66,687699.775424475,2282182.4714695625
41,67,687539.4203280034,2282259.785533933
41,68,687562.3281989278,2282067.93211494
41,69,687434.9031669103,2282024.9798569568
41,70,687304.6146510271,2281844.5803734255
41,71,687127.0786513621,2281831.6946960306
41,72,687107.0342643032,2281934.780115191
41,73,686981.0409742183,2281864.624760485
41,74,686779.2120512474,2281814.0219889944
41,75,686604.3070276343,2281844.7070808564
41,76,686540.4939000001,2281982.6389000006
41,77,686408.1063994874,2282010.4477107953
41,78,686417.3128638876,2282143.9029299407
41,79,685979.1834588731,2281952.5812274953
41,80,685945.8363619006,2281925.6722176042
41,81,685602.9718115386,2281873.8615744384
41,82,685650.5192999998,2281973.2236
41,83,685616.8898,2281959.3932000007
41,84,685606.5650000004,2281992.488
41,85,685613.4704999998,2282000.4197000004
41,86,685613.6042,2282000.8584000003
41,87,685608.8389999997,2282019.2602999993
41,88,685574.6808467687,2282181.599910456
41,89,685563.3047219339,2282184.9567997516
41,90,685164.0377364374,2282038.9214042784
41,91,685230.8411620263,2282309.2422427083
41,92,685129.8592396245,2282571.7952409536
41,93,684968.2881637814,2282563.25061675
41,94,684965.957811726,2282588.88448936
41,95,684857.2080491394,2282618.402282062
41,96,684854.1009130655,2282654.1343469117
41,97,684729.0386860908,2282687.5360597065
41,98,684722.0476299246,2282714.7235003524
41,99,684339.8698928345,2282764.4376775348
41,100,684349.9680850747,2282953.9729780434
41,101,684376.3787417029,2282994.3657470043
41,102,684343.7538129269,2283110.883349776
41,103,684302.3394890545,2283182.523771365
41,104,684366.2805494623,2283373.43634802
41,105,684361.6198453514,2283489.177166773
41,106,684395.7983421644,2283535.0074238633
41,107,684378.7090937577,2283627.444722063
41,108,683655.6413675885,2283764.0094020627
41,109,683622.1214597621,2283737.748052686
41,110,683511.8181291386,2283844.9442472355
41,111,683485.4074725104,2283883.783448159
41,112,683413.9433428106,2283888.44415227
41,113,683375.1041418868,2283914.854808898
41,114,683320.7292605934,2283925.729785157
41,115,683291.2114678913,2283967.6761221546
41,116,683135.8546641963,2283987.8725066353
41,117,683140.5153683071,2284129.2471979978
41,118,682773.8733115866,2284188.2827834017
41,119,682755.2304951431,2284070.2116125934
41,120,682564.1416265981,2284113.7115176283
41,121,682264.3029954664,2284127.69362996
41,122,682267.4101315403,2284237.996960584
41,123,682185.8478096004,2284246.541584787
41,124,682192.0620817482,2284325.7735546716
41,125,682121.719973405,2284345.1931551173
41,126,682161.077030341,2284700.097142225
41,127,682229.4340239668,2285373.3099582368
41,128,682259.1244353399,2285376.071856969
41,129,682341.7907765722,2285375.1052029477
41,130,682446.7019550112,2285394.069915973
41,131,682577.0339189952,2285390.8418797133
41,132,682557.9273544493,2286162.0909743453
41,133,682395.4568793889,2286168.7986182915
41,134,682055.3294830412,2286190.659105281
41,135,682069.3760369293,2286327.249996167
41,136,682092.1411894803,2286324.666770901
41,137,682161.5066720531,2286445.882438208
41,138,682148.3408374991,2286446.232769394
41,139,682135.0533405247,2286610.9255479057
41,140,682328.8905739454,2286624.5416145287
41,141,682314.8680548763,2286744.803926133
41,142,682366.4998195375,2286752.011671657
41,143,682368.8885939782,2286771.2292710934
41,144,682460.673818284,2286834.0875812
41,145,682418.1062311236,2287014.9998266315
41,146,682295.3743562044,2287237.1600559154
41,147,682077.8748310311,2287538.5522550847
41,148,682049.910606366,2287797.9981172555
41,149,682053.0177424399,2288077.640363907
41,150,682019.1315151925,2288104.944600911
41,151,685223.5269143627,2283220.926555168
41,152,685223.1669087901,2283221.190253907
41,153,685223.1499193187,2283220.993625077
41,154,685223.5269143627,2283220.926555168
42,0,686684.9454800814,2279682.2953130715
42,1,686175.0696569659,2279874.4698883654
42,2,686111.7870461984,2279768.9988704193
42,3,685905.7129034428,2279785.2251808727
42,4,685808.3550407235,2279595.3773485697
42,5,685821.336089086,2279472.057389125
42,6,685633.1108878287,2279350.3600607263
42,7,685534.1303940641,2279335.7563813184
42,8,685358.8862411693,2279259.492722188
42,9,685144.3779993616,2279194.5750860935
42,10,685120.4556607471,2279062.7999265813
42,11,684693.6075125874,2278928.4759889427
42,12,684586.9575471198,2278632.240796222
42,13,684474.4599363353,2278706.504614361
42,14,684311.6589196359,2278746.9194184644
42,15,684264.3050601082,2278763.895525058
42,16,684145.3680695279,2278797.38127162
42,17,683848.652815351,2278894.169332513
42,18,683472.5068602879,2279001.8837347995
42,19,682218.114413331,2279361.0957131227
42,20,682287.7701513997,2279658.1038192054
42,21,682351.4148061374,2279651.0330987424
42,22,682359.1937367732,2279690.633398195
42,23,682515.4770495401,2279683.208216346
42,24,682481.9074908027,2279981.2550791786
42,25,682760.4980946522,2279946.8964465493
42,26,682758.855487226,2280018.7651002165
42,27,682756.9566818478,2280052.512050352
42,28,682799.649485739,2280621.7803063043
42,29,682800.0521976756,2280627.1500899894
42,30,682153.9405609902,2280687.9783986416
42,31,681503.1381840854,2280775.589320807
42,32,680997.1119221566,2280851.012385031
42,33,680348.2766339644,2280945.432445626
42,34,680087.5815570264,2281041.2717965357
42,35,680133.1528861101,2281162.795340759
42,36,680142.8195316733,2281329.8902140674
42,37,680065.4863671674,2281606.080087303
42,38,680075.1530127306,2281751.0797707518
42,39,680233.9621898411,2281730.365530259
42,40,680240.8669366719,2281876.746163074
42,41,680517.0568099067,2282353.864169088
42,42,680536.3901010331,2282469.863915847
42,43,680790.4847844099,2282793.0060675326
42,44,680956.1987083512,2282856.5297383773
42,45,680971.3891513791,2282939.386700348
42,46,680999.0081387027,2282982.1961306995
42,47,681091.5317462366,2283129.9577128803
42,48,681189.5791512353,2282993.2437256286
42,49,681233.2147650246,2282921.8244944657
42,50,681322.8665416784,2282896.666775585
42,51,681341.2312983562,2282859.2309503052
42,52,681336.9933536123,2282806.961628564
42,53,681349.7074150337,2282784.358866523
42,54,681405.7250891465,2282844.921698312
42,55,681486.4832649635,2282877.24397887
42,56,681671.5304800313,2282951.815244644
42,57,681923.6239900184,2282989.287049334
42,58,681947.130374064,2283011.5562684867
42,59,681865.2896932496,2283082.3660322754
42,60,681898.0061760844,2283306.7192317513
42,61,681873.1490874932,2283321.909674779
42,62,681882.8157330564,2283450.337965834
42,63,681956.0060494638,2283555.2901176633
42,64,681906.2918722815,2283556.6710670306
42,65,681990.5297836182,2284353.4788513146
42,66,682121.719973405,2284345.1931551173
42,67,682192.0620817482,2284325.7735546716
42,68,682185.8478096004,2284246.541584787
42,69,682267.4101315403,2284237.996960584
42,70,682264.3029954664,2284127.69362996
42,71,682564.1416265981,2284113.7115176283
42,72,682755.2304951431,2284070.2116125934
42,73,682773.8733115866,2284188.2827834017
42,74,683140.5153683071,2284129.2471979978
42,75,683135.8546641963,2283987.8725066353
42,76,683291.2114678913,2283967.6761221546
42,77,683320.7292605934,2283925.729785157
42,78,683375.1041418868,2283914.854808898
42,79,683413.9433428106,2283888.44415227
42,80,683485.4074725104,2283883.783448159
42,81,683511.8181291386,2283844.9442472355
42,82,683622.1214597621,2283737.748052686
42,83,683655.6413675885,2283764.0094020627
42,84,684378.7090937577,2283627.444722063
42,85,684395.7983421644,2283535.0074238633
42,86,684361.6198453514,2283489.177166773
42,87,684366.2805494623,2283373.43634802
42,88,684302.3394890545,2283182.523771365
42,89,684343.7538129269,2283110.883349776
42,90,684376.3787417029,2282994.3657470043
42,91,684349.9680850747,2282953.9729780434
42,92,684339.8698928345,2282764.4376775348
42,93,684722.0476299246,2282714.7235003524
42,94,684729.0386860908,2282687.5360597065
42,95,684854.1009130655,2282654.1343469117
42,96,684857.2080491394,2282618.402282062
42,97,684965.957811726,2282588.88448936
42,98,684968.2881637814,2282563.25061675
42,99,685129.8592396245,2282571.7952409536
42,100,685230.8411620263,2282309.2422427083
42,101,685164.0377364374,2282038.9214042784
42,102,685563.3047219339,2282184.9567997516
42,103,685574.6808467687,2282181.599910456
42,104,685608.8389999997,2282019.2602999993
42,105,685613.6042,2282000.8584000003
42,106,685613.4704999998,2282000.4197000004
42,107,685606.5650000004,2281992.488
42,108,685616.8898,2281959.3932000007
42,109,685650.5192999998,2281973.2236
42,110,685602.9718115386,2281873.8615744384
42,111,685945.8363619006,2281925.6722176042
42,112,685979.1834588731,2281952.5812274953
42,113,686417.3128638876,2282143.9029299407
42,114,686408.1063994874,2282010.4477107953
42,115,686540.4939000001,2281982.6389000006
42,116,686604.3070276343,2281844.7070808564
42,117,686779.2120512474,2281814.0219889944
42,118,686981.0409742183,2281864.624760485
42,119,687107.0342643032,2281934.780115191
42,120,687127.0786513621,2281831.6946960306
42,121,687304.6146510271,2281844.5803734255
42,122,687434.9031669103,2282024.9798569568
42,123,687562.3281989278,2282067.93211494
42,124,687539.4203280034,2282259.785533933
42,125,687699.775424475,2282182.4714695625
42,126,687838.6543919549,2282119.4748245203
42,127,688142.1836817048,2282295.5790822525
42,128,688326.8783910337,2282305.601275782
42,129,688523.0270358248,2282352.1328885974
42,130,688654.0314226744,2282447.3437271276
42,131,688746.3787773389,2282473.1150819175
42,132,688821.54522881,2282509.6245012037
42,133,688948.9702608277,2282573.3370172125
42,134,689019.34537636,2282331.685351959
42,135,689086.4790630206,2282187.5453776577
42,136,689084.0109127758,2282117.449910703
42,137,689108.6924152245,2282103.134639283
42,138,689192.6095235504,2282093.2620383035
42,139,689337.7367579492,2282101.160119087
42,140,689358.4692200063,2281957.0201447858
42,141,689338.2303879983,2281932.338642337
42,142,689335.7622377534,2281878.0393369496
42,143,689363.4055204961,2281874.583926607
42,144,689361.4310003001,2281709.2178602
42,145,689370.8099712305,2281617.4026710913
42,146,689394.5042135816,2281500.4123494835
42,147,689299.7272441783,2281376.0175771415
42,148,689214.8228757544,2281299.0112895016
42,149,689106.2242649798,2281101.559269911
42,150,688995.6511340092,2281115.3809112823
42,151,688916.6703261731,2280979.139017765
42,152,688983.8040128339,2280972.228197079
42,153,688960.109770483,2280743.183854354
42,154,688961.097030581,2280694.8081095545
42,155,688949.2499094056,2280564.489776625
42,156,688923.5811468589,2280435.1587037933
42,157,688307.5308457369,2280774.7761774897
42,158,688265.078661525,2280710.6042711227
42,159,687961.0025513561,2280600.031140152
42,160,687892.8816045974,2280508.2159510427
42,161,687741.8308096108,2280560.5407362343
42,162,687515.7482471799,2280451.942125459
42,163,687407.1496364053,2280304.840370864
42,164,687304.9476990779,2280255.8865017244
42,165,687265.4839201829,2280209.825623349
42,166,686684.9454800814,2279682.2953130715
46,0,661006.5050449427,2306110.4235515613
46,1,660879.615934371,2306173.6250095423
46,2,660778.5018749265,2306223.9883289393
46,3,660532.4665783634,2306233.451206805
46,4,660360.9084072113,2306240.04958535
46,5,660184.2342243223,2306497.030206686
46,6,660328.785802844,2306866.439809803
46,7,660335.3064060239,2306872.145338064
46,8,660457.2761020688,2306978.8688297346
46,9,660666.072851181,2307010.991411211
46,10,660797.3890762115,2307156.8983244505
46,11,660810.6244335203,2307171.6042766646
46,12,660987.2986240415,2307300.0946025886
46,13,660968.1079097902,2307351.2698451504
46,14,660939.1147632636,2307428.5849094465
46,15,661148.0748036643,2307577.8420887534
46,16,661163.9727687845,2307589.197778702
46,17,661206.1881413339,2307659.5566972997
46,18,661255.8773410162,2307668.4632519595
46,19,661396.3598880814,2307665.118440632
46,20,661549.4437007913,2307661.4736003913
46,21,661533.3824024228,2307838.147764206
46,22,661459.3405246781,2307939.955331806
46,23,661404.8920955658,2308014.821908951
46,24,661340.6469554901,2308111.1896305066
46,25,661283.1078245528,2308111.1896305066
46,26,661276.40179253,2308111.1896305066
46,27,661268.989595416,2308096.3652057704
46,28,661260.340539935,2308079.0670566615
46,29,661035.4824733762,2308046.9444751795
46,30,661019.4211940803,2308175.434778217
46,31,660985.2769489298,2308260.79541588
46,32,660955.1760654487,2308336.047681812
46,33,660794.5631771088,2308576.966989523
46,34,660794.5631771116,2308737.5798740424
46,35,660810.6244335175,2308882.1314334925
46,36,660906.992204668,2308850.008874897
46,37,660963.5103778867,2309000.7240619715
46,38,661003.3599033374,2309106.9895114917
46,39,660900.8044567136,2309186.75481987
46,40,660858.8082942981,2309219.41848946
46,41,660924.8456211109,2309289.0063610096
46,42,660990.9915866861,2309325.386644369
46,43,661040.601060871,2309408.0691013355
46,44,661139.8200092316,2309467.600469595
46,45,661219.1951694526,2309507.2880497016
46,46,661278.7265377063,2309510.5953464527
46,47,661391.1746807108,2309487.444257738
46,48,661440.7841548929,2309487.444257738
46,49,661540.0031032581,2309497.3661518153
46,50,661682.2169284848,2309520.517240528
46,51,661860.8110332508,2309517.209943773
46,52,661986.4883708982,2309480.8296604175
46,53,662052.6343364716,2309454.371274948
46,54,662125.3948993692,2309401.454504015
46,55,662188.2335643768,2309401.454504015
46,56,662241.1503391294,2309411.376398092
46,57,662260.9941272754,2309470.907766346
46,58,662346.9838809986,2309533.746435169
46,59,662372.7808094015,2309549.621465685
46,60,662463.2684917459,2309435.321237566
46,61,662520.418603898,2309433.73373604
46,62,662598.2062587747,2309449.6087665595
46,63,662629.9563236255,2309457.5462818164
46,64,662644.2438526182,2309324.1960163154
46,65,662688.6939411182,2309200.3707675934
46,66,662722.0315074939,2309105.1205768622
46,67,662795.0566539792,2309114.6455974653
46,68,662852.2067661295,2309122.5831127223
46,69,662913.7927303333,2309138.433279041
46,70,663047.1429958371,2309144.783292778
46,71,663205.8933162699,2309151.1333065126
46,72,663269.3934421558,2309062.2331256885
46,73,663316.6687259702,2308937.045957567
46,74,663373.9148921967,2308711.8776950873
46,75,663404.3596251924,2308592.128411565
46,76,663445.8600655831,2308428.8933454696
46,77,663506.3009166727,2308191.15933037
46,78,663450.4028602298,2308174.0620601512
46,79,663364.6436328916,2308147.8312969245
46,80,663301.1435070038,2308052.5811061915
46,81,663243.9933910398,2307919.2308406867
46,82,663174.1432514219,2307881.130765917
46,83,663047.142995839,2307843.0306873377
46,84,663002.6929073362,2307677.930356983
46,85,662983.6428699512,2307569.980142599
46,86,662888.3926792173,2307392.1797885913
46,87,662932.8427677182,2307246.1294956207
46,88,663256.69341469,2307303.2796077766
46,89,663424.9687519092,2307328.6796588954
46,90,663501.168905261,2307442.9798870143
46,91,663615.4691333799,2307404.8798122443
46,92,663799.619501112,2307354.0797100086
46,93,663990.1198825873,2307239.7794818934
46,94,664134.1008523777,2307281.7739305086
46,95,664142.5201892899,2307284.2295703944
46,96,664226.93062793,2307256.0927580744
46,97,664333.0205707597,2307220.7294445075
46,98,664326.6705570249,2306998.47899819
46,99,664326.6797942976,2306998.402790677
46,100,664337.2938861875,2306910.836519243
46,101,664352.0706081428,2306788.928579336
46,102,664381.6074772505,2306675.703909483
46,103,664413.7612578059,2306609.354838494
46,104,664518.9925231198,2306392.210957691
46,105,664553.3141979799,2306321.388454007
46,106,664767.120993277,2305683.7860466056
46,107,664820.8222388318,2305578.704386484
46,108,664935.8927006526,2305505.9047065563
46,109,665042.9996403586,2305468.000581851
46,110,664978.9997852296,2305433.9999916498
46,111,664979.9997417834,2305386.9999209307
46,112,664873.0003783312,2305340.0004659966
46,113,664839.0002463581,2305280.00035285
46,114,664708.1001537815,2305226.447870707
46,115,664608.9994732141,2305231.9998757355
46,116,664549.9996842593,2305169.000323711
46,117,664512.0003341055,2305025.9999989253
46,118,664530.0002923356,2304892.0003287923
46,119,664529.0002699895,2304804.0001845844
46,120,664459.9997544372,2304754.000218898
46,121,664375.9998678761,2304740.999822831
46,122,664375.0004516738,2304711.0000751037
46,123,664345.9995902628,2304666.9995432515
46,124,664275.9998610718,2304660.00036959
46,125,664208.0004384639,2304662.9996450134
46,126,664046.3421779871,2304701.84467401
46,127,663943.8981081536,2304674.5197505876
46,128,663825.0003083432,2304728.999884002
46,129,663707.0003712736,2304766.000464311
46,130,663647.3432665188,2304782.088893242
46,131,663631.3276449945,2304786.4080131445
46,132,663587.4054046357,2304791.630428469
46,133,663529.9622276248,2304798.4605019223
46,134,663465.8088414818,2304806.0884285495
46,135,663329.6029887116,2304853.0559639893
46,136,663191.0487591745,2304921.1588903684
46,137,663021.9656316033,2304935.2491510026
46,138,662909.2435465548,2304986.9134399816
46,139,662770.6893170159,2305003.3520773854
46,140,662693.1928835446,2305059.713119909
46,141,662636.8318410208,2305172.4352049567
46,142,662571.0772914095,2305259.3251455165
46,143,662502.9743650258,2305348.563462844
46,144,662409.0392941525,2305407.272882143
46,145,662373.2484816648,2305225.62862812
46,146,662281.6169979693,2305191.266821729
46,147,662090.7180735953,2305298.1702193767
46,148,661644.0145905698,2305050.0016176943
46,149,661578.9136022739,2305056.9767235816
46,150,661475.5609525805,2305068.0502217636
46,151,661430.2077952744,2305072.9094886202
46,152,661197.2768798843,2305106.6806553435
46,153,661093.3284025677,2305065.8437535428
46,154,661054.6410155641,2305146.7619914003
46,155,661036.1201451914,2305173.220377654
46,156,660975.2658568164,2305191.7412480284
46,157,660927.6407615654,2305215.5537956506
46,158,660920.0507630669,2305291.607250005
46,159,660964.3445148505,2305343.283342365
46,160,661003.3599033393,2305388.801340107
46,161,661003.3598957071,2305597.5980930403
46,162,661006.3231365653,2306080.762877401
46,163,661006.5050449427,2306110.4235515613
55,0,656081.6318916837,2263814.4715699754
55,1,656137.5340047226,2263790.8074670937
55,2,656179.3644659709,2263770.993038081
55,3,656198.0780933715,2263728.061775221
55,4,656173.860457912,2263500.1958415788
55,5,656097.9051466979,2263447.3573642126
55,6,656015.0001079753,2263382.9998183823
55,7,655988.9257871299,2263358.192433657
55,8,655909.6680710803,2263245.910669253
55,9,655888.7528404562,2263208.483414452
55,10,655551.9075472462,2262728.5339117083
55,11,655482.5570457029,2262658.082608553
55,12,655457.2386086315,2262457.736715206
55,13,655461.6418150788,2262444.5270958645
55,14,655460.541013467,2262428.0150716873
55,15,655438.5249812311,2262398.293428169
55,16,655411.0049409361,2262372.9749910976
55,17,655387.8881070884,2262343.253347579
55,18,655362.569670017,2262300.322084719
55,19,655327.3440184395,2262279.406854095
55,20,655298.7231765328,2262257.390821859
55,21,655257.9935168962,2262171.5282961386
55,22,655255.7919136725,2262146.2098590676
55,23,655250.2879056135,2262106.581001043
55,24,655230.4734766012,2262055.9441269
55,25,655210.6590475888,2262013.0128640397
55,26,655186.4414121293,2261998.7024430865
55,27,655163.3245782815,2261965.6783947325
55,28,655176.5341976231,2261912.8399173664
55,29,655191.9454201882,2261865.505448059
55,30,655193.0462218,2261832.481399705
55,31,655212.8606508124,2261796.154946516
55,32,655211.7598492006,2261779.6429223386
55,33,655231.574278213,2261752.122882044
55,34,655249.1871040018,2261747.719675597
55,35,655331.7472248866,2261738.913262702
55,36,655341.6544393927,2261736.7116594785
55,37,655331.7472248866,2261710.2924207957
55,38,655314.1343990978,2261704.7884127367
55,39,655291.01756525,2261688.2763885595
55,40,655267.9007314023,2261661.8571498767
55,41,655248.08630239,2261654.1515385937
55,42,655233.7758814365,2261640.9419192523
55,43,655217.2638572596,2261615.6234821808
55,44,655202.9534363062,2261609.01867251
55,45,655186.4414121293,2261594.708251557
55,46,655175.4333960112,2261557.2809967557
55,47,655056.5468219372,2261539.6681709653
55,48,655041.1355993721,2261442.7976291273
55,49,654994.9019316765,2261028.8962230915
55,50,654907.9386043445,2260437.7657575565
55,51,654853.9993253663,2260030.469161191
55,52,654866.1081430962,2260013.9571370143
55,53,654869.4105479316,2259997.4451128375
55,54,654869.4105479316,2259932.4978177412
55,55,654877.1161592142,2259862.046514586
55,56,654893.6281833912,2259810.3088388313
55,57,654906.8378027326,2259767.377575971
55,58,654958.8501781545,2259646.2246893523
55,59,655038.9339961483,2259571.434889071
55,60,654942.0634543101,2259612.1645487077
55,61,654860.604135037,2259649.591803509
55,62,654792.1096000001,2259671.945800001
55,63,654677.0206000004,2259711.8542
55,64,654629.7130000005,2259726.2139
55,65,654532.5652547214,2259761.873567912
55,66,654466.5171580137,2259781.6879969244
55,67,654438.4314000001,2259773.3981
55,68,654384.0270999996,2259799.6536999997
55,69,654250.7600421014,2259821.316854949
55,70,654180.3087389464,2259843.332887185
55,71,654103.2526261206,2259852.139300079
55,72,653996.8333999999,2259875.2039
55,73,653911.7131456679,2259904.9777774457
55,74,653835.6875,2259910.1537999995
55,75,653739.9880942274,2259933.598619352
55,76,653643.7772827148,2259944.821105957
55,77,653598.2587000001,2259962.6196999997
55,78,653541.8438041039,2259951.211445141
55,79,653502.2149460792,2259986.4370967187
55,80,653422.5241999999,2260011.2882000003
55,81,653323.2013999997,2260024.6087999996
55,82,653268.8450043781,2260052.4851934263
55,83,653200.0497000003,2260051.822899999
55,84,653154.3616367513,2260087.710845004
55,85,653083.6896000002,2260086.6258000005
55,86,652987.8046000004,2260107.5503000002
55,87,652848.1962000001,2260142.6537999995
55,88,652728.5843000002,2260184.3848
55,89,652596.1657999996,2260243.1033999994
55,90,652435.0428999998,2260352.3000000007
55,91,652308.1057000002,2260469.6954999994
55,92,652154.8337732395,2260651.321270244
55,93,652013.9311669294,2260831.852734579
55,94,652554.1080932617,2261279.8762817383
55,95,652552.1450805664,2261342.6934814453
55,96,652583.8950805664,2261368.4904785156
55,97,652567.0278930664,2261429.014099121
55,98,652563.0590820312,2261486.5610961914
55,99,652561.0747070312,2261508.389099121
55,100,652547.1840820312,2261524.2642822266
55,101,652535.8361206055,2261532.369873047
55,102,652533.2932739258,2261534.1860961914
55,103,652537.5175170898,2261542.6475219727
55,104,652855.7548828125,2262180.101501465
55,105,652851.9916992188,2262180.862121582
55,106,652956.2011108398,2262409.1934814453
55,107,653030.0709228516,2262571.0482788086
55,108,653032.6594848633,2262576.720275879
55,109,653270.6619262695,2263098.203125
55,110,653267.0778808594,2263100.569885254
55,111,653267.0778808594,2263172.4987182617
55,112,653344.9326782227,2263362.4642944336
55,113,653874.344909668,2263371.8068847656
55,114,653897.7012939453,2263568.0006713867
55,115,654277.6323242188,2263622.4990844727
55,116,654484.7260742188,2263706.5822753906
55,117,654543.895690918,2263706.5822753906
55,118,654824.141677037,2264709.001014403
55,119,655135.551665609,2264504.7244137125
55,120,655767.0018340318,2264098.570362485
55,121,656081.6318916837,2263814.4715699754
44,0,668260.5183440777,2297508.072178022
44,1,668279.5519924178,2297615.0219020844
44,2,668396.4085483553,2297622.513555527
44,3,668407.3606243132,2297617.3551692963
44,4,668599.8529686073,2297620.274726585
44,5,668600.1668220394,2297619.9342754046
44,6,668664.9517999999,2297570.5999999996
44,7,668668.4764194486,2297323.112729862
44,8,668730.4695301049,2297312.8526477804
44,9,668731.6416950226,2297274.172208788
44,10,668779.6991786942,2297276.5164928455
44,11,668791.4205265042,2297247.2131328583
44,12,669098.8923000004,2297206.3608999997
44,13,669119.5727000004,2297159.9793
44,14,669212.1934000002,2297115.5812999997
44,15,669405.4225000003,2297152.7369999997
44,16,669516.9999000002,2297079.0123999994
44,17,669548.6617958625,2297194.105395748
44,18,669614.9157070745,2297123.08756642
44,19,670035.9244462987,2296671.806634609
44,20,670030.1630403296,2296653.712444717
44,21,670027.0981959772,2296644.0870380024
44,22,670017.1630100762,2296612.8847340397
44,23,669982.4925480424,2296503.9991725925
44,24,670001.0756072433,2296497.5781464726
44,25,669999.4514216202,2296491.551556579
44,26,669991.0276513777,2296430.040369297
44,27,669986.315180498,2296395.629449891
44,28,669983.5625514528,2296375.529504869
44,29,669966.516024694,2296290.5781302787
44,30,669960.3817882407,2296255.564533491
44,31,669953.5244031698,2296216.602058134
44,32,669945.0316321763,2296168.3476029285
44,33,669936.2190126821,2296118.2758238874
44,34,669922.3841996418,2296035.1387102855
44,35,669920.3923389313,2296023.1690834276
44,36,669899.5034233311,2295897.641969739
44,37,669888.9693512629,2295833.047347469
44,38,669878.9456924519,2295774.241788896
44,39,669866.8468926223,2295699.3751828535
44,40,669830.5565863629,2295489.031514444
44,41,669813.2964773951,2295397.1503020073
44,42,669809.3097562667,2295370.656331706
44,43,669796.1134805982,2295282.959769953
44,44,669787.1701360978,2295247.59219755
44,45,669783.2169570881,2295202.040135755
44,46,669774.3361231245,2295155.021106679
44,47,669772.9332977093,2295147.5939338133
44,48,669764.7721334281,2295104.385151574
44,49,669756.8511423348,2295057.996017913
44,50,669749.046446641,2295008.4198720693
44,51,669739.777470983,2294956.1259453706
44,52,669734.9009709182,2294920.118064678
44,53,669731.5458479188,2294904.9068713947
44,54,669725.0667951035,2294856.654781685
44,55,669711.6537933612,2294806.031462567
44,56,669712.3888174521,2294798.861402064
44,57,669706.4616711956,2294757.138857204
44,58,669694.2687588495,2294693.9979483113
44,59,668037.1065145975,2294913.3280402506
44,60,668085.2354443728,2295090.5412278348
44,61,668014.1527173202,2295112.26094999
44,62,667963.8024523248,2295050.063563819
44,63,667456.350761978,2294972.070016081
44,64,667423.7711787455,2294988.853437746
44,65,667224.3446389595,2294957.2611146113
44,66,666784.0266352734,2295058.9489047006
44,67,666345.6831517831,2295153.7258741036
44,68,665970.5243145616,2295185.3181972383
44,69,665970.5243145616,2295047.101783525
44,70,665767.1487343838,2295090.5412278348
44,71,665413.7096193173,2295086.5921874433
44,72,665360.3975740279,2294924.681531379
44,73,665218.232119923,2294764.745395511
44,74,664910.4537843849,2295009.092269752
44,75,664910.2022052571,2295010.5277506574
44,76,663971.7977483028,2295715.405468319
44,77,664401.2659130095,2296539.163007738
44,78,664415.0249118806,2296532.0287036896
44,79,664417.8505382566,2296540.3393764496
44,80,664423.6879940078,2296557.508382801
44,81,664416.5537052182,2296576.872900009
44,82,664425.5417346966,2296602.938150408
44,83,664425.7263813028,2296603.473611831
44,84,664425.7263813029,2296603.4736118317
44,85,664425.7866039271,2296603.4570484185
44,86,664446.1100864423,2296597.868154528
44,87,664448.0990814022,2296602.3433851735
44,88,664450.370103836,2296607.4531764984
44,89,664458.3403263089,2296625.386152268
44,90,664466.7486181261,2296626.9149227142
44,91,664469.5513820652,2296627.424512862
44,92,664472.4912304856,2296625.770849201
44,93,664485.8583316817,2296618.251859666
44,94,664494.4258651749,2296619.838428593
44,95,664499.6173229231,2296620.7998027806
44,96,664499.6173191074,2296628.2252063756
44,97,664499.6173191076,2296630.9916744237
44,98,664499.6173191089,2296630.991674424
44,99,664499.6173191089,2296630.9916744255
44,100,664550.5766162891,2296645.260271078
44,101,664573.473245019,2296675.830664163
44,102,664604.6737384816,2296717.487947462
44,103,664643.0310153966,2296690.195272446
44,104,664649.3984355924,2296689.732194901
44,105,664656.5544223778,2296689.211763382
44,106,664689.5023174284,2296675.1965961456
44,107,664716.6834125506,2296647.094106674
44,108,664718.5161228164,2296645.1992740636
44,109,664765.725084305,2296639.7898883824
44,110,664809.1306400293,2296620.213979721
44,111,664809.7082881923,2296619.9534702306
44,112,664809.9877071386,2296619.8274478912
44,113,664873.666337967,2296583.729299545
44,114,665053.2647762317,2296454.5031871796
44,115,665053.8827152246,2296454.058557511
44,116,665054.4603977199,2296450.8784046173
44,117,665054.8855266576,2296448.53808403
44,118,665055.5130062096,2296446.8039951324
44,119,665056.8819026948,2296438.928956985
44,120,665058.757223129,2296428.140584946
44,121,665058.8140010838,2296427.814004898
44,122,665065.3160114298,2296412.4620075244
44,123,665067.4828319553,2296411.7387104034
44,124,665068.0273189542,2296411.556959152
44,125,665069.0624561321,2296405.8585224156
44,126,665070.4493389128,2296398.223760605
44,127,665074.5558986659,2296400.4823589325
44,128,665074.9321079281,2296400.6892719287
44,129,665131.0035114321,2296515.3358402243
44,130,665219.5332088465,2296459.6664524083
44,131,665277.3023915798,2296455.782990826
44,132,665284.2418270117,2296455.3164958945
44,133,665409.3418369286,2296377.7218723297
44,134,665418.3638973245,2296351.724264145
44,135,665470.2712078113,2296350.7434635162
44,136,665477.9434070595,2296345.753511429
44,137,665497.2982845312,2296315.551504135
44,138,665514.7277050017,2296287.3566951747
44,139,665524.5646839141,2296256.0479717255
44,140,665536.4368267072,2296211.589250564
44,141,665546.2140483854,2296186.358438492
44,142,665550.2545337679,2296163.0973415375
44,143,665554.6637821184,2296102.3559093494
44,144,665549.2060375218,2296075.9620952625
44,145,665512.0463466647,2296075.596529007
44,146,665477.0413074506,2296049.9252376575
44,147,665425.5793704997,2296050.4322948465
44,148,665424.4572544094,2296067.6436481476
44,149,665412.7845058441,2296091.8428058624
44,150,665360.6608753201,2296117.6217556
44,151,665305.708951951,2296119.653406143
44,152,665262.9989757536,2296111.2200260167
44,153,665302.3351917261,2296117.439798355
44,154,665336.1658954647,2296043.3604679117
44,155,665453.5651683807,2295989.293313982
44,156,665601.0351390836,2295958.5316600795
44,157,665563.2598705277,2295838.5141506195
44,158,665542.7058277135,2295727.869699478
44,159,665545.5834293365,2295714.0528469086
44,160,665590.3415660856,2295673.2461566925
44,161,665576.2504259415,2295657.6399800023
44,162,665560.878263473,2295640.615049364
44,163,665559.2163026697,2295648.594941105
44,164,665557.6928386692,2295655.909841537
44,165,665525.6044921557,2295630.857931463
44,166,665480.7670230875,2295595.8525676737
44,167,665480.7670230868,2295595.852567673
44,168,665501.90934944,2295569.133317949
44,169,665493.7530529775,2295559.2463792367
44,170,665514.7133561412,2295539.7870784085
44,171,665539.4445835504,2295524.195652433
44,172,665610.9500888857,2295512.9053094857
44,173,665624.9498649482,2295519.982202773
44,174,665623.6472873695,2295530.8350124364
44,175,665615.8517739135,2295601.2345729866
44,176,665614.8932018277,2295609.891225817
44,177,665615.037592036,2295612.5523724956
44,178,665618.2689838447,2295672.1077098846
44,179,665631.0246211122,2295738.3180562095
44,180,665632.181051255,2295744.3207073216
44,181,665669.2876453398,2295755.9920291905
44,182,665739.4991474159,2295780.7087230687
44,183,665764.4060840611,2295816.2854824066
44,184,665768.4302195125,2295827.873970986
44,185,665785.0886631033,2295875.846059799
44,186,665802.7722143255,2295901.2703953735
44,187,665833.586687091,2295945.573572167
44,188,665871.9932308195,2296003.5563373566
44,189,665879.1632976539,2296029.0457439423
44,190,665908.636034011,2296043.3858318347
44,191,665905.4493770602,2296131.0074710846
44,192,665862.4352321627,2296158.886892319
44,193,665806.6784343726,2296167.654378891
44,194,665795.5250110624,2296209.0731449123
44,195,665785.6331768036,2296248.6322879796
44,196,665795.1634845728,2296268.016324999
44,197,665860.5126323705,2296292.694292074
44,198,665892.4594173435,2296317.6497516646
44,199,665885.1399250035,2296354.294839859
44,200,665877.1476306914,2296384.1939754486
44,201,665843.0441303251,2296396.509973526
44,202,665811.3016905409,2296414.587345083
44,203,665800.5303058635,2296420.7216663347
44,204,665792.9340418327,2296422.9450115
44,205,665770.3305225378,2296429.5608196305
44,206,665764.4404773719,2296460.497915268
44,207,665768.8600559263,2296495.850496294
44,208,665767.3855075843,2296525.313035967
44,209,665776.9578380586,2296560.6696720123
44,210,665782.803194046,2296609.7612667084
44,211,665752.3509731295,2296624.748029709
44,212,665735.8233776087,2296640.8654499054
44,213,665735.535783768,2296670.05484581
44,214,665723.2707386012,2296682.2845668797
44,215,665703.4874057774,2296696.5692653656
44,216,665703.4873981478,2296710.7682018285
44,217,665703.4873981482,2296712.0586509192
44,218,665703.4873981482,2296712.0966053014
44,219,665714.3720738777,2296722.6411440503
44,220,665721.2410488157,2296729.295469285
44,221,665738.7589969644,2296746.2659893045
44,222,665748.0123506194,2296753.900010354
44,223,665782.8485126494,2296782.6398601537
44,224,665791.9305818295,2296782.878863943
44,225,665792.109834671,2296782.8835811615
44,226,665795.0413309744,2296782.9607260106
44,227,665866.6185894028,2296784.8443431864
44,228,665898.5421047207,2296780.8538951916
44,229,665928.3438930518,2296777.1286678324
44,230,665934.9573154447,2296784.8443546295
44,231,665939.4560184481,2296790.4677295685
44,232,665979.0468311307,2296839.956205368
44,233,666004.1182384486,2296894.2236804967
44,234,666013.216192246,2296913.9163684845
44,235,665980.149038315,2296934.858877182
44,236,665952.5931186681,2296949.1879673
44,237,665950.1252694979,2296948.9931379305
44,238,665910.7081012727,2296945.8812694554
44,239,665884.2543964381,2296952.494688034
44,240,665860.0051441193,2296949.18797493
44,241,665846.4042415617,2296940.5979175568
44,242,665839.5544147729,2296936.271707418
44,243,665839.0626316072,2296935.9611072545
44,244,665838.2698256181,2296935.7107476536
44,245,665820.9867649106,2296930.252943038
44,246,665818.1201114658,2296929.347688674
44,247,665813.9316024019,2296925.379622959
44,248,665797.1776027677,2296909.5073947925
44,249,665721.7936763763,2296953.191415788
44,250,665582.2412319205,2297034.0602703113
44,251,665545.1835880282,2297213.98705101
44,252,665536.520490647,2297256.049180984
44,253,665530.4360790255,2297285.5909557347
44,254,665534.9120769519,2297291.2859096527
44,255,665534.9120769507,2297291.2859096527
44,256,665547.8634357456,2297307.7643375397
44,257,665578.4611301424,2297346.6947803493
44,258,665572.7782192233,2297396.7045650487
44,259,665564.8221111293,2297428.528970718
44,260,665584.6288807834,2297445.7295785057
44,261,665608.0123920441,2297466.0363025684
44,262,665662.5685138713,2297516.046110157
44,263,665680.0807971959,2297529.7719478616
44,264,665701.0074666444,2297546.1739188368
44,265,665746.2355135318,2297524.6038171696
44,266,665788.6606770732,2297444.9512523566
44,267,665756.901072297,2297349.450785073
44,268,665784.2530528146,2297321.846307437
44,269,665820.6282220212,2297360.9390801317
44,270,665847.8670405698,2297369.676326147
44,271,665881.2610964389,2297425.4580095015
44,272,665937.0260240193,2297442.6282948367
44,273,665903.4030941993,2297384.337156518
44,274,665901.298207615,2297338.125658755
44,275,665938.0729941239,2297322.571511315
44,276,665991.4381448776,2297330.207537206
44,277,666233.4495690288,2297547.9256873135
44,278,666487.6301207065,2297689.904433995
44,279,666487.6301207065,2297692.094938182
44,280,666491.4928913114,2297688.737478262
44,281,666491.4928913115,2297688.737478256
44,282,666516.4408397679,2297710.7503910065
44,283,666516.4408435817,2297719.8010463715
44,284,666516.4408473973,2297743.511198044
44,285,666539.8414325704,2297771.591901785
44,286,666535.1613216404,2297809.0328540797
44,287,666535.1613216405,2297809.03285408
44,288,666544.5215778346,2297839.4535923
44,289,666544.5215778359,2297839.453592304
44,290,666544.5215778362,2297879.2345829015
44,291,666555.7151546478,2297887.629770279
44,292,666573.0329898561,2297900.61815109
44,293,666581.9624958048,2297907.315282822
44,294,666584.8492360607,2297907.7276738347
44,295,666641.0095729844,2297915.750570301
44,296,666647.4841213223,2297916.6755046863
44,297,666647.4841175075,2297935.7731057927
44,298,666647.4841175075,2297935.7731113415
44,299,666647.4841175075,2297935.7731113434
44,300,666647.4841175077,2297937.924600601
44,301,666647.484117508,2297940.076089859
44,302,666653.9269043365,2297941.5628892607
44,303,666659.8740940107,2297942.935319899
44,304,666663.3674462,2297943.741477473
44,305,666677.9048900605,2297947.0962696145
44,306,666677.9048900616,2297947.096269615
44,307,666682.584997178,2298080.4795894623
44,308,666769.1671352385,2298127.280759812
44,309,666777.9049053203,2298101.0674495697
44,310,666780.867425918,2298092.1798839574
44,311,666794.9714412735,2298101.5825595837
44,312,666814.1427380664,2298114.3634206383
44,313,666830.0086421972,2298124.94068718
44,314,666837.4619022228,2298144.5054784217
44,315,666848.7291240685,2298174.0819110875
44,316,666854.5952854162,2298200.8986759186
44,317,666865.1095256808,2298248.9637813563
44,318,666871.0790879616,2298255.7473757914
44,319,666901.672952652,2298290.51313591
44,320,666915.4880543726,2298306.212117547
44,321,666916.5908107769,2298307.465250017
44,322,666900.2104129803,2298394.047388078
44,323,666915.058355331,2298402.7086925507
44,324,666928.2911052697,2298410.427793503
44,325,666933.9072780608,2298401.6915225987
44,326,666949.3516178146,2298377.6669788365
44,327,666975.2116754679,2298376.948642467
44,328,666975.1636543609,2298367.008273324
44,329,666974.694420931,2298269.8769533373
44,330,666937.15574654,2298133.79925867
44,331,666971.8284330252,2298076.6782302936
44,332,666971.828433025,2298076.6782302936
44,333,666944.112600327,2298067.0379428877
44,334,666935.1488933553,2298011.462961198
44,335,666907.361364364,2298020.4266910558
44,336,666870.610181809,2297997.1210384364
44,337,666870.3711471704,2297995.208771501
44,338,666867.0246791829,2297968.4371700287
44,339,666855.3718662264,2297931.6859531403
44,340,666815.0351657871,2297927.2040996547
44,341,666793.5222721108,2297898.520261763
44,342,666793.5222949991,2297864.45816231
44,343,666793.5222949978,2297864.458162308
44,344,666793.5222949978,2297864.4581623077
44,345,666775.5949077604,2297838.463418961
44,346,666769.199746278,2297810.3420705837
44,347,666764.5370273602,2297789.8387661
44,348,666790.9675083158,2297776.4453563695
44,349,666832.1870288852,2297758.3081951146
44,350,666863.6391201019,2297729.4053440094
44,351,666898.9667491912,2297720.38624382
44,352,666929.4698848727,2297756.6584377293
44,353,666940.4491185949,2297767.638426731
44,354,666956.919092179,2297784.10953331
44,355,667009.4035739903,2297803.7848148346
44,356,667033.345651627,2297819.3167209625
44,357,667050.1929378512,2297837.45731163
44,358,667059.083525049,2297850.1858750344
44,359,667072.8521099093,2297869.8982181554
44,360,667107.1024074551,2297906.66649437
44,361,667132.2786197662,2297928.9632320404
44,362,667163.6053943628,2297905.05736351
44,363,667193.2844600662,2297885.2702312474
44,364,667174.0437940222,2297862.968336403
44,365,667157.0106258406,2297843.225156786
44,366,667138.0493946106,2297788.8114261627
44,367,667137.3330478674,2297749.485025406
44,368,667153.8153285991,2297725.6938037896
44,369,667187.3533562734,2297698.075242839
44,370,667195.5416202538,2297691.3322086334
44,371,667225.4378147122,2297698.125112534
44,372,667246.0485401168,2297662.677148821
44,373,667263.3861691859,2297641.4229019065
44,374,667270.7158908844,2297632.4373760223
44,375,667292.0867436777,2297633.847294341
44,376,667341.6794147494,2297637.119115833
44,377,667352.2194076836,2297661.298056617
44,378,667355.695421219,2297669.2720966334
44,379,667415.3046474451,2297629.5320186615
44,380,667414.2282848358,2297586.8289432526
44,381,667417.947080612,2297543.0836048126
44,382,667489.4305095678,2297557.7406749725
44,383,667523.7166996016,2297527.3640727983
44,384,667538.9510173796,2297486.959455492
44,385,667577.8795337697,2297536.2073192634
44,386,667639.8340158104,2297553.512942354
44,387,667647.953790665,2297555.781023025
44,388,667695.1158504492,2297516.5619487762
44,389,667701.0271778104,2297477.206789018
44,390,667701.0271778107,2297477.2067890167
44,391,667680.8430767084,2297428.5979290036
44,392,667710.4328746798,2297448.1323604593
44,393,667749.7412128442,2297481.1865749354
44,394,667784.3894786839,2297484.6930980682
44,395,667859.9466266627,2297460.1604213715
44,396,667927.0597782135,2297388.130937576
44,397,667937.0273113253,2297320.1472873683
44,398,667955.6139125818,2297312.7126560234
44,399,667975.8855953211,2297369.022809983
44,400,668005.1668300651,2297382.537237169
44,401,668050.21495247,2297396.05165291
44,402,668067.8940294994,2297396.0516414647
44,403,668097.359128952,2297396.051622391
44,404,668107.0800418853,2297421.5381755834
44,405,668133.7489070896,2297430.2337474823
44,406,668164.2020511624,2297456.8787136073
44,407,668189.9642887115,2297457.1363735204
44,408,668189.964288713,2297457.1363735204
44,409,668206.0919551859,2297429.9036426554
44,410,668235.5963191992,2297452.3247852325
44,411,668250.1956195845,2297478.811315537
44,412,668260.5183440777,2297508.072178022
54,0,686256.9978095529,2260935.257619682
54,1,686176.4353614605,2261076.434388875
54,2,686191.7072754102,2261168.065872573
54,3,686619.3208660008,2261381.872667868
54,4,686691.8624572618,2261439.1423451793
54,5,686943.8490374312,2261675.857011399
54,6,686955.3029728935,2261824.7581724087
54,7,687165.2917897013,2261962.2053979556
54,8,687216.8705865459,2261891.5233430206
54,9,687227.4264460064,2261897.891080191
54,10,687228.9393068259,2261903.6399513027
54,11,687255.5645578213,2261922.540184133
54,12,687294.8933053549,2261933.233108048
54,13,687334.4136906737,2261978.3992627
54,14,687520.2707796518,2262076.877442979
54,15,687687.7845857874,2262233.6531846183
54,16,687696.3750373841,2262341.033829577
54,17,687797.3128436453,2262390.428926258
54,18,688065.5105116864,2262333.864946713
54,19,688143.9177711869,2262367.674215207
54,20,688226.1514655233,2262247.2411853815
54,21,688616.2696217697,2261736.224950849
54,22,688770.9235680734,2261631.181872511
54,23,689059.7253028617,2261449.3437432
54,24,690788.9702580766,2260258.482268887
54,25,690746.1848158856,2260089.1232268815
54,26,690728.3575483061,2259987.507801678
54,27,690715.8784610004,2259853.803294832
54,28,690764.012083465,2259770.0151372077
54,29,690810.3629791718,2259689.7924331
54,30,690810.3629791718,2259618.483362782
54,31,690756.8811764333,2259527.5642981264
54,32,690733.7057285799,2259427.731599681
54,33,690592.8703147016,2259176.3671268094
54,34,690526.9094246572,2259072.9689748483
54,35,690444.9039937914,2258859.041763894
54,36,690380.7258305051,2258812.6908681868
54,37,690270.196771512,2258830.5181357665
54,38,690099.0550027485,2258876.869031473
54,39,690020.6150253986,2258794.8636006075
54,40,690059.8350140735,2258641.5490994235
54,41,690127.5786308758,2258548.84730801
54,42,689906.5205128896,2258195.867409935
54,43,688048.9192311025,2259482.996129178
54,44,687979.3928875424,2259598.873368445
54,45,687152.207671852,2260183.6077450532
54,46,686589.0687420581,2260570.2862472553
54,47,686419.7668277744,2260407.9751762906
54,48,686219.965069758,2260165.757402606
54,49,685998.7834594565,2259817.7030779845
54,50,685478.2272461342,2259899.70850885
54,51,684508.4238898078,2259564.555878355
54,52,684296.2794056112,2260038.7611959702
54,53,684337.2821210442,2260074.4157311292
54,54,684836.4456132711,2260263.3847674723
54,55,684613.604768527,2260404.2201813506
54,56,684446.891106661,2261099.342259799
54,57,684458.507540585,2261135.138152111
54,58,686256.9978095529,2260935.257619682
49,0,695116.7096999995,2275776.7486000005
49,1,695209.6004586691,2275956.6711826515
49,2,695234.649810902,2275992.6796264863
49,3,695234.649810902,2275992.6796264863
49,4,695234.649810902,2275992.6796264863
49,5,695234.649810902,2275992.6796264863
49,6,695234.649810902,2275992.6796264863
49,7,695234.649810902,2275992.6796264863
49,8,695234.649810902,2275992.6796264863
49,9,695234.649810902,2275992.6796264863
49,10,695234.649810902,2275992.6796264863
49,11,695234.649810902,2275992.6796264863
49,12,695235.8206325787,2276025.976540607
49,13,695212.1164325797,2276020.3906406076
49,14,695166.0116325805,2276059.047240609
49,15,695165.9976325798,2276059.428540606
49,16,695165.1039325792,2276083.6113406117
49,17,695170.854232581,2276127.51304061
49,18,695165.8964325807,2276177.9334406084
49,19,695172.3560325808,2276214.537440607
49,20,695177.9612325802,2276271.0568406107
49,21,695145.4476325795,2276378.9439406064
49,22,695144.9316325805,2276378.513440609
49,23,695139.1182325787,2276373.662840607
49,24,695106.2206325805,2276479.447840614
49,25,695096.014532579,2276531.692240612
49,26,695105.7826325801,2276601.1666406128
49,27,695105.5373325796,2276601.966240609
49,28,695102.456132581,2276612.0087406095
49,29,695102.4561325818,2276612.0087406104
49,30,695102.7880325806,2276612.3093406106
49,31,695108.1602325791,2276617.1744406093
49,32,695108.2142255013,2276617.5731401793
49,33,695110.8584325798,2276637.0987406056
49,34,695111.1117325788,2276638.9690406113
49,35,695093.3040120754,2276649.8292298405
49,36,695078.1158217082,2276675.6903332015
49,37,695057.200591084,2276720.823199285
49,38,695058.7500437844,2276769.754889829
49,39,695058.7500437844,2276769.754889829
49,40,695058.7500437844,2276769.754889829
49,41,695058.7500437844,2276769.754889829
49,42,695088.0230362144,2276796.7785104993
49,43,695137.5591087453,2276856.2217975366
49,44,695157.0350523631,2276880.3206955967
49,45,695157.0350523631,2276880.3206955967
49,46,695157.0350523631,2276880.3206955967
49,47,695157.0350523631,2276880.3206955967
49,48,695157.0350523631,2276880.3206955967
49,49,695166.7504773417,2276891.2500691083
49,50,695174.9863635465,2276911.2618781268
49,51,695161.5624367835,2276927.559893893
49,52,695161.5624367835,2276927.559893893
49,53,695102.2493170544,2276937.7500048643
49,54,695066.2496001417,2276948.2506903745
49,55,695061.6037975313,2276964.100355493
49,56,695053.8981862487,2276996.023602235
49,57,695037.2192892508,2277020.8350444078
49,58,695034.3433920421,2277041.8963247687
49,59,695028.5797491773,2277076.3821198964
49,60,695010.9669233885,2277134.724605322
49,61,695066.0070039786,2277185.3614794645
49,62,695092.4262426617,2277212.8815197595
49,63,695110.0390684505,2277232.695948772
49,64,695145.264720028,2277258.014385843
49,65,695145.264720028,2277258.014385843
49,66,695145.264720028,2277258.014385843
49,67,695145.264720028,2277258.014385843
49,68,695172.784760323,2277299.8448470915
49,69,695172.784760323,2277299.8448470915
49,70,695206.9096102888,2277336.171300281
49,71,695206.9096102888,2277336.171300281
49,72,695206.9096102888,2277336.171300281
49,73,695206.9096102888,2277336.171300281
49,74,695206.9096102888,2277336.171300281
49,75,695206.9096102888,2277336.171300281
49,76,695206.9096102888,2277336.171300281
49,77,695206.9096102888,2277336.171300281
49,78,695206.9096102888,2277336.171300281
49,79,695206.9096102888,2277336.171300281
49,80,695206.9096102888,2277336.171300281
49,81,695206.9096102888,2277336.171300281
49,82,695206.9096102888,2277336.171300281
49,83,695206.9096102888,2277336.171300281
49,84,695227.824840913,2277368.094547023
49,85,695246.5384683136,2277385.707372812
49,86,695260.848889267,2277404.4210002124
49,87,695299.3769456799,2277447.352263073
49,88,695324.6953827513,2277475.9731049794
49,89,695348.9130182109,2277511.198756557
49,90,695379.4602629383,2277546.97480894
49,91,695387.7162750268,2277560.7348290877
49,92,695395.9722871153,2277568.4404403702
49,93,695414.1355137099,2277589.9060718007
49,94,695414.1355137099,2277589.9060718007
49,95,695414.1355137099,2277589.9060718007
49,96,695414.1355137099,2277589.9060718007
49,97,695414.1355137099,2277589.9060718007
49,98,695414.1355137099,2277589.9060718007
49,99,695414.1355137099,2277589.9060718007
49,100,695436.1515459458,2277609.720500813
49,101,695482.3852136413,2277653.752565285
49,102,695519.8124684425,2277695.5830265335
49,103,695548.4333103492,2277726.405471664
49,104,695621.086216728,2277801.259981266
49,105,695651.9086618584,2277851.8968554093
49,106,695689.3359166596,2277898.1305231047
49,107,695728.9647746843,2277931.1545714587
49,108,695764.1904262619,2277959.7754133656
49,109,695795.0128713923,2277997.2026681667
49,110,695830.2385229698,2278050.041145533
49,111,695852.2545552058,2278078.6619874397
49,112,695889.681810007,2278096.2748132288
49,113,695900.6898261249,2278129.2988615828
49,114,695933.7138744789,2278175.532529278
49,115,695973.3427325037,2278230.572609868
49,116,696017.3747969756,2278265.7982614455
49,117,696037.189225988,2278296.620706576
49,118,696184.6966419691,2278455.1361386753
49,119,696261.752754795,2278552.0066805133
49,120,696314.5912321614,2278554.208283737
49,121,696365.2281063042,2278681.9012707057
49,122,696420.2681868941,2278774.3686060966
49,123,696458.5214,2278821.9563999996
49,124,696991.9374325796,2278012.6977406107
49,125,697010.4757325791,2277993.078740611
49,126,697067.5246325801,2277905.3373406087
49,127,697081.1791189405,2277883.9930513743
49,128,697130.7868325795,2277806.4477406065
49,129,697109.6347365938,2277767.7620143266
49,130,697109.3469325788,2277767.2356406115
49,131,697109.237178711,2277767.0349073843
49,132,697107.5867325803,2277764.0163406134
49,133,697206.5545325801,2277678.462340612
49,134,697228.2159415939,2277631.7413153904
49,135,697248.2626325793,2277588.503040608
49,136,697307.9824325813,2277476.383940609
49,137,697317.5707783542,2277458.382555174
49,138,697333.0394325813,2277429.3413406108
49,139,697421.967932581,2277243.7070406084
49,140,697421.8499871861,2277243.723755524
49,141,697421.4916325792,2277243.7745406097
49,142,697091.6334325802,2277290.5304406113
49,143,697080.9815325808,2277291.7443406116
49,144,696763.9729325809,2277327.8706406076
49,145,696766.0246325815,2277298.5965406094
49,146,696767.2067325804,2277281.731740609
49,147,696767.4256325793,2277278.6086406093
49,148,696750.5942325806,2276990.421640614
49,149,696745.7417325815,2276911.82214061
49,150,696739.9639325812,2276719.647340607
49,151,696732.5270325802,2276560.0947406143
49,152,696726.9094325798,2276436.944640614
49,153,696731.6376325814,2276412.078040611
49,154,696731.6830325796,2276411.838940608
49,155,696752.4818325792,2276408.76094061
49,156,696758.000101357,2276407.9442771026
49,157,696791.3425325803,2276403.009840611
49,158,696776.8531325811,2276216.5143406074
49,159,696767.6152325795,2276101.822740609
49,160,696727.6163325813,2276104.6687406134
49,161,696697.7528325804,2276106.79364061
49,162,696731.3486068196,2276061.565345126
49,163,696731.3486068196,2276061.565345126
49,164,696728.2174377905,2275994.245211
49,165,696723.5206842468,2275897.1789710973
49,166,696709.4304236158,2275775.0633789618
49,167,696390.4780325806,2275838.821740609
49,168,696372.4271357304,2275842.895791539
49,169,696359.4312325808,2275845.8289406095
49,170,696349.2853743148,2275823.9100762005
49,171,696347.2473325804,2275819.507140612
49,172,696121.9669530657,2275777.1035918207
49,173,696099.1552325804,2275772.8098406084
49,174,696099.1066392215,2275772.8006939567
49,175,696098.9836325794,2275772.7775406092
49,176,696087.0239304337,2275774.8273036107
49,177,696045.0817325814,2275782.015740607
49,178,696031.8833325807,2275790.8035406084
49,179,696031.1826604343,2275791.270051382
49,180,696027.0110325806,2275794.0475406083
49,181,696027.0968168272,2275793.762528009
49,182,696027.0997325797,2275793.75284061
49,183,696027.796338468,2275791.4364525247
49,184,696045.6584325815,2275732.0405406095
49,185,696057.7401325814,2275711.779240614
49,186,696085.1274215026,2275719.19123369
49,187,696093.1729325799,2275721.368640609
49,188,696093.1646325799,2275721.2261406085
49,189,696092.6310325802,2275712.1120406096
49,190,696091.3006325808,2275689.3858406115
49,191,696066.7947325809,2275689.1029406134
49,192,696066.3274325812,2275689.0975406133
49,193,696066.3274325812,2275689.097540613
49,194,696022.138821725,2275693.652984206
49,195,696022.138821725,2275693.652984206
49,196,695978.3024553173,2275695.218568721
49,197,695936.0316734243,2275701.480906779
49,198,695873.408292842,2275714.005582895
49,199,695873.408292842,2275714.005582895
49,200,695873.408292842,2275714.005582895
49,201,695818.6128348324,2275712.439998381
49,202,695734.0712710463,2275728.0958435265
49,203,695734.0712710463,2275728.0958435265
49,204,695734.0712710463,2275728.0958435265
49,205,695734.0712710463,2275728.0958435265
49,206,695734.0712710463,2275728.0958435265
49,207,695734.0712710463,2275728.0958435265
49,208,695663.619967891,2275734.358181584
49,209,695663.619967891,2275734.358181584
49,210,695663.619967891,2275734.358181584
49,211,695663.619967891,2275734.358181584
49,212,695663.619967891,2275734.358181584
49,213,695516.4550235225,2275743.7516886713
49,214,695397.4706004161,2275753.145195759
49,215,695116.7096999995,2275776.7486000005
50,0,699400.0831099534,2269878.093606793
50,1,699208.6904030486,2269751.2812611135
50,2,699154.6777372964,2269737.1910004825
50,3,699045.0538224112,2269876.6101868637
50,4,699047.8265941781,2269974.3770544385
50,5,699141.7616650517,2270088.2733278726
50,6,699185.2066353307,2270145.8085587826
50,7,699247.4386197843,2270239.743629656
50,8,699202.8194611195,2270296.10467218
50,9,699118.2778973333,2270337.201265687
50,10,699073.8132911691,2270406.192626169
50,11,699042.7486456125,2270431.1761474153
50,12,699042.7486456125,2270431.1761474153
50,13,699042.7486456125,2270431.1761474153
50,14,698867.0015827462,2270574.3873196426
50,15,698864.6532059744,2270661.2772602006
50,16,698841.169438256,2270728.205998198
50,17,698783.9414325797,2270919.2777406075
50,18,698621.5110325795,2270945.22234061
50,19,698580.4829325794,2270987.769540608
50,20,698408.5772325796,2271008.5437406087
50,21,698398.4518325786,2271059.044240609
50,22,698435.5615325785,2271148.0592406066
50,23,698574.734032578,2271276.2286406094
50,24,698747.7509325793,2271364.2995406077
50,25,698910.3567325794,2271423.6541406093
50,26,698949.5502325802,2271437.960640608
50,27,699154.6777372971,2271584.189331533
50,28,699178.7050799484,2271651.557463511
50,29,699302.4845589458,2271637.7715577646
50,30,699393.0151325796,2271640.1256406093
50,31,699446.8865847974,2271632.472897897
50,32,699491.669804056,2271629.982678584
50,33,699620.830526507,2271605.3247224796
50,34,699700.6753367495,2271593.58283862
50,35,699758.2105676596,2271583.015143147
50,36,699795.784596009,2271580.6667663753
50,37,699834.5328127443,2271575.9700128315
50,38,699865.0617107782,2271544.2669264115
50,39,699862.1190889095,2271519.146858011
50,40,699886.0425325801,2271478.8659406085
50,41,699936.9889325787,2271201.05974061
50,42,699939.035579091,2271107.46884685
50,43,699963.6935351954,2271108.6430352363
50,44,700029.8541001416,2271128.006978502
50,45,700122.2089672944,2271170.87501969
50,46,700141.7087045908,2271124.6019436857
50,47,700201.8126271409,2271113.266107988
50,48,700215.781026377,2271107.096732238
50,49,700213.7956613961,2271068.720630115
50,50,700228.3987480248,2271018.1541756038
50,51,700248.1231889694,2271000.413775185
50,52,700234.9310523428,2270970.088805698
50,53,700214.9698497821,2270919.598705103
50,54,700192.6602704496,2270866.760227737
50,55,700176.8738173975,2270836.431980837
50,56,700205.5487154792,2270810.794474968
50,57,700252.1377999997,2270810.2678999994
50,58,700313.7166761039,2270848.517491193
50,59,700394.8198961655,2270860.6116063646
50,60,700438.0656431067,2270869.6956987013
50,61,700507.3427578759,2270756.9736136533
50,62,700528.4781488224,2270749.9284833376
50,63,700516.7362649633,2270603.7420292906
50,64,700560.7683294353,2270539.7487622583
50,65,700587.1875681184,2270467.536176524
50,66,700560.9512999998,2270386.9558000006
50,67,700547.8522571902,2270338.962548266
50,68,700565.9541571552,2270239.1903052167
50,69,700331.214499988,2270238.5694412705
50,70,700289.2470751337,2270226.407595226
50,71,700265.915822225,2270159.624494052
50,72,700185.6151401341,2270175.163268431
50,73,700112.815460207,2270146.9827471687
50,74,700031.706435323,2270112.2552491925
50,75,699996.5708100004,2270085.9249511003
50,76,699856.8423920767,2270069.4863136983
50,77,699760.5589444314,2270069.4863136983
50,78,699688.9334528896,2270084.7507627145
50,79,699631.3982219795,2269907.4483164405
50,80,699565.8471894673,2269924.979973731
50,81,699450.1642334044,2269941.2791335373
50,82,699400.0831099534,2269878.093606793
53,0,694423.6643005643,2255124.5386720113
53,1,694372.3943829167,2255130.387468142
53,2,694381.4672838261,2255173.6140124183
53,3,694324.5742971271,2255177.164167709
53,4,694340.1251791889,2255227.6656603306
53,5,694343.1373826364,2255240.479312205
53,6,694262.1920296608,2255246.5221809843
53,7,694196.6466998025,2255271.215893925
53,8,694121.012137301,2255291.5931827943
53,9,694159.7836570246,2255374.6143756523
53,10,694122.0538108334,2255406.627659066
53,11,694097.9989281438,2255427.543784231
53,12,694084.0924857908,2255397.8275590055
53,13,694018.1385576125,2255429.30281691
53,14,694034.1676781725,2255461.2984570772
53,15,693985.9278413376,2255484.629355342
53,16,693938.139103681,2255502.762624621
53,17,693883.3120374621,2255523.336603102
53,18,693851.5127990191,2255469.285254783
53,19,693779.7097117731,2255490.8323825593
53,20,693844.2084823956,2255626.7957908316
53,21,693810.7712113534,2255645.0975405327
53,22,693847.0160229171,2255708.176666322
53,23,693874.7664490023,2255757.729051105
53,24,693788.9320719987,2255800.350399617
53,25,693765.9809656502,2255810.11983479
53,26,693785.7797485923,2255875.721437149
53,27,693791.5882491352,2255906.0038136914
53,28,693780.4813604476,2255911.113903453
53,29,693784.679049704,2255940.4544182383
53,30,693696.7510558306,2255980.722201001
53,31,693658.1905846004,2255871.6060491996
53,32,693647.769377819,2255839.517183924
53,33,693632.9283657599,2255794.8746139696
53,34,693620.1086940435,2255747.504579634
53,35,693475.9768864498,2255805.0849110144
53,36,693536.4774875481,2255977.483432584
53,37,693597.1679675514,2256111.8928144015
53,38,693446.8045760989,2256181.348843884
53,39,693248.6255642498,2256279.010889026
53,40,693336.671532928,2256450.2004970936
53,41,693309.8669570504,2256470.7594783544
53,42,693289.6724184259,2256487.7959956964
53,43,693264.7072999354,2256513.589413462
53,44,693235.3866919045,2256546.740806522
53,45,693213.8067200467,2256569.5743275485
53,46,693190.4021986976,2256594.541506488
53,47,693200.5324564388,2256602.8144040247
53,48,693208.8509378587,2256609.5165084084
53,49,693216.8038510736,2256617.4600240923
53,50,693226.4708898941,2256623.77789726
53,51,693234.2292043848,2256627.083946454
53,52,693243.6806654718,2256629.394202072
53,53,693252.2691015565,2256630.3078085673
53,54,693266.5886660954,2256628.2472983613
53,55,693273.0750761458,2256626.9870985025
53,56,693279.455021001,2256625.9465798954
53,57,693284.704188524,2256624.8911929186
53,58,693260.8139906689,2256689.780338318
53,59,693240.1097478858,2256730.280212277
53,60,693228.5699240442,2256739.9077516184
53,61,693179.3290435895,2256759.5127973445
53,62,693113.0055322492,2256788.992275478
53,63,693117.3972411158,2256806.739146417
53,64,693128.4902306163,2256820.8996581347
53,65,693146.9293841409,2256825.6050625443
53,66,693171.5683619883,2256823.371849292
53,67,693200.3277576345,2256846.6400759458
53,68,693229.4811826103,2256838.420591036
53,69,693236.0159823167,2256871.4179778122
53,70,693256.258438099,2256840.935313885
53,71,693265.7303052372,2256825.028211002
53,72,693276.1032794164,2256876.0714204716
53,73,693385.5383110258,2256855.303990058
53,74,693421.5423822737,2256986.3452455583
53,75,693443.1679630765,2256989.293185813
53,76,693472.2540794094,2257133.6664574747
53,77,693648.3328093014,2257071.0687708887
53,78,693640.9563673718,2257035.48632782
53,79,693687.6532296056,2257026.6222296376
53,80,693691.0507810514,2257043.267337795
53,81,693773.9346087698,2257019.948084376
53,82,693807.0305911253,2257180.0453318898
53,83,693869.5494190864,2257134.7438106523
53,84,693907.5802903789,2257260.423433986
53,85,693992.4212010703,2257237.6195770926
53,86,694014.6599010306,2257230.739337122
53,87,693968.4664786954,2257010.504268314
53,88,693957.8482070063,2256959.1352142007
53,89,693941.1665882989,2256965.922707659
53,90,693933.6511022013,2256927.4403729676
53,91,693927.0993085434,2256887.6172929937
53,92,693923.0388531468,2256858.2818631963
53,93,693920.418184727,2256846.4540957473
53,94,693918.8354932301,2256834.516887639
53,95,693917.0421120578,2256828.4576221947
53,96,693983.4417707784,2256811.460678014
53,97,694006.9055395888,2256800.119821774
53,98,694058.6981213815,2256791.5222375384
53,99,694072.4990879056,2256865.580991211
53,100,694241.367734837,2256839.597654032
53,101,694259.9628450397,2256913.896082098
53,102,694465.3905109521,2256864.4122508904
53,103,694733.3948579073,2256806.6243001497
53,104,694785.1370154761,2256936.0129134674
53,105,694825.2486776126,2256997.5227790186
53,106,694850.7568180044,2257062.5922696544
53,107,694858.2798449426,2257060.347710022
53,108,694906.9422945514,2257047.6671691234
53,109,694986.2833797535,2257041.326972416
53,110,695043.8908073043,2257009.941453336
53,111,695176.252054634,2256991.6199115724
53,112,695196.6228649705,2256969.129641361
53,113,695221.0873119922,2256895.546304229
53,114,695221.292738924,2256814.4306175136
53,115,695101.207702997,2256507.210788829
53,116,695061.8998974939,2256426.605554563
53,117,695056.3624486316,2256413.741990758
53,118,695011.3666752592,2256296.3471040903
53,119,694988.3885679676,2256277.060884437
53,120,694889.7669924952,2256194.449009188
53,121,694868.4542083709,2256193.0173065183
53,122,694839.263288306,2256213.2661911626
53,123,694744.1467440501,2256276.85075671
53,124,694725.348463244,2256302.4610483577
53,125,694707.8792193157,2256345.116693027
53,126,694698.9456604538,2256344.282315028
53,127,694682.6057724291,2256192.7767581893
53,128,694599.9101590463,2256235.197008672
53,129,694575.0943511146,2256128.07166362
53,130,694554.3343279047,2256027.264748439
53,131,694532.4457308286,2255923.2157339915
53,132,694524.8053517181,2255879.162157042
53,133,694519.8047624759,2255858.085686276
53,134,694511.4058414352,2255819.435640347
53,135,694509.7053771407,2255811.6103752437
53,136,694495.7340415883,2255728.5017969795
53,137,694478.8366429915,2255636.1878192443
53,138,694465.2474740222,2255569.649545809
53,139,694461.9198738312,2255554.341904946
53,140,694459.1995528325,2255541.3270621197
53,141,694455.6416096047,2255502.2537084096
53,142,694451.0369045329,2255458.5167715102
53,143,694492.4345565704,2255269.9940248793
53,144,694507.3797232275,2255228.8220955683
53,145,694482.0061390295,2255208.840141511
53,146,694477.7559029069,2255173.887351045
53,147,694441.3002025991,2255170.7698798813
53,148,694423.6643005643,2255124.5386720113
59,0,676070.8495911781,2263141.334516133
59,1,676070.8495911781,2263141.334516133
59,2,676271.1954845255,2263236.0034547476
59,3,676330.6387715627,2263097.3024516613
59,4,676478.1461875438,2262998.2303065993
59,5,676652.072842208,2263031.2543549533
59,6,676973.5069128533,2262905.762971208
59,7,677041.7566127848,2262751.650745556
59,8,677072.5790579153,2262637.1673779287
59,9,677171.6512029772,2262593.135313457
59,10,677352.1826673122,2262394.9910233333
59,11,677369.795493101,2262144.008255843
59,12,677576.7461961193,2262058.1457301225
59,13,677671.4151347339,2261877.6142657874
59,14,677717.6488024294,2261690.4779917817
59,15,677728.6568185474,2261642.0427208627
59,16,677741.866437889,2261600.2122596144
59,17,677759.4792636778,2261549.5753854713
59,18,677768.2856765722,2261487.930495211
59,19,677704.439183088,2261492.3337016576
59,20,677607.5686412497,2261492.3337016576
59,21,677517.3029090822,2261443.8984307386
59,22,677453.4564155978,2261278.7781889685
59,23,677389.6099221135,2261184.109250354
59,24,677391.811525337,2261096.04512141
59,25,677907.4557999996,2260652.1315
59,26,677794.7049152555,2260305.669564138
59,27,677733.0000999998,2260100.9999
59,28,677662.0006999997,2260011.9992999993
59,29,677554.0006999997,2259954.9990999997
59,30,677426.0009000003,2259949.0012999997
59,31,677378.0054931641,2259667.6463012695
59,32,677450.5178833008,2259644.574279785
59,33,677548.5479125977,2259648.112121582
59,34,677670.3840942383,2259652.5095214844
59,35,677696.6198730469,2259654.8275146484
59,36,677770.963684082,2259661.396118164
59,37,677662.4506835938,2259526.7091064453
59,38,677661.6616821289,2259512.5083007812
59,39,677636.4157104492,2259422.964111328
59,40,677634.837890625,2259355.510070801
59,41,677565.4116821289,2259271.0942993164
59,42,677545.688293457,2259282.1392822266
59,43,677495.1962890625,2259156.698486328
59,44,677476.2426757812,2259085.432495117
59,45,677318.9274902344,2259139.4130859375
59,46,677275.3795166016,2259154.3560791016
59,47,677279.3073120117,2259209.345275879
59,48,677279.3480834961,2259209.918701172
59,49,677199.9730834961,2259313.106323242
59,50,677009.4727172852,2259384.5438842773
59,51,676874.5349121094,2259440.106689453
59,52,676870.5811157227,2259441.3422851562
59,53,676861.7512817383,2259423.312072754
59,54,676827.9489135742,2259431.9630737305
59,55,676811.2260742188,2259433.8610839844
59,56,676796.6041259766,2259440.482116699
59,57,676770.7006835938,2259456.130126953
59,58,676744.9425048828,2259469.676086426
59,59,676722.6370849609,2259480.253479004
59,60,676689.1663208008,2259496.1795043945
59,61,676661.7258911133,2259504.1926879883
59,62,676620.897277832,2259518.6610717773
59,63,676576.8419189453,2259528.7841186523
59,64,676541.8591308594,2259533.4318847656
59,65,676518.9769287109,2259537.3856811523
59,66,676486.8458862305,2259549.433288574
59,67,676470.1530761719,2259553.9688720703
59,68,676442.3660888672,2259565.8505249023
59,69,676420.9735107422,2259571.5607299805
59,70,676408.5872802734,2259575.5001220703
59,71,676372.1265258789,2259589.910095215
59,72,676357.36328125,2259604.49407959
59,73,676341.395690918,2259629.6586914062
59,74,676328.9116821289,2259642.2930908203
59,75,676311.6702880859,2259664.220275879
59,76,676302.0023193359,2259674.260925293
59,77,676290.1754760742,2259685.6491088867
59,78,676260.0834960938,2259709.25592041
59,79,676244.7067260742,2259726.1782836914
59,80,676225.4119262695,2259759.003479004
59,81,676219.3140869141,2259770.0615234375
59,82,676213.3765258789,2259786.0877075195
59,83,676206.4678955078,2259802.9982910156
59,84,676195.0604858398,2259829.0119018555
59,85,676181.2366943359,2259850.7072753906
59,86,676170.1887207031,2259870.567504883
59,87,676161.5615234375,2259889.711730957
59,88,676161.1320800781,2259904.7244873047
59,89,676162.4204711914,2259924.455078125
59,90,676158.2924804688,2259946.1337280273
59,91,676158.3662719727,2259949.9677124023
59,92,676156.9254760742,2259956.389526367
59,93,676143.3898925781,2260028.1713256836
59,94,676142.7916870117,2260036.556274414
59,95,676122.1376953125,2260040.757873535
59,96,676115.9556884766,2260044.287475586
59,97,676111.1981201172,2260045.6157226562
59,98,676103.7769165039,2260049.3311157227
59,99,676093.9733276367,2260053.202697754
59,100,676085.4702758789,2260061.2982788086
59,101,676082.921875,2260064.6918945312
59,102,676077.2587280273,2260081.6591186523
59,103,676072.7111206055,2260088.643676758
59,104,676063.6757202148,2260101.773498535
59,105,676059.4622802734,2260113.3173217773
59,106,676055.2489013672,2260124.36328125
59,107,676052.088684082,2260130.1491088867
59,108,676046.6467285156,2260136.2540893555
59,109,676041.1251220703,2260141.9099121094
59,110,676019.9611206055,2260150.137084961
59,111,676018.2562866211,2260155.588317871
59,112,676015.103515625,2260169.24029541
59,113,676013.1652832031,2260180.825073242
59,114,676014.6846923828,2260189.8162841797
59,115,676005.6256713867,2260200.730102539
59,116,675995.1666870117,2260211.4478759766
59,117,675970.8151245117,2260225.445678711
59,118,675955.2916870117,2260236.416320801
59,119,675943.4326782227,2260248.001098633
59,120,675936.670715332,2260257.041870117
59,121,675932.1439208984,2260268.301086426
59,122,675925.0416870117,2260299.9774780273
59,123,675922.4302978516,2260309.019897461
59,124,675920.3234863281,2260321.643676758
59,125,675920.8500976562,2260344.510498047
59,126,675921.287902832,2260360.0205078125
59,127,675928.6892700195,2260384.228881836
59,128,675935.1834716797,2260403.12310791
59,129,675949.0908813477,2260422.512878418
59,130,675950.9259033203,2260423.9791259766
59,131,675954.3328857422,2260426.7012939453
59,132,675952.3571166992,2260439.0056762695
59,133,675941.204284668,2260468.2244873047
59,134,675938.6420898438,2260492.843688965
59,135,675930.4025268555,2260503.2077026367
59,136,675890.9680786133,2260523.6802978516
59,137,675877.9721069336,2260544.838684082
59,138,675875.194519043,2260558.3259277344
59,139,675876.8638916016,2260567.640319824
59,140,675879.7698974609,2260573.900085449
59,141,675850.5952758789,2260600.968322754
59,142,675822.8140869141,2260628.749694824
59,143,675771.2202758789,2260660.499694824
59,144,675699.7824707031,2260656.530883789
59,145,675620.4072875977,2260604.937072754
59,146,675493.4072875977,2260513.6557006836
59,147,675490.5933227539,2260509.064880371
59,148,675418.0006713867,2260390.6240844727
59,149,675418.0006713867,2260299.3427124023
59,150,675386.2506713867,2260168.3737182617
59,151,675275.1254882812,2260065.1860961914
59,152,675175.9064941406,2259977.873474121
59,153,675009.2186889648,2259906.4357299805
59,154,674667.9055175781,2259795.31048584
59,155,674310.7172851562,2259809.20111084
59,156,674308.2106933594,2259809.4517211914
59,157,674380.670715332,2260297.6041259766
59,158,674440.6870727539,2260322.772277832
59,159,674541.4974975586,2260650.8334960938
59,160,674566.8399047852,2260653.1373291016
59,161,675241.8421020508,2260719.2844848633
59,162,675241.8919067383,2260719.2623291016
59,163,675289.9954833984,2260727.571105957
59,164,675289.8825073242,2260727.9384765625
59,165,675340.2847290039,2260738.648498535
59,166,675610.4164992603,2260862.521056093
59,167,675791.245981781,2261049.811453715
59,168,675791.245981781,2261049.811453715
59,169,675538.0616110673,2261756.5260884897
59,170,675483.0215304773,2261923.8479334833
59,171,675438.9894660054,2262029.524888216
59,172,675366.3365596266,2262093.3713817005
59,173,675463.2071014651,2262214.4595589982
59,174,675571.0856594214,2262346.5557524143
59,175,675401.5622112043,2262361.9669749793
59,176,675322.3044951548,2262436.8214845816
59,177,675359.7317499559,2262498.4663748425
59,178,675447.7958788999,2262518.280803855
59,179,675542.4648175146,2262509.4743909603
59,180,675619.5209303405,2262588.73210701
59,181,675705.3834560608,2262597.5385199045
59,182,675749.4155205328,2262705.4170778603
59,183,675815.4636172408,2262800.086016475
59,184,675901.326142961,2262907.9645744315
59,185,675901.326142961,2262907.9645744315
59,186,675896.9229365139,2263026.851148506
59,187,675896.9229365139,2263026.851148506
59,188,675945.358207433,2263110.5120710027
59,189,676070.8495911781,2263141.334516133
59,190,676070.8495911781,2263141.334516133
56,0,663523.6339622235,2264133.5550316293
56,1,663581.1545037073,2264217.9184924723
56,2,663609.7753456141,2264261.950556944
56,3,663596.5657262724,2264297.1762085217
56,4,663583.3561069309,2264354.4178923354
56,5,663552.5336618006,2264409.457972925
56,6,663484.283961869,2264479.9092760803
56,7,663391.8166264779,2264576.779817919
56,8,663365.3973877947,2264574.578214695
56,9,663334.5749426642,2264559.16699213
56,10,663288.3412749687,2264618.610279167
56,11,663239.9060040496,2264671.4487565337
56,12,663209.0835589193,2264706.6744081113
56,13,663156.2450815529,2264838.770601527
56,14,663134.2290493168,2264845.375411198
56,15,663112.2130170809,2264856.383427316
56,16,663114.4146203045,2264904.818698235
56,17,663059.3745397145,2265091.9549722406
56,18,663032.9553010314,2265091.9549722406
56,19,663010.9392687954,2265102.962988359
56,20,662991.9989,2265166.9997000005
56,21,663216.6870999997,2265283.3652999997
56,22,663351.2942000004,2265359.102499999
56,23,663467.0009000003,2265423.0022
56,24,663531.9998000003,2265497.999500001
56,25,663575.6612999998,2265576.4361000005
56,26,663583.3561069309,2265644.557381364
56,27,663625.4934,2265709.8740999997
56,28,663696.9994999999,2265751.001599999
56,29,663768.0009000003,2265806.998400001
56,30,663849.7500969862,2265884.532132736
56,31,663884.9989,2265924.9977
56,32,663975.9348999998,2265989.939099999
56,33,664007.9912999999,2266032.5786000006
56,34,664051.3831000002,2266098.460000001
56,35,664099.9996999996,2266135.000600001
56,36,664215.2162321035,2266192.75658404
56,37,664290.0000999998,2266210.999399999
56,38,664383.1714000003,2266222.4343
56,39,664441.9813641341,2266236.7886485117
56,40,664515.8832785087,2266252.2238981137
56,41,664558.378871189,2266252.4822628885
56,42,664889.1966594778,2266505.9859098685
56,43,664905.063807741,2266528.141368131
56,44,664920.3141282443,2266549.6987871584
56,45,664929.808227373,2266564.130276018
56,46,664937.6569996907,2266577.0059801927
56,47,664946.6465747026,2266593.5936846607
56,48,664955.7927269797,2266610.699271086
56,49,664968.6354588316,2266635.6649172627
56,50,664978.7958615851,2266657.185711717
56,51,664987.4825401118,2266680.4621183337
56,52,664993.6576289191,2266703.1512385267
56,53,664996.8376715353,2266723.2628681087
56,54,664999.8468372,2266749.2154160263
56,55,665000.5559700171,2266755.454895043
56,56,665000.7756880398,2266767.379793904
56,57,665001.034960151,2266781.450908949
56,58,665001.3496918799,2266798.532917688
56,59,665001.5649462489,2266810.2157168533
56,60,665001.0210978582,2266814.225787297
56,61,664998.905618246,2266829.8242929312
56,62,664995.5209651068,2266845.2153170677
56,63,664991.5441302098,2266861.141869863
56,64,664985.6771401078,2266880.7278965893
56,65,664982.2103880998,2266891.1455606758
56,66,664978.0437306738,2266901.622603247
56,67,664952.3048551179,2266961.8212652965
56,68,664944.7934865861,2266981.4092705506
56,69,664937.583502574,2267008.3783589574
56,70,664954.3008462472,2267131.948289453
56,71,664571.3599195513,2267177.381958722
56,72,664600.567278367,2267339.645063254
56,73,664503.2094156477,2267596.020768415
56,74,664429.341931258,2267962.041421451
56,75,664642.5829098056,2268098.611486364
56,76,664705.8770418353,2268139.1481776643
56,77,664997.0290559008,2268139.1481776643
56,78,665100.4833232211,2268139.1481776643
56,79,665335.2912025559,2268006.3470000075
56,80,665265.109893677,2267729.277040997
56,81,665486.9624929772,2267678.954178007
56,82,665495.6562723271,2267711.0420116764
56,83,665583.3292435,2267693.364159437
56,84,665532.0473568416,2267495.4599333243
56,85,665672.2445357868,2267452.470375723
56,86,665694.2904607288,2267548.145754756
56,87,665912.8616487925,2267494.61252247
56,88,665945.6017578631,2267625.5569721293
56,89,666033.0228950039,2267606.222123399
56,90,666177.8354090734,2267574.1940790913
56,91,666181.8232527596,2267571.2798260916
56,92,666143.8919535156,2267408.9287192607
56,93,666165.6482678953,2267408.8762831977
56,94,666176.8760404557,2267428.253327112
56,95,666219.1100000003,2267460.4869999997
56,96,666276.3449814171,2267467.0637056534
56,97,666296.461229594,2267467.815899485
56,98,666428.1488444383,2267509.996089702
56,99,666552.7199885644,2267549.8968393737
56,100,666598.6521682505,2267538.5627352335
56,101,666607.8694399013,2267553.949058368
56,102,666777.0291698072,2267629.6625391385
56,103,666731.5050640445,2267505.781742241
56,104,666681.7946378331,2267263.026443797
56,105,666993.5721408762,2267253.193778825
56,106,667110.893942571,2267247.3276887373
56,107,667026.5916873633,2266966.7983059995
56,108,667632.0329334361,2266849.2714758795
56,109,668008.3562177599,2265630.0790058468
56,110,667312.6923546252,2265786.7814460075
56,111,667222.0550973028,2265568.0425422117
56,112,667198.7269435996,2265406.8967425893
56,113,667205.9443351254,2265242.434173615
56,114,666162.6913920362,2265264.0187172657
56,115,666116.1046746979,2264652.5680522015
56,116,666060.9352191569,2264555.210189482
56,117,666002.5205015253,2264477.323899307
56,118,664775.2861564681,2263960.217388865
56,119,664331.2105248438,2263773.102025637
56,120,664227.3621379432,2263766.611501456
56,121,664055.3632471391,2263802.3093844526
56,122,663523.6339622235,2264133.5550316293
63,0,663425.9998823676,2300451.000086181
63,1,663424.7122479734,2300534.391080578
63,2,663427.0606247452,2300554.3522831383
63,3,663427.0606247452,2300554.3522831383
63,4,663427.0606247452,2300554.3522831383
63,5,663475.2023485679,2300559.049036682
63,6,663501.0344930581,2300597.7972534173
63,7,663518.6473188469,2300634.1970933806
63,8,663545.653651723,2300674.119498502
63,9,663565.6148542837,2300695.2548894486
63,10,663584.4018684584,2300694.0807010625
63,11,663613.7565781064,2300691.732324291
63,12,663630.1952155093,2300712.867715237
63,13,663643.1112877544,2300723.4354107105
63,14,663671.2918090164,2300742.2224248853
63,15,663693.6013883488,2300763.357815832
63,16,663714.7367792954,2300773.925511305
63,17,663727.6528515406,2300785.6673951643
63,18,663755.8333728026,2300792.71252548
63,19,663786.3622708365,2300799.757655795
63,20,663819.2395456423,2300804.454409339
63,21,663848.5942552902,2300817.370481584
63,22,663867.381269465,2300863.163828635
63,23,663873.2522113945,2300885.4734079675
63,24,663889.6908487973,2300904.260422142
63,25,663906.1294862003,2300905.434610528
63,26,663926.0906887609,2300918.350682773
63,27,663935.4841958482,2300965.31821821
63,28,663944.8777029356,2300999.3696814016
63,29,663960.1421519525,2301011.1115652607
63,30,663980.1033545132,2301018.1566955764
63,31,664021.1999480203,2301036.943709751
63,32,664085.7803092459,2301055.730723926
63,33,664113.9608305079,2301058.0791006978
63,34,664179.7153801194,2301102.6982593625
63,35,664206.7217129956,2301102.6982593625
63,36,664243.1215529591,2301088.6079987315
63,37,664273.650450993,2301078.040303258
63,38,664291.2632767818,2301078.040303258
63,39,664305.3535374127,2301088.6079987315
63,40,664331.185681903,2301063.9500426273
63,41,664373.4564637961,2301056.9049123116
63,42,664416.9014340751,2301046.3372168383
63,43,664486.1785488443,2301041.640463295
63,44,664603.2221999997,2301063.011499999
63,45,664914.7573097049,2300677.6420636596
63,46,665001.6472502628,2300647.113165626
63,47,665164.8594359056,2299814.613600009
63,48,665259.968695165,2299708.936645277
63,49,665336.9996999996,2299665.000600001
63,50,665357.0000999998,2299661.0007000007
63,51,665381.0007999996,2299661.0001999997
63,52,665431.9993000003,2299660.0001
63,53,665487.9996999996,2299660.9997000005
63,54,665537.0005000001,2299661.000499999
63,55,665566.0001999997,2299661.9999
63,56,665590.0000999998,2299664.9991999995
63,57,665612.9995999997,2299672.0
63,58,665636.0004000003,2299680.000499999
63,59,665668.9994999999,2299693.9997000005
63,60,665701.0005999999,2299707.9996000007
63,61,665725.9998000003,2299718.0008000005
63,62,665762.9999000002,2299732.0007000007
63,63,665754.302005637,2299701.891514961
63,64,665770.7406430399,2299661.96910984
63,65,665805.9662946175,2299618.524139561
63,66,665836.4951926514,2299595.0403718427
63,67,665863.5015255274,2299543.3760828623
63,68,665906.9464958066,2299524.5890686875
63,69,665916.3400028938,2299478.7957216366
63,70,665899.901365491,2299405.9960417096
63,71,665870.546655843,2299370.770390132
63,72,665851.7596416683,2299198.164697402
63,73,665854.1080184402,2299130.061771019
63,74,665842.3661345809,2299070.178163337
63,75,665832.9995546534,2298971.0003299513
63,76,665788.0002380132,2298980.000071708
63,77,665723.9995721612,2298978.00038102
63,78,665622.792906414,2298956.281889903
63,79,665421.0001829173,2299018.0000036303
63,80,665260.999675577,2298996.0001308075
63,81,665199.0003733785,2298993.999918347
63,82,665176.999544368,2299000.0001501087
63,83,665159.0003594027,2299012.000477635
63,84,665123.7628423984,2299009.120367269
63,85,665048.0001960599,2299005.0000317707
63,86,665032.0002679563,2299009.999810336
63,87,665010.0001294885,2299009.9997034497
63,88,665005.1698154206,2298964.5012086043
63,89,664988.999573934,2298937.9996724525
63,90,665002.000049561,2298904.999956787
63,91,665001.6472502629,2298877.6112680463
63,92,664985.9995918653,2298847.999708878
63,93,664972.0021867396,2298834.0025694845
63,94,664926.499193564,2298769.5859365417
63,95,664874.8349045832,2298730.8377198065
63,96,664836.0866878479,2298699.1346333865
63,97,664766.8095730786,2298662.734793423
63,98,664719.8420376419,2298668.6057353527
63,99,664644.6939809431,2298675.6508656684
63,100,664585.984561647,2298674.4766772822
63,101,664543.1976009861,2298693.742853239
63,102,664503.0842841697,2298686.450740703
63,103,664460.1148186063,2298700.1473714877
63,104,664394.3840947073,2298691.836590274
63,105,664374.8429181876,2298687.8112574224
63,106,664353.8179662295,2298693.558358438
63,107,664346.7101216121,2298704.21930852
63,108,664325.8934425542,2298716.085924446
63,109,664303.1900978773,2298715.0007503205
63,110,664285.4042398741,2298705.9970470457
63,111,664274.7423617612,2298693.5581417694
63,112,664264.0805297885,2298693.5575350807
63,113,664252.5300888331,2298701.5547913504
63,114,664232.0948953638,2298712.215698096
63,115,664203.6631613241,2298727.3206370776
63,116,664181.4509132194,2298740.6479242016
63,117,664157.4617147937,2298755.7518234057
63,118,664125.4760697617,2298758.4172938573
63,119,664080.0854609901,2298741.7012775885
63,120,664065.0587402668,2298736.2050402793
63,121,664046.4004209838,2298737.982345471
63,122,664009.1255313361,2298762.1575640254
63,123,664009.509138294,2298774.1772487075
63,124,664010.4599820939,2298803.970354439
63,125,663979.3227977434,2298835.10753879
63,126,663984.2157838555,2298855.124300158
63,127,664042.9316172024,2298886.261484509
63,128,664043.4035846734,2298894.9816454034
63,129,664044.5752587498,2298916.6297188136
63,130,664045.1174389457,2298926.647143386
63,131,664047.5282362947,2298971.1894944077
63,132,664047.904661265,2298978.144393856
63,133,664049.6600578012,2299010.5774346204
63,134,664052.2727725075,2299058.8504491947
63,135,664043.6454741661,2299058.9257771713
63,136,663480.1798943316,2299063.8455933575
63,137,663532.0115014324,2299231.5328922677
63,138,663531.2758496883,2299445.6075539426
63,139,663524.7805834298,2299455.0043652677
63,140,663372.2155070921,2299450.7268397626
63,141,663377.9188744286,2299474.9661509795
63,142,663373.6413489266,2299531.999824435
63,143,663366.5121397552,2299567.6458703466
63,144,663367.9379815892,2299600.440232576
63,145,663370.7896652567,2299680.2873754143
63,146,663385.0480836066,2299748.727783557
63,147,663410.7132366449,2299815.7423498635
63,148,663426.3974968306,2299862.7951304647
63,149,663410.7132366421,2299875.6277069873
63,150,663412.139078476,2299924.106329426
63,151,663385.0480836197,2300008.2309977687
63,152,663382.9998413781,2300089.9997868934
63,153,663418.0000779545,2300184.000307076
63,154,663470.0003676284,2300251.000033989
63,155,663461.9999795295,2300286.9997677323
63,156,663459.000261988,2300325.000165775
63,157,663465.0001002459,2300361.999819218
63,158,663455.0003772083,2300407.9995837803
63,159,663425.9998823676,2300451.000086181
47,0,669599.3626204552,2300665.787993418
47,1,669599.2372455616,2300661.2746677455
47,2,669562.0872440347,2300597.728601463
47,3,669618.789873125,2300621.1917552967
47,4,669617.4172954587,2300618.9457149543
47,5,669589.3527851114,2300573.021982195
47,6,669586.5280361194,2300568.3996715583
47,7,669586.5280399332,2300548.847070696
47,8,669578.4839232722,2300542.0217512306
47,9,669563.6144695282,2300529.4052295666
47,10,669554.2662143707,2300521.473367691
47,11,669540.9093647022,2300504.4433803577
47,12,669515.1609897623,2300471.614191057
47,13,669503.8907222748,2300453.84187508
47,14,669489.7425365448,2300431.5313091315
47,15,669428.1518154154,2300410.0234470367
47,16,669408.5992031116,2300358.2089862823
47,17,669473.1228351612,2300356.2537517566
47,18,669476.9054965973,2300347.4275226593
47,19,669478.9886226654,2300342.5668926314
47,20,669514.1833896646,2300341.5892810877
47,21,669542.5346355448,2300343.5445041694
47,22,669587.220461796,2300361.986267669
47,23,669604.1254215259,2300368.9629154224
47,24,669655.9398822794,2300372.8734722156
47,25,669712.670568468,2300360.4636020698
47,26,669718.5082378378,2300359.186609268
47,27,669719.9034790592,2300385.696093738
47,28,669720.0184192667,2300387.8799495734
47,29,669720.4635066986,2300396.336584093
47,30,669721.8077716837,2300396.336584093
47,31,669751.7477054605,2300396.336584093
47,32,669773.6855676789,2300403.930484675
47,33,669777.1661052722,2300405.135290146
47,34,669808.7267627735,2300394.1141033173
47,35,669838.7568836212,2300383.627389908
47,36,669832.8910999317,2300349.41029549
47,37,669830.4292822694,2300343.3925345168
47,38,669824.092393877,2300327.9024028797
47,39,669822.8989391355,2300314.7743625697
47,40,669818.6276656827,2300267.790431345
47,41,669818.22660637,2300263.378786089
47,42,669769.3450832395,2300269.2445659637
47,43,669740.5906658182,2300277.2957897186
47,44,669720.463514328,2300282.931383133
47,45,669686.246438981,2300295.640604019
47,46,669675.6777308313,2300294.715850562
47,47,669674.752977374,2300294.634935379
47,48,669654.9622287778,2300292.903242111
47,49,669666.5486736307,2300246.557424547
47,50,669674.514837266,2300214.692754749
47,51,669675.3988132486,2300186.110849384
47,52,669677.447725297,2300119.862512594
47,53,669635.2246990204,2300117.0476551075
47,54,669589.4609317817,2300113.9967441596
47,55,669538.6241283435,2300055.338876728
47,56,669542.0149555271,2300041.042505266
47,57,669542.2413806925,2300040.0878505763
47,58,669545.7963789161,2300014.491670262
47,59,669547.1295032529,2300004.893102646
47,60,669549.1471507987,2300001.1268399917
47,61,669555.2897548694,2299989.6606845874
47,62,669561.7940006265,2299977.5194759406
47,63,669579.6509952536,2299958.8507556915
47,64,669583.3018856021,2299955.0339069404
47,65,669568.967146772,2299949.752693627
47,66,669566.2951068887,2299948.7682590503
47,67,669560.8073919592,2299946.7464738823
47,68,669546.1518878955,2299941.3470897693
47,69,669510.9571819305,2299941.3470859565
47,70,669502.3376903553,2299959.448049547
47,71,669501.1808795938,2299961.877359392
47,72,669483.5835056314,2299965.7878780384
47,73,669455.7688426981,2299959.0038204193
47,74,669443.5006084442,2299956.011571884
47,75,669433.683771628,2299954.2791869305
47,76,669410.2611408243,2299950.1457767487
47,77,669396.9298433112,2299952.812044576
47,78,669395.5967083005,2299953.078672413
47,79,669372.1335392008,2299937.4365673102
47,80,669344.7598819751,2299935.090265276
47,81,669310.5427951822,2299936.0678768195
47,82,669305.6546344776,2299943.8889102954
47,83,669333.3781757355,2299976.541105274
47,84,669349.6480197925,2299995.7033748664
47,85,669374.0888118763,2300033.830987932
47,86,669377.0217075348,2300070.9809741993
47,87,669376.0440845508,2300109.1085872687
47,88,669369.2006816864,2300166.788843157
47,89,669363.3348865518,2300220.0697155036
47,90,669349.6480197925,2300280.6828632373
47,91,669320.6339282999,2300287.075799944
47,92,669291.9678020505,2300293.3920612354
47,93,669266.5494136801,2300262.107866289
47,94,669283.5492572822,2300243.1651744843
47,95,669300.766489028,2300223.980253225
47,96,669278.938863988,2300205.2708415575
47,97,669266.5493984232,2300194.651288988
47,98,669261.2246653251,2300194.0596550144
47,99,669247.2192668961,2300192.503507618
47,100,669231.3546772031,2300190.7407894135
47,101,669219.834947587,2300192.5839290638
47,102,669206.9139003782,2300194.651288988
47,103,669198.7354132906,2300198.076835921
47,104,669153.0658817282,2300217.20545006
47,105,669113.5501155863,2300233.7565670013
47,106,669092.8369655618,2300225.0110149384
47,107,669025.5633258829,2300196.6065769214
47,108,668993.3015003223,2300284.593366625
47,109,668990.368616106,2300343.2512569465
47,110,668953.2186260251,2300373.557802204
47,111,668953.720102312,2300396.6263065375
47,112,668954.1962261219,2300418.528844837
47,113,668942.3597660083,2300418.8875255585
47,114,668921.9344234494,2300419.506471636
47,115,668889.6726093302,2300394.088048937
47,116,668853.9276638031,2300366.4282779675
47,117,668807.5515956879,2300330.5420475025
47,118,668767.468706131,2300266.018369682
47,119,668741.8631649017,2300241.037366869
47,120,668727.3858318329,2300226.9131526966
47,121,668719.5647945413,2300210.293390276
47,122,668691.7077655811,2300207.01610375
47,123,668686.3253231077,2300206.382879257
47,124,668670.6832294483,2300220.069711691
47,125,668627.6674861908,2300205.405267719
47,126,668626.8991604261,2300206.856547285
47,127,668619.9126644135,2300220.0532398243
47,128,668618.868806839,2300222.024969099
47,129,668624.3741016388,2300233.264951706
47,130,668630.1912097931,2300245.141550068
47,131,668642.3319377899,2300269.9288921375
47,132,668653.6982018659,2300281.6023522783
47,133,668678.504301073,2300307.078886032
47,134,668697.5251598358,2300334.745580675
47,135,668700.012189867,2300338.3630771637
47,136,668700.012189867,2300349.7242723275
47,137,668700.012189867,2300358.96811104
47,138,668700.0121898651,2300368.6696605682
47,139,668674.5937900562,2300381.3788509388
47,140,668674.408548357,2300386.9358844757
47,141,668674.1465168018,2300394.7966136932
47,142,668673.7804393759,2300405.7784404773
47,143,668673.616121293,2300410.707777025
47,144,668709.1337986002,2300440.617403034
47,145,668710.7660999298,2300441.9919719715
47,146,668743.0279331226,2300462.5222492237
47,147,668761.0267543793,2300471.1755046863
47,148,668767.2533759596,2300474.169064196
47,149,668768.4463367471,2300474.7426013984
47,150,668788.3525596596,2300502.490682965
47,151,668800.7081699371,2300519.713663105
47,152,668802.6378340684,2300524.9948512763
47,153,668809.4085865039,2300543.5253391266
47,154,668819.283144,2300570.5504665375
47,155,668830.6128902454,2300594.0191822033
47,156,668832.9699993161,2300598.901754385
47,157,668825.017244338,2300604.014249807
47,158,668819.283144,2300607.7004604414
47,159,668828.0818347977,2300638.007001875
47,160,668838.9049051283,2300636.654117426
47,161,668851.5449886331,2300635.07410622
47,162,668891.6278743744,2300712.2091999073
47,163,668891.7151606139,2300713.9549464807
47,164,668893.5831127157,2300751.314455036
47,165,668887.2914638519,2300759.5420093536
47,166,668880.8739185352,2300767.9341831226
47,167,668868.1647205362,2300791.397310259
47,168,668860.3436832447,2300810.949956896
47,169,668845.6792087555,2300829.524953844
47,170,668839.9050591579,2300844.2810894493
47,171,668836.880514144,2300852.0104694385
47,172,668838.8920841208,2300858.3804302216
47,173,668842.7463130932,2300870.5854663905
47,174,668848.6121082325,2300896.9814701118
47,175,668852.5226116171,2300937.0643634833
47,176,668855.4665432014,2300940.914117817
47,177,668865.231824873,2300953.684080124
47,178,668889.6726131439,2300969.326173786
47,179,668889.544801712,2300970.1271190643
47,180,668886.7397060404,2300987.705648424
47,181,668847.5348072061,2301020.3764171638
47,182,668845.6792049399,2301021.922750475
47,183,668857.0835132608,2301039.9295482635
47,184,668864.2541904459,2301051.251665119
47,185,668864.6642286377,2301054.600303773
47,186,668870.1199893961,2301099.155595783
47,187,668938.7282352475,2301165.2227687836
47,188,668942.6025563367,2301168.953595726
47,189,668949.3081150055,2301175.410799032
47,190,668950.5977339894,2301182.361853851
47,191,668968.8607196864,2301280.7994670942
47,192,668969.3410739936,2301281.318765644
47,193,668987.1098229466,2301300.5281992834
47,194,669005.0330944061,2301319.9046840705
47,195,668979.6146793375,2301366.8309841193
47,196,668980.9353209613,2301367.200764062
47,197,668991.3460903177,2301370.115781784
47,198,669004.0554332724,2301373.6744060516
47,199,669007.5544490824,2301407.3523807526
47,200,669008.1838269448,2301413.4101328366
47,201,669011.876493454,2301448.9519901294
47,202,668985.9874706259,2301459.1378383636
47,203,668973.338727952,2301464.114408493
47,204,668969.3807681734,2301465.671642652
47,205,668967.8235340118,2301466.284326557
47,206,668966.4175909618,2301466.83748476
47,207,668952.2409992227,2301472.415163044
47,208,668945.3111362485,2301478.195482256
47,209,668909.4387073508,2301508.1173000354
47,210,668909.4549236307,2301508.2272777557
47,211,668909.4590422874,2301508.2552026715
47,212,668909.4846401233,2301508.428758625
47,213,668924.0850195428,2301607.4376180954
47,214,668925.2594089517,2301615.4014492035
47,215,668974.5075479737,2301639.3415259477
47,216,668996.4525928497,2301650.0092601776
47,217,668993.3522052756,2301659.0003032703
47,218,668991.5085926056,2301664.3467464447
47,219,668988.0013141632,2301673.391817093
47,220,668982.1150341034,2301688.5721912403
47,221,668878.29171181,2301703.8984966334
47,222,668843.0967235565,2301715.534772873
47,223,668824.8776516179,2301721.558419982
47,224,668787.0754375458,2301734.056707388
47,225,668775.2839527149,2301730.702234274
47,226,668756.8696583146,2301725.463682132
47,227,668748.6118249167,2301721.9497104753
47,228,668729.7254047403,2301717.7416057605
47,229,668729.1970766485,2301727.5169998407
47,230,668732.2849330921,2301729.480852129
47,231,668790.9318943042,2301766.779859543
47,232,668825.1489391318,2301775.5785656013
47,233,668811.4621181488,2301866.6937694587
47,234,668797.9521923084,2301911.3474750575
47,235,668767.2995433826,2301924.2017879505
47,236,668759.2806339273,2301923.3107967395
47,237,668736.1525783557,2301920.7410106715
47,238,668715.5150852203,2301919.021226885
47,239,668682.7576885233,2301916.291444782
47,240,668660.983083725,2301913.5696430244
47,241,668659.026628497,2301913.3250865936
47,242,668660.6535663595,2301892.500207901
47,243,668661.4986095456,2301881.6836757697
47,244,668536.7477931976,2301870.60430336
47,245,668533.8149051685,2301964.4568805713
47,246,668633.0052967072,2301966.151266098
47,247,668636.6746548368,2301992.322295256
47,248,668653.6045932779,2302113.0720005054
47,249,668658.7255306244,2302167.033838274
47,250,668661.2662754068,2302193.806898117
47,251,668624.9994297028,2302259.4234905243
47,252,668623.5069179526,2302262.123846054
47,253,668570.1902974444,2302261.186305901
47,254,668568.842584609,2302261.162607193
47,255,668567.617267536,2302261.1410606448
47,256,668519.7290210733,2302260.2989711817
47,257,668428.8325901013,2302280.6489048004
47,258,668394.6373806,2302289.2776165027
47,259,668380.4449787149,2302292.858877182
47,260,668375.9048519153,2302288.4563465156
47,261,668365.5216350565,2302278.3878002167
47,262,668344.191560749,2302273.2635135725
47,263,668305.3265438108,2302263.926679617
47,264,668344.5640735626,2302352.573846817
47,265,668347.1322994241,2302411.0658092517
47,266,668367.786233901,2302405.0389614124
47,267,668382.7624988565,2302438.874605179
47,268,668539.5686740894,2302373.989297867
47,269,668546.8922748584,2302366.6656894665
47,270,668581.7278079996,2302358.4652080536
47,271,668592.9815158863,2302379.5936946888
47,272,668610.1708545685,2302373.8467197437
47,273,668633.3019905109,2302449.30694771
47,274,668656.4331264496,2302524.7671756744
47,275,668718.737958909,2302518.2086315174
47,276,668721.5865039863,2302528.7393093146
47,277,668741.8998928079,2302533.6675891913
47,278,668769.8341121683,2302527.605714798
47,279,668782.4297084827,2302517.09130669
47,280,668788.0110378275,2302510.9168567657
47,281,668791.0899410248,2302510.5927639026
47,282,668816.3376865406,2302478.547483448
47,283,668823.557024003,2302485.9730434436
47,284,668849.0300083179,2302511.3132038154
47,285,668858.733800889,2302504.5677127875
47,286,668865.5253200531,2302495.7249965686
47,287,668875.6100101462,2302485.1743946094
47,288,668878.5634098081,2302472.5265979804
47,289,668887.4233226776,2302460.722017288
47,290,668903.1581096658,2302442.604101181
47,291,668917.456796647,2302428.952913286
47,292,668928.9298038492,2302421.9744091034
47,293,668940.6439495087,2302419.707300188
47,294,668952.3580951691,2302417.440191269
47,295,668980.7551059723,2302410.222711567
47,296,668973.2041988382,2302375.1882076263
47,297,668956.7173557291,2302350.5611743946
47,298,668977.129076004,2302303.292005539
47,299,668978.225812912,2302302.5202465095
47,300,668977.8288326263,2302301.9032878894
47,301,668948.3440596769,2302278.568711767
47,302,668904.1168270111,2302243.566789629
47,303,668890.8677730551,2302247.201490402
47,304,668853.0158290872,2302257.585664751
47,305,668841.7080402412,2302204.665140154
47,306,668830.4048137683,2302151.765958788
47,307,668848.1442928351,2302144.7191143073
47,308,668868.1314520529,2302136.779401168
47,309,668878.1365337381,2302132.8049755115
47,310,668933.8780449182,2302131.843881741
47,311,668934.8391399393,2302131.827310562
47,312,668935.4605166037,2302131.8445714414
47,313,668957.8295383463,2302132.465948105
47,314,668970.0338916788,2302132.8049640656
47,315,668975.6088657388,2302130.8404445667
47,316,669011.0943927765,2302118.335992817
47,317,669006.0509166718,2302114.3572521266
47,318,668960.92875758,2302078.7608864363
47,319,668923.10759163,2302048.9241924286
47,320,668890.6068016216,2302031.1964948177
47,321,668880.0918369312,2302025.4610614777
47,322,668880.0918331156,2302012.7518634833
47,323,668937.7720355997,2302018.617647171
47,324,668940.7049388895,2301994.17687035
47,325,668941.878580194,2301994.341179831
47,326,668989.5865039825,2302001.0202770215
47,327,669012.0720272074,2301939.42955208
47,328,669061.6380299795,2301958.939564228
47,329,669103.9693241166,2301975.601873398
47,330,669121.8745822925,2301931.147443777
47,331,669132.3206233997,2301905.2124500293
47,332,669142.6891384162,2301908.9451084174
47,333,669205.6429920159,2301931.6084651984
47,334,669159.6942996988,2301953.116361622
47,335,669137.2088069934,2301976.5795002
47,336,669146.6374274669,2302001.4367779847
47,337,669158.7166843442,2302033.28209877
47,338,669176.1729564667,2302030.525865555
47,339,669195.866689682,2302027.4163532294
47,340,669228.4472141294,2302021.354829788
47,341,669237.9047985096,2302019.5952701643
47,342,669255.5021801041,2302017.6400051136
47,343,669277.9876918802,2302014.7071056366
47,344,669278.0002269763,2302014.7558574677
47,345,669279.9249713086,2302022.240997065
47,346,669286.7863445291,2302048.924196247
47,347,669291.8931139931,2302052.4461085293
47,348,669297.5569782276,2302056.352224352
47,349,669297.8592723273,2302056.560704857
47,350,669298.1268863706,2302056.745267868
47,351,669302.2619800568,2302053.5290546436
47,352,669306.9255504599,2302049.9018154163
47,353,669328.9666860346,2302058.4338757712
47,354,669337.2321109781,2302061.6333980598
47,355,669341.9008693704,2302051.1287517548
47,356,669345.0531978607,2302044.036054611
47,357,669349.9413204212,2302016.662382126
47,358,669375.3597278595,2301982.445295334
47,359,669375.3597278595,2301941.3847866077
47,360,669406.8071308117,2301938.1758823413
47,361,669423.2636814117,2301936.496652603
47,362,669439.8833904257,2301934.54136467
47,363,669441.2369060526,2301928.933938982
47,364,669446.7267894754,2301906.1900730133
47,365,669447.5620594043,2301897.0020771027
47,366,669448.682050704,2301884.682184221
47,367,669466.2794246692,2301859.2637691516
47,368,669465.3017978668,2301837.7558841724
47,369,669504.7558801491,2301827.8490216583
47,370,669504.7815795476,2301826.6006621104
47,371,669507.9965763101,2301823.156015398
47,372,669518.0938510923,2301812.3374843616
47,373,669540.3347034464,2301790.890970234
47,374,669545.4675426511,2301785.9414539337
47,375,669552.6882152567,2301779.9242305774
47,376,669574.7964916239,2301761.5006771125
47,377,669595.3267307281,2301748.7914752997
47,378,669609.4693660773,2301733.1601161975
47,379,669613.9017238636,2301728.2611904144
47,380,669620.5376796741,2301719.5137958527
47,381,669635.4096050253,2301699.909883503
47,382,669674.5148334522,2301684.2677898463
47,383,669671.9718723334,2301681.4069461823
47,384,669666.6937999744,2301675.469106676
47,385,669644.5519428262,2301678.9916973114
47,386,669623.6780223865,2301682.3125705738
47,387,669585.5504169464,2301701.865175251
47,388,669553.6796627063,2301707.708131794
47,389,669526.8925380716,2301712.619096756
47,390,669507.7929592151,2301718.9856205005
47,391,669484.8252124824,2301726.6415386274
47,392,669468.2346858969,2301732.1717128754
47,393,669466.6920566568,2301732.883695606
47,394,669463.7450537914,2301734.243851414
47,395,669430.1070842762,2301749.7690753955
47,396,669399.9010677338,2301755.6424617823
47,397,669394.912340166,2301756.612489702
47,398,669389.5778560666,2301756.4600772876
47,399,669360.6952838926,2301755.634859085
47,400,669266.8426990518,2301751.7243671436
47,401,669257.51738167,2301744.3622722663
47,402,669248.2677059183,2301737.059885025
47,403,669250.2229366321,2301703.0383548774
47,404,669236.9532642374,2301684.4607830048
47,405,669225.7821865082,2301668.8212451953
47,406,669201.3414096851,2301645.358091362
47,407,669192.8436984997,2301640.1287288684
47,408,669175.9229984283,2301629.715982441
47,409,669173.9677143106,2301608.2080898304
47,410,669230.6703281412,2301566.1699733734
47,411,669227.178255084,2301561.3347911853
47,412,669217.9611110697,2301548.572591787
47,413,669184.9067668905,2301557.927610399
47,414,669166.1466808347,2301563.237077715
47,415,669161.3247737894,2301564.552145006
47,416,669133.8848438272,2301572.0357685126
47,417,669123.023996356,2301574.363096239
47,418,669120.1980075845,2301574.968664171
47,419,669130.9519367227,2301490.8923702277
47,420,669129.0623455048,2301482.389192585
47,421,669121.1756420145,2301446.8989696503
47,422,669140.0515079517,2301390.416536331
47,423,669146.5940380096,2301370.839281084
47,424,669218.9387416858,2301373.7721767426
47,425,669227.7374324808,2301323.9129772224
47,426,669244.3571834574,2301297.516912462
47,427,669250.2229328183,2301276.98670006
47,428,669235.236486434,2301275.5363903083
47,429,669219.9163951864,2301274.0537929554
47,430,669218.027109148,2301264.607362751
47,431,669216.9835071582,2301259.389356617
47,432,669187.6545848865,2301250.5906467456
47,433,669187.6545848865,2301237.8814601917
47,434,669121.1756382007,2301181.3743686713
47,435,669141.705915452,2301169.6427974757
47,436,669188.246679306,2301154.6065502167
47,437,669205.2519168863,2301149.1125469226
47,438,669253.1558322925,2301054.282350542
47,439,669362.6505146036,2301001.49024773
47,440,669361.0531177549,2300984.238206867
47,441,669357.7623958616,2300948.698175434
47,442,669347.0084171332,2300914.4810848255
47,443,669340.7413806934,2300908.2140483856
47,444,669318.6571178446,2300886.1297702864
47,445,669302.0373973856,2300796.6765613575
47,446,669329.2809505472,2300793.9521884937
47,447,669350.9189777374,2300791.7883701343
47,448,669350.5896663675,2300782.3481197376
47,449,669347.9860897074,2300707.7120914496
47,450,669368.6014232663,2300704.767038349
47,451,669430.1070880918,2300695.980508808
47,452,669455.0940990467,2300669.165185932
47,453,669470.1899395008,2300652.96477318
47,454,669493.6531009702,2300688.1594982147
47,455,669472.1452198038,2300700.868703846
47,456,669477.9573192606,2300714.1535053235
47,457,669526.8925418854,2300826.0054683704
47,458,669566.9754199991,2300812.318651201
47,459,669523.9596424112,2300732.1528949775
47,460,669504.4070224771,2300689.1371059436
47,461,669507.9799137162,2300681.197370531
47,462,669513.2057209024,2300669.584505085
47,463,669525.5463848114,2300671.2399578113
47,464,669543.9178256989,2300673.704412466
47,465,669553.2886066437,2300674.9614658374
47,466,669600.2148914346,2300696.4693508185
47,467,669599.9843311319,2300688.169347767
47,468,669599.5206356086,2300671.4763240814
47,469,669599.3626204552,2300665.787993418
60,0,691453.8971102925,2268032.8713509436
60,1,691446.1309837378,2268036.9662176725
60,2,691429.105252142,2268050.4693841105
60,3,691405.6214844235,2268065.7338331277
60,4,691397.9892599151,2268083.346658916
60,5,691366.8732676882,2268116.8110279148
60,6,691349.2604418994,2268131.488382739
60,7,691336.3443696543,2268144.4044549842
60,8,691320.4928264443,2268145.57864337
60,9,691306.9896600064,2268154.972150457
60,10,691287.6155516386,2268168.475316895
60,11,691250.6286174821,2268180.8042949475
60,12,691230.6674149217,2268181.9784833333
60,13,691184.8740678709,2268196.655838157
60,14,691146.560735435,2268203.6308514704
60,15,691124.403365996,2268200.178403315
60,16,691106.7905402072,2268194.307461385
60,17,691088.5906202255,2268199.591309122
60,18,691056.3004396127,2268202.526780087
60,19,691020.4876938422,2268186.675236877
60,20,690973.5201584054,2268157.907621422
60,21,690951.7976732659,2268147.9270201414
60,22,690932.4235648982,2268150.862491106
60,23,690904.8301378292,2268168.475316895
60,24,690837.6103024064,2268194.1313715363
60,25,690832.768391363,2268204.170569888
60,26,690713.5603188223,2268237.711263678
60,27,690594.0725515563,2268252.9702279917
60,28,690468.1095973221,2268277.5196758085
60,29,690450.4192324784,2268177.868823982
60,30,690409.3226389713,2268100.3723905114
60,31,690368.5813999996,2268047.210999999
60,32,690318.9101332554,2268025.2243338125
60,33,690147.4786289113,2267957.121407429
60,34,690138.5328802977,2267950.6655176533
60,35,690130.1108558562,2267962.779580878
60,36,689982.0825983048,2268151.3332754592
60,37,689921.6275115607,2268178.433831586
60,38,689847.6490435533,2268197.2329458436
60,39,689783.1156385834,2268178.885213058
60,40,689704.0305834735,2268167.496965122
60,41,689637.2827969607,2268157.6904182886
60,42,689537.9519677425,2268146.3021703525
60,43,689506.6342859189,2268157.374078068
60,44,689490.8172748969,2268170.344027106
60,45,689474.0512432136,2268188.0590794506
60,46,689458.5505724121,2268197.5492860638
60,47,689398.7622707488,2268228.8669678876
60,48,689276.4689650848,2268317.2645387854
60,49,689252.9389033914,2268348.7948214547
60,50,689226.114633061,2268358.677447366
60,51,689196.4667553273,2268372.7954843817
60,52,689176.230902271,2268377.9720979542
60,53,689151.289036876,2268385.5017176964
60,54,689133.876791223,2268386.913521398
60,55,689101.4053060861,2268392.0901349704
60,56,689080.2282505621,2268395.3843436074
60,57,689049.1685691269,2268403.8551658173
60,58,689031.7563234738,2268406.67877322
60,59,689000.2260408046,2268410.4435830913
60,60,688941.4252460281,2268424.6832176857
60,61,688975.0300482021,2268381.6928293095
60,62,688874.4876427378,2268393.759042527
60,63,688703.805558431,2268373.4120309246
60,64,688527.222786332,2268222.1861584065
60,65,688527.2227863318,2268222.1861584065
60,66,688527.2227863315,2268222.186158406
60,67,688443.8246711199,2268150.7638300024
60,68,688347.3501261037,2268044.416295375
60,69,688263.1839127964,2267929.0701752813
60,70,688001.4998216273,2267669.3642135523
60,71,687988.2503840635,2267770.1035323003
60,72,687655.2137449278,2267551.561176786
60,73,687608.7043855572,2267552.9705513124
60,74,687588.1146309357,2267534.609262001
60,75,687454.9201630998,2267574.9565350926
60,76,687417.9439603398,2267567.158685571
60,77,687167.6233499083,2267880.9967298144
60,78,687013.00647031,2268084.2210781793
60,79,686850.807732292,2268297.410821272
60,80,686924.0581628915,2268329.966568205
60,81,687032.0840504422,2268413.575645556
60,82,687012.8020609063,2268623.310906873
60,83,687012.8020609062,2268623.310906874
60,84,687100.2457122356,2268657.1323535
60,85,687212.8215711794,2268700.674432849
60,86,687215.9164741418,2268690.1991691347
60,87,687217.6625786744,2268686.858795245
60,88,687219.408683207,2268683.518421356
60,89,687223.3563978027,2268680.709470587
60,90,687232.4665084071,2268677.824602228
60,91,687249.3202130268,2268674.1805579867
60,92,687271.7918191879,2268667.8034805628
60,93,687293.3524142881,2268664.387189084
60,94,687327.0598235277,2268666.4369639712
60,95,687342.5061655156,2268668.9535386153
60,96,687361.3260847225,2268673.476154858
60,97,687401.0012168146,2268685.63288057
60,98,687413.700898641,2268689.524147981
60,99,687439.377687638,2268701.341306554
60,100,687484.6038500743,2268717.5351905236
60,101,687506.9251495993,2268728.33111317
60,102,687525.5650690827,2268741.012461222
60,103,687537.5078119072,2268751.411004467
60,104,687545.4403330936,2268757.946955023
60,105,687552.0054211895,2268760.5729902606
60,106,687556.0903663569,2268719.577653692
60,107,687980.262721936,2268727.3154040067
60,108,688207.1949155387,2268725.4050490125
60,109,688166.3076680996,2268855.4438269674
60,110,688156.5828207294,2268889.469490775
60,111,688155.6848973036,2268902.763442325
60,112,688150.3366064238,2268950.8547003283
60,113,688145.1673256205,2268975.6241708505
60,114,688149.6904463237,2268986.824279259
60,115,688149.9058330237,2268994.362813767
60,116,688148.0556247692,2269001.2590445327
60,117,688146.7243841442,2269006.220941412
60,118,688145.1673256205,2269012.0245231814
60,119,688135.6903108122,2269033.778579901
60,120,688136.3203457047,2269045.0737118553
60,121,688133.6623967651,2269054.555615241
60,122,688291.6112720245,2269109.603214239
60,123,688354.2801761096,2269133.2257963615
60,124,688502.402970153,2269189.0307875564
60,125,688496.8350059795,2269219.024691919
60,126,688477.879000772,2269321.138244506
60,127,688476.1183229152,2269330.622788799
60,128,688451.2797274473,2269464.425096359
60,129,688449.8336764345,2269472.214785711
60,130,688449.8336750724,2269472.214793794
60,131,688449.8336789728,2269472.2147727828
60,132,688413.3433267606,2269688.747861399
60,133,688389.1315209945,2269806.272417212
60,134,688373.4756758489,2269854.8055371637
60,135,688346.8607391014,2269994.9253512165
60,136,688335.1188552422,2270079.4669150026
60,137,688397.7422358246,2270075.5529537164
60,138,688434.5334719167,2270090.4260066045
60,139,688495.051680722,2270113.3531697607
60,140,688559.4512973059,2270138.791490265
60,141,688563.2168872878,2270140.92062932
60,142,688623.8290688485,2270171.774169381
60,143,688669.3711491007,2270207.062052938
60,144,688651.5666349722,2270253.673822734
60,145,688699.0322283795,2270272.628715807
60,146,688685.2036311588,2270302.801458087
60,147,688724.31294435,2270319.25063147
60,148,688787.5727799499,2270347.9646592485
60,149,688924.2202645176,2270403.3306088895
60,150,688861.9380443913,2270454.4244062384
60,151,688928.4753862601,2270499.0435649035
60,152,688944.9140236629,2270548.359477112
60,153,688906.046984569,2270557.390365196
60,154,688894.8153191971,2270600.8065583496
60,155,688890.9013579107,2270628.9870796115
60,156,688908.1227875708,2270645.4257170144
60,157,688963.7010378377,2270672.8234460196
60,158,688950.0854096408,2270699.2460061717
60,159,689046.0669248215,2270768.875450932
60,160,688980.180191563,2270920.801360503
60,161,688958.240113662,2270941.738797962
60,162,688959.2384995111,2271020.0894104526
60,163,688941.8124532561,2271014.954446034
60,164,688901.0132475611,2271095.105792001
60,165,688898.2373354342,2271100.559160258
60,166,688786.7451374207,2271162.6161383977
60,167,688751.662706882,2271208.007534074
60,168,688638.0145198093,2271355.051217995
60,169,688594.3898158814,2271427.045368175
60,170,688585.3816220474,2271462.5221393052
60,171,688559.2252908216,2271516.1647847006
60,172,688533.0689595958,2271569.807430096
60,173,688507.0175423548,2271617.967346112
60,174,688464.79650182,2271701.032413873
60,175,688409.823873481,2271780.831390494
60,176,688360.1711769168,2271841.1239506076
60,177,688290.5202489007,2271898.086202072
60,178,688208.7646055678,2271944.2047405886
60,179,688085.1168100524,2272006.6288277563
60,180,688037.0982445863,2272045.0436587557
60,181,687979.475959911,2272112.269620641
60,182,687945.8629635391,2272141.080744588
60,183,687927.8559976714,2272168.69140914
60,184,687894.2429804509,2272269.5303672263
60,185,687876.2360170201,2272288.7377844593
60,186,687867.8327495133,2272359.56515226
60,187,687932.664301413,2272367.0552474363
60,188,688002.4850488196,2272364.561669424
60,189,688063.1625938142,2272394.484865219
60,190,688154.5945131469,2272431.888864474
60,191,688191.9984826507,2272438.5384704606
60,192,688269.9881164286,2272447.199133371
60,193,688752.4576483681,2272589.14133191
60,194,688753.4606417015,2272354.6481698193
60,195,688918.2553013385,2272324.9311000486
60,196,689103.3115994553,2271854.8610873134
60,197,689128.9763415299,2271829.196345239
60,198,689157.8087526157,2271837.5670452313
60,199,689157.8087526158,2271837.5670452313
60,200,689157.808752616,2271837.5670452313
60,201,689170.8503943884,2271841.3533283267
60,202,689189.7612569698,2271825.1440175427
60,203,689228.933758031,2271790.023844178
60,204,689231.6353098283,2271698.1710830685
60,205,689183.0073774764,2271641.4384953245
60,206,689040.2331537335,2271713.3112338074
60,207,688984.4433203728,2271741.395911826
60,208,688938.5169398183,2271726.5373769403
60,209,688906.0983182504,2271700.872634866
60,210,688847.4228594927,2271607.544535072
60,211,688897.5191799067,2271431.7312128586
60,212,689125.9990414344,2271471.737393155
60,213,689206.2395330226,2271504.329520038
60,214,689272.7409758841,2271520.2758905385
60,215,689305.2171686008,2271531.410536674
60,216,689359.54315083,2271548.45169267
60,217,689378.5270081825,2271554.738590067
60,218,689436.5075612379,2271570.6861651004
60,219,689495.0106350712,2271588.517033674
60,220,689628.328,2271627.177
60,221,689688.66064795,2271559.21057705
60,222,689883.733,2271339.456
60,223,690377.175,2271386.256
60,224,690413.943,2271386.269
60,225,690443.888983657,2271371.12829432
60,226,690496.459799898,2271339.31105456
60,227,690436.4047540554,2271171.401891341
60,228,690472.4207992835,2271009.5933677466
60,229,690472.935873636,2270995.313981648
60,230,690472.9358664245,2270995.3139827973
60,231,690487.8056626323,2270705.3987253164
60,232,690498.9434316983,2270632.0750789642
60,233,690498.9434244771,2270632.0750799705
60,234,690487.2740427617,2270506.514479043
60,235,690390.6841390148,2270522.9956653737
60,236,690388.7376521551,2270514.876406895
60,237,690388.7376456531,2270514.876407497
60,238,690376.0006745881,2270317.370840704
60,239,690604.4564289248,2270324.6694004894
60,240,690754.4887190411,2270365.348527614
60,241,690726.9370026457,2270313.9825752387
60,242,690807.5423067028,2270330.7031255513
60,243,690879.4051484026,2270328.4262382006
60,244,690932.4219478606,2270331.8177814586
60,245,690936.4011864639,2270308.3634402673
60,246,691395.3007962331,2270188.352480246
60,247,691643.5091333918,2270098.589148338
60,248,691937.5288232452,2270049.965431783
60,249,691981.5608877171,2269926.675651261
60,250,691970.5528715991,2269854.0227448824
60,251,691919.9159974564,2269768.1602191622
60,252,691836.2550749596,2269713.1201385725
60,253,691880.2871394316,2269666.8864708766
60,254,691856.0695039721,2269594.233564498
60,255,691831.8518685125,2269528.18546779
60,256,691818.6422491708,2269420.3069098336
60,257,691814.2390427237,2269334.4443841134
60,258,691812.0374395001,2269292.613922865
60,259,691908.9079813383,2269222.16261971
60,260,691916.6117905416,2269187.2301585777
60,261,691900.1015684439,2269153.9129197784
60,262,691890.4847423568,2269114.490286583
60,263,691867.07752009,2269090.066426294
60,264,691867.07752009,2269072.4536005054
60,265,691859.3719088074,2269058.1431795517
60,266,691846.1622894659,2269040.530353763
60,267,691822.6957132514,2269030.3675355013
60,268,691830.7510669007,2268993.1958844555
60,269,691842.8598846304,2268951.365423207
60,270,691839.5574797951,2268911.7365651825
60,271,691856.0695039721,2268894.123739394
60,272,691886.8919491024,2268867.7045007106
60,273,691910.0087829502,2268850.0916749216
60,274,691928.7224103508,2268817.0676265676
60,275,691970.5528715991,2268784.0435782135
60,276,692107.0522714623,2268753.221133083
60,277,692107.0522714623,2268691.576242822
60,278,692041.1705,2268522.022399999
60,279,691904.5047748912,2268262.263614221
60,280,691704.1588815438,2268374.5453786245
60,281,691633.7075783886,2268174.199485277
60,282,691554.4498623391,2268185.2075013947
60,283,691547.8450526684,2268116.957801463
60,284,691464.1841301715,2268042.103291861
60,285,691453.8971102925,2268032.8713509436
70,0,669419.3805801788,2285880.4139715508
70,1,669575.0531000001,2285957.5078999996
70,2,669463.4903999995,2286001.2468
70,3,669459.6217184932,2286068.268468558
70,4,669426.3262153124,2286493.2242328394
70,5,669412.6409623513,2286652.067166938
70,6,669400.9164892008,2286883.1320990347
70,7,669400.9164892007,2287138.1055576033
70,8,669401.7926866529,2287678.7193855653
70,9,669403.9282373788,2288038.09464041
70,10,669421.0690305994,2288636.841299464
70,11,669425.4500178602,2288982.0630956013
70,12,669423.1775648299,2289284.755811197
70,13,669443.70449149,2289358.3530582185
70,14,669505.1839860035,2289425.8571051033
70,15,669659.8328363037,2289534.067490441
70,16,669860.9201515664,2289708.4307834134
70,17,670005.9308298932,2289837.669907602
70,18,670089.6076865711,2289955.0803661863
70,19,670275.3615464218,2290231.9587610583
70,20,670368.9341842653,2290377.166039074
70,21,670389.1718290275,2290408.3008771697
70,22,670432.6740633991,2290475.2273915876
70,23,670509.4248914308,2290596.8106108312
70,24,670603.5338300862,2290654.275360984
70,25,670665.3111178207,2290670.205514708
70,26,670709.0689426737,2290677.3789286185
70,27,670760.8281839888,2290678.3051145296
70,28,670743.3876707902,2290747.2744167238
70,29,670727.7198188407,2290803.63101344
70,30,670727.7198188407,2290896.8853942743
70,31,670735.610574142,2290968.619533378
70,32,670782.0584292113,2291083.2148205955
70,33,670800.7093053781,2291105.811074413
70,34,670686.6520242038,2291246.49965473
70,35,670669.4358308185,2291290.6161502805
70,36,670935.7488222406,2291383.691195767
70,37,671094.9986110505,2291513.88865824
70,38,671135.3490642965,2291541.3269664473
70,39,671182.1555900616,2291558.5431598322
70,40,671354.1631820427,2291524.1789833023
70,41,671466.7607869551,2291496.672464856
70,42,671535.6255604946,2291512.8126461543
70,43,671742.2198811129,2291630.635969632
70,44,671823.4587936478,2291674.7524651806
70,45,671967.1064072027,2291679.056513527
70,46,672103.5949344798,2291734.87200282
70,47,672155.398,2291691.1174999997
70,48,672406.5621703889,2291603.1561461156
70,49,672717.0868315306,2291470.848174778
70,50,673331.8259867302,2291373.603582455
70,51,673379.5688645523,2291351.925654015
70,52,673435.3248993059,2291349.796815039
70,53,673499.8648982295,2291262.7265542136
70,54,673534.5870142905,2291225.920923575
70,55,673714.89578216,2291214.2902567424
70,56,673876.7588578147,2291214.6227966663
70,57,674099.7083858843,2291266.818256039
70,58,674260.2899159159,2291229.1489598346
70,59,674313.5525142003,2291189.6055156537
70,60,674355.0305798112,2291147.340562728
70,61,674394.3109173384,2291110.515246296
70,62,674424.589510849,2291076.14495096
70,63,674489.2383996958,2291056.504782196
70,64,674537.5204812397,2291057.323122561
70,65,674598.0776682608,2291088.4200564367
70,66,674688.9134487924,2291060.5964840217
70,67,674541.7144755988,2290729.8846839624
70,68,674652.3954453319,2290465.1131276265
70,69,674677.968146395,2290417.278664478
70,70,674773.7139691167,2290302.711013358
70,71,674839.9995386932,2290202.873488811
70,72,674854.7296652658,2290166.8665127447
70,73,674872.4062916544,2290092.7288822345
70,74,674898.7349623973,2290016.012583
70,75,674929.9056875296,2289958.0592445266
70,76,674957.5961860697,2289915.3886402193
70,77,674981.5038296175,2289885.882371283
70,78,675053.2267602619,2289850.3235343597
70,79,674899.340219196,2289603.832703095
70,80,674789.8524000002,2289426.0584000032
70,81,674754.2649999997,2289364.772900002
70,82,674722.8945000013,2289310.749400001
70,83,674700.909190423,2289274.059202422
70,84,674653.7997000013,2289195.4404999986
70,85,674645.4211000018,2289179.4240000006
70,86,674644.5552000012,2289177.7687000018
70,87,674701.5946433388,2289154.515489305
70,88,674638.0205963629,2289164.5675814473
70,89,674650.2770465363,2289139.3737672023
70,90,674978.6789999995,2288612.6697000004
70,91,675010.2290000003,2288562.996200001
70,92,675016.7614000002,2288565.8364000004
70,93,675018.3596000001,2288563.2935000006
70,94,675021.8169,2288557.7926000003
70,95,675021.8169000002,2288557.7926
70,96,675022.7707000002,2288556.2750000004
70,97,675240.2693999996,2288210.215500001
70,98,675242.5268000001,2288206.6238
70,99,675242.9252000004,2288205.9899000004
70,100,675244.0560999997,2288204.1905000005
70,101,675257.8324999996,2288182.2710999995
70,102,675275.2402999997,2288162.5089
70,103,675296.6187000005,2288149.9988
70,104,675321.2104000002,2288140.8538000006
70,105,675472.1003999999,2288094.5030000005
70,106,675566.6024000002,2288065.4736
70,107,675615.8260000004,2288050.353
70,108,675707.1530657656,2288022.2988684988
70,109,675708.333126531,2288021.9363737707
70,110,675709.5166999996,2288021.5727999993
70,111,675723.9196487657,2288017.1484580734
70,112,675832.4892999995,2287983.797700001
70,113,675917.3581999997,2287957.7273999993
70,114,675994.7236000001,2287933.962099999
70,115,675995.6131999996,2287933.6887999997
70,116,675995.6132000004,2287933.688799999
70,117,675497.3205647473,2286325.61373348
70,118,675496.9080148468,2286324.282364799
70,119,675098.5145398004,2285046.7870150376
70,120,675075.3802799394,2284972.0041750222
70,121,674398.9228000008,2284660.0111000016
70,122,674383.784500001,2284652.946899999
70,123,674360.433600001,2284642.050200004
70,124,674229.4959000004,2284580.948400004
70,125,674120.3547999989,2284530.017900003
70,126,674023.3888999997,2284484.7690000013
70,127,674019.0942999991,2284482.7649000008
70,128,673788.0058000023,2284374.928000003
70,129,673745.7977000009,2284362.9230999984
70,130,673715.0362,2284359.0557000004
70,131,673675.1307000006,2284357.7786000017
70,132,673657.564100001,2284359.5095000025
70,133,673636.2477000002,2284361.6099000014
70,134,673606.7500999998,2284369.8368999995
70,135,673601.7861000001,2284371.2214
70,136,673587.5538000008,2284375.190800002
70,137,673583.2258000001,2284376.9076000005
70,138,673558.1217999998,2284386.8653999977
70,139,673553.7507999986,2284388.599199999
70,140,673553.0760000022,2284388.8669000007
70,141,673550.2060000021,2284390.0053000003
70,142,673461.5742000019,2284425.599900001
70,143,673461.5742000006,2284425.5999000017
70,144,673457.348100001,2284427.297000002
70,145,673377.4333000015,2284459.8737000003
70,146,673337.8672000002,2284476.9514000006
70,147,673333.0445999997,2284479.0330000017
70,148,673308.1927324912,2284489.7596286554
70,149,673254.2161999993,2284512.133
70,150,673254.1391000006,2284512.1996999993
70,151,673254.1224000007,2284512.1330000013
70,152,673220.027400001,2284375.6596000027
70,153,673218.5727000004,2284369.8368999995
70,154,673214.6637000004,2284354.1903000027
70,155,673203.9080999997,2284311.1383999996
70,156,673202.4380000001,2284305.253700001
70,157,673181.4606000008,2284292.221300002
70,158,673166.0703999996,2284282.66
70,159,673096.9108560628,2284239.693952563
70,160,673092.4103107518,2284234.3672680175
70,161,672906.9360818067,2284117.9355325447
70,162,672901.4732000005,2284114.506200001
70,163,672897.5859000012,2284121.093100004
70,164,672892.3304000011,2284129.9984000013
70,165,672892.3304000003,2284129.998400001
70,166,672887.4299000014,2284126.9015000006
70,167,672887.4299000008,2284126.9015000015
70,168,672881.4891000008,2284136.3191
70,169,672865.2147327617,2284162.1175999474
70,170,672844.6820999999,2284194.6663999986
70,171,672826.2565771436,2284223.875001796
70,172,672774.8013000013,2284305.4432000034
70,173,672744.4483000003,2284355.9517
70,174,672659.3981000017,2284497.4783999994
70,175,672650.5914000012,2284512.1330000013
70,176,672584.4441000009,2284622.204500001
70,177,672508.428100002,2284748.697900001
70,178,672480.0669,2284795.891899999
70,179,672453.4673000007,2284840.1546
70,180,672120.1295473723,2284645.845216254
70,181,672027.5760447747,2284758.4157758406
70,182,671193.128671652,2285166.7623626892
70,183,670887.8102420925,2285292.117770772
70,184,670126.5877331536,2285623.7088287803
70,185,669764.9668045223,2285775.5780836823
70,186,669539.4929495286,2285833.6044434234
70,187,669419.3805801788,2285880.4139715508
64,0,649151.3887754316,2291271.1875422634
64,1,649117.0000000009,2291314.9979
64,2,649115.0000000009,2291316.9979000017
64,3,649114.0,2291322.9979000036
64,4,649099.0,2291380.9979000017
64,5,649034.0,2291423.9979000017
64,6,648986.0000000009,2291402.9979000036
64,7,648953.0000000009,2291406.9979000017
64,8,648914.0000508251,2291454.997493414
64,9,648882.0001000008,2291447.9991000034
64,10,648860.9997894606,2291433.999064274
64,11,648835.9994148342,2291390.9989215843
64,12,648811.9997247318,2291424.9990813322
64,13,648794.9995126044,2291468.99868609
64,14,648739.9997585202,2291532.998384027
64,15,648705.0002000015,2291558.998800004
64,16,648675.0002000015,2291556.9991500005
64,17,648649.9998500021,2291550.9990000036
64,18,648626.9999500001,2291531.9989
64,19,648581.0000499999,2291519.9992000014
64,20,648481.2592896102,2291502.399364587
64,21,648482.939416891,2291514.1602535266
64,22,648489.7525462769,2291554.065726662
64,23,648490.3477649698,2291557.552007675
64,24,648490.7568939049,2291560.3477216437
64,25,648492.4750503832,2291572.0884558596
64,26,648496.6977787027,2291600.9437618256
64,27,648461.7727108011,2291602.002096176
64,28,648397.2142467499,2291610.468778614
64,29,648405.680929184,2291643.2771778144
64,30,648415.2059497889,2291703.602300644
64,31,648426.8476390876,2291752.2857303675
64,32,648437.0738735171,2291769.874853531
64,33,648453.3060245514,2291797.7941532154
64,34,648474.5762476064,2291826.4842205644
64,35,648498.8144512167,2291859.177610399
64,36,648387.6892261524,2291904.6860332508
64,37,648307.2557354001,2291952.31112862
64,38,648312.3238186622,2291956.142396657
64,39,648335.3721790314,2291973.5660343207
64,40,648343.3096942911,2292009.2848529834
64,41,648349.9242916116,2292064.8474674225
64,42,648348.9449840887,2292064.830286557
64,43,648274.5178890247,2292063.5245456714
64,44,648262.6116161384,2292096.5975284614
64,45,648192.4968929291,2292119.0871562976
64,46,648199.1114902506,2292186.5560436286
64,47,648217.787999752,2292246.3208756484
64,48,648225.5698757172,2292271.22287941
64,49,648266.0833562454,2292272.4889243096
64,50,648267.903295517,2292272.545797346
64,51,648382.9972743997,2292261.962442398
64,52,648442.5286426535,2292280.4833126087
64,53,648562.9143009204,2292313.5562953986
64,54,648552.3309459686,2292351.920957569
64,55,648525.872560502,2292378.379343033
64,56,648527.1954784403,2292411.452325823
64,57,648577.4664134989,2292428.6502780933
64,58,648613.5070183557,2292443.6671966035
64,59,648640.9665393839,2292455.1086635627
64,60,648687.1049723048,2292474.5893359613
64,61,648700.4979076385,2292480.24413109
64,62,648677.7436962128,2292524.165052414
64,63,648658.6936588297,2292585.548505787
64,64,648624.8269252786,2292591.898519516
64,65,648557.0934543656,2292589.781850813
64,66,648529.5767345428,2292600.36520195
64,67,648499.9433422107,2292604.598546982
64,68,648460.7849292774,2292605.6568813343
64,69,648434.3265438108,2292588.7235126495
64,70,648383.5264415732,2292573.9068164844
64,71,648377.1764278449,2292595.0735263843
64,72,648387.336452256,2292622.166919736
64,73,648389.8764553079,2292628.9402599353
64,74,648401.5181446085,2292673.3903484363
64,75,648401.5181446085,2292704.082078932
64,76,648406.809820177,2292758.057184223
64,77,648404.6931514768,2292804.62394524
64,78,648406.464647294,2292811.065744402
64,79,648412.8642635364,2292809.9178295135
64,80,648460.0007267017,2292815.3531742096
64,81,648593.0565738697,2292984.3439388275
64,82,648699.557489397,2292942.6892757416
64,83,649005.1831150064,2292850.5594120044
64,84,649278.4587497711,2292773.953203203
64,85,649765.0548114795,2292675.538183216
64,86,650134.2993183155,2292676.189447403
64,87,650309.602766037,2292748.874704361
64,88,650451.3501796732,2292855.0961780567
64,89,650450.1698093433,2292857.821897505
64,90,650462.3429737091,2292863.3339633998
64,91,650453.2726650247,2293011.450010298
64,92,650457.2292575845,2293079.393487934
64,93,650470.7158068186,2293117.965355916
64,94,650515.0736675309,2293244.8299465217
64,95,650557.1151954792,2293306.8019854873
64,96,650576.9557933817,2293336.0483608264
64,97,650715.954011918,2293310.9494648
64,98,650773.5116062164,2293248.2442035694
64,99,650914.8944797516,2293233.7049388904
64,100,650969.0783176431,2293271.0688877124
64,101,651023.5688686371,2293274.191446306
64,102,651160.7995243091,2293170.054819107
64,103,651185.42656337,2293144.240337575
64,104,651219.9044017801,2293108.10008049
64,105,651260.6949206423,2293098.0293441247
64,106,651262.5657787323,2293097.5674495734
64,107,651268.4587284708,2293097.9039737247
64,108,651294.7968540173,2293099.408044817
64,109,651295.0307092499,2293103.1701236665
64,110,651295.6663188972,2293113.3953113537
64,111,651421.6742954645,2293187.1426647026
64,112,651445.9306468936,2293201.3389225006
64,113,651520.7209033947,2293269.811708452
64,114,651534.1530017862,2293339.036798479
64,115,651557.5795040131,2293350.8442020435
64,116,651586.1745052338,2293346.494398121
64,117,651590.7607517252,2293343.5286884326
64,118,651646.8133220673,2293347.9767475147
64,119,651661.2744998941,2293358.969888689
64,120,651707.7302150754,2293352.8109989185
64,121,651741.9141979236,2293325.47308922
64,122,651760.0150051145,2293271.506296156
64,123,651788.3719882984,2293238.023908617
64,124,652015.519498826,2293228.4824962653
64,125,652050.147397995,2293212.6664905585
64,126,652054.705769524,2293256.7633903287
64,127,652080.4642009754,2293505.946012499
64,128,652084.3475322733,2293506.8308811244
64,129,652086.0079708109,2293519.598882675
64,130,652121.5590000153,2293520.27517128
64,131,652167.309923172,2293526.4266109504
64,132,652207.0094814328,2293508.814073568
64,133,652265.7842922211,2293496.08817864
64,134,652319.3389682788,2293530.863382343
64,135,652370.1957416562,2293567.413347248
64,136,652402.8929805756,2293585.145277027
64,137,652448.0409870148,2293585.018640522
64,138,652456.7506122617,2293462.6939258613
64,139,652526.7968654633,2293456.0214290638
64,140,652527.7183589945,2293423.260915756
64,141,652566.1741390247,2293420.3987216987
64,142,652574.7274532346,2293276.568212511
64,143,652575.1425495157,2293269.5880069733
64,144,652556.9208850898,2293270.2857494354
64,145,652524.5573062887,2293258.867403034
64,146,652141.2337360419,2293213.645547865
64,147,652142.4715595255,2293043.9322566986
64,148,652431.7253055573,2293040.1255855598
64,149,652550.4514217395,2293024.438474657
64,150,652643.006685257,2293018.802495964
64,151,652643.8473110199,2293012.0987911243
64,152,652644.186437605,2293009.394311907
64,153,652175.4120311756,2292867.6545085944
64,154,652205.3084163675,2292697.6790027656
64,155,652135.3922710437,2292662.93105126
64,156,652155.6113376627,2292580.637983322
64,157,652177.2961482992,2292468.6892604865
64,158,652191.9870700864,2292287.699876789
64,159,652206.3275661487,2292073.733243944
64,160,652217.0573558817,2292004.3070659637
64,161,652045.448469161,2292043.4688739777
64,162,652056.3031787872,2291842.6567211207
64,163,652070.3105561342,2291791.384359019
64,164,652028.0397742428,2291715.062113937
64,165,651970.5045433315,2291690.4041578323
64,166,651907.0983704925,2291648.1333759427
64,167,651837.821255724,2291659.875259798
64,168,651779.1118364278,2291632.8689269237
64,169,651766.1957641831,2291652.830129482
64,170,651780.2860248126,2291700.9718533065
64,171,651722.7507939031,2291685.7074042875
64,172,651695.744461027,2291704.4944184665
64,173,651705.1379681136,2291743.2426352
64,174,651719.2282287441,2291800.77786611
64,175,651702.7895913413,2291796.0811125655
64,176,651671.0865049222,2291777.2940983903
64,177,651644.0801720452,2291773.771533234
64,178,651601.8093901537,2291766.726402916
64,179,651483.2163631739,2291757.3328958303
64,180,651344.662133636,2291713.8879255503
64,181,651323.5267426893,2291794.906924179
64,182,651195.5402086247,2291759.6812726
64,183,651135.1202705745,2291792.904522024
64,184,651055.3554934729,2291828.614129057
64,185,650902.3438141262,2291901.2609402724
64,186,650833.1242154073,2291908.270519886
64,187,650773.542788663,2291918.7848893125
64,188,650645.6179606533,2291877.6036090627
64,189,650600.055693143,2291853.0700804032
64,190,650485.4821562236,2291790.266943222
64,191,650387.8889887119,2291755.524685893
64,192,650318.3068854641,2291748.789522756
64,193,650267.1006613355,2291725.1452523936
64,194,650204.8661496993,2291693.1005784236
64,195,650152.6108609233,2291697.1069339253
64,196,650094.5290399147,2291690.219084583
64,197,650013.0034002187,2291647.1636791546
64,198,649890.284731836,2291595.703983942
64,199,649856.9654486785,2291622.301231453
64,200,649767.788101363,2291650.165499836
64,201,649750.1143055577,2291634.0431153085
64,202,649714.8886539815,2291614.0819127485
64,203,649652.6566695273,2291603.5142172743
64,204,649636.2180321254,2291589.423956644
64,205,649610.1847317312,2291620.0103784967
64,206,649561.1715755463,2291641.2663402576
64,207,649556.3982425518,2291637.2273663227
64,208,649519.8964939108,2291606.341272356
64,209,649493.4381046304,2291571.4162006397
64,210,649368.5545215625,2291595.757917406
64,211,649358.9332885277,2291580.36394386
64,212,649357.9711666126,2291578.824548727
64,213,649329.3961124439,2291585.174562458
64,214,649310.0699882377,2291551.353845097
64,215,649299.762720109,2291533.3161258753
64,216,649263.7793140421,2291512.1494159717
64,217,649239.6492633829,2291510.561914444
64,218,649236.0975621548,2291511.7458143793
64,219,649220.5992259979,2291516.911924366
64,220,649153.9240932465,2291525.378610613
64,221,649127.510970708,2291516.0062113535
64,222,649088.3072948474,2291502.095228197
64,223,649064.736606501,2291485.5957457162
64,224,649045.9738788633,2291472.461835861
64,225,649060.7905750321,2291450.2367916107
64,226,649104.1823291807,2291426.953413008
64,227,649115.8240184793,2291411.078382494
64,228,649183.5574855832,2291422.7200717945
64,229,649218.4825572977,2291421.661733629
64,230,649253.4076251993,2291422.7200717945
64,231,649275.6326694498,2291425.895078663
64,232,649306.324399949,2291446.0034503955
64,233,649334.8994541168,2291425.895078663
64,234,649374.0578670511,2291393.0866794568
64,235,649352.8911571503,2291374.0366382618
64,236,649317.6988710789,2291361.4205366094
64,237,649296.7993793515,2291353.928266527
64,238,649276.5947919022,2291348.1555279978
64,239,649267.1659870194,2291345.461584095
64,240,649244.9409427643,2291339.1115703583
64,241,649218.4825572977,2291322.1782016736
64,242,649208.9575366965,2291298.894823078
64,243,649200.4908542633,2291272.4364376087
64,244,649158.1574344663,2291270.319765093
64,245,649151.3887754316,2291271.1875422634
71,0,704210.6519383574,2290127.2038142756
71,1,704254.8102325816,2290134.344440609
71,2,704261.9023325797,2290173.808040615
71,3,704287.1562325815,2290194.0144406147
71,4,704286.0093325824,2290255.819440607
71,5,704363.7536325809,2290284.2832406126
71,6,704376.7425325792,2290316.504940614
71,7,704358.9563325802,2290318.521940613
71,8,704345.9150325814,2290375.5252406076
71,9,704368.7219325807,2290400.359740611
71,10,704361.4678325802,2290440.0730406065
71,11,704386.3050580919,2290461.1972531304
71,12,704447.8292325819,2290513.5239406135
71,13,704472.0618325798,2290519.3221406136
71,14,704503.2317325817,2290577.2848406117
71,15,704513.2323325807,2290635.5423406083
71,16,704508.0982325803,2290668.8020406123
71,17,704497.0000999998,2290698.0003999993
71,18,704533.0001000008,2290711.0002999995
71,19,704544.0794325788,2290789.9125406053
71,20,704534.9999000011,2290840.000500003
71,21,704553.550988609,2290883.6205269936
71,22,704571.9999000002,2290927.0003000014
71,23,704591.9999000002,2290933.000499999
71,24,704655.0,2290908.0006000027
71,25,704678.57439024,2290925.744733082
71,26,704701.2247730391,2290942.7933779266
71,27,704751.9999000011,2290999.000300003
71,28,704721.0000999998,2291019.000300003
71,29,704714.0000999998,2291064.0006000027
71,30,704777.4619000023,2291088.4486
71,31,704802.9061000012,2291095.5154
71,32,704839.1210000003,2291090.221300004
71,33,704868.5260000005,2291098.886500001
71,34,704854.0011000009,2291137.998399999
71,35,704863.9999000011,2291155.000400001
71,36,704885.0000999998,2291153.000499999
71,37,704902.0,2291174.000400001
71,38,704890.0000999998,2291200.000499999
71,39,704905.0000999998,2291219.0003999993
71,40,704928.788125407,2291185.691522546
71,41,705083.0443325797,2291046.7195406165
71,42,705122.9986000005,2291007.999399999
71,43,705132.4221999999,2290979.7304000016
71,44,705138.9995000008,2290960.0001
71,45,705138.6432423713,2290921.5078945775
71,46,705157.6838882687,2290928.3036805373
71,47,705233.6005325792,2290954.710040614
71,48,705264.5705325808,2290944.588040605
71,49,705264.8543325802,2290944.789940616
71,50,705282.0144325811,2290956.9959406126
71,51,705310.5667325817,2290957.6145406086
71,52,705331.5092325797,2291017.7634406053
71,53,705362.2368000001,2290998.1854
71,54,705361.7630418241,2290967.593783926
71,55,705365.3726000013,2290888.708300002
71,56,705377.4691000003,2290881.807199998
71,57,705396.7920000013,2290877.4635000005
71,58,705407.3646,2290859.8133000005
71,59,705431.7245527115,2290862.637639938
71,60,705555.4570000023,2290871.1831
71,61,705581.9544000002,2290875.4168
71,62,705601.2458000015,2290894.927100001
71,63,705622.487900001,2290923.5119000003
71,64,705660.0796999997,2290958.7920999993
71,65,705683.2449000021,2290970.4035000037
71,66,705718.8860000009,2290996.6089999992
71,67,705740.9645325812,2290944.17064061
71,68,705813.8998325812,2290960.497740615
71,69,705847.4742325814,2290990.7179406136
71,70,705873.7141500274,2291026.783297088
71,71,705915.796332581,2291094.2674406096
71,72,706034.198075735,2291138.956105994
71,73,706051.2825325811,2291191.8615406137
71,74,706132.6673325812,2291188.5200406127
71,75,706131.655432581,2291160.895440614
71,76,706149.9984325795,2291137.136540614
71,77,706150.1273325812,2291136.969640609
71,78,706163.7049325798,2291142.3507406153
71,79,706185.3457325809,2291158.899240613
71,80,706210.3237325801,2291187.742140617
71,81,706272.5401325813,2291198.3608406093
71,82,706258.8787325798,2291168.6531406175
71,83,706258.8996189255,2291141.0794434976
71,84,706258.9292325815,2291101.984140612
71,85,706275.8035325808,2291056.6601406094
71,86,706325.375232581,2291048.323040612
71,87,706371.345632582,2290980.0478406083
71,88,706299.102332579,2290957.800740605
71,89,706268.2441156572,2290960.146948671
71,90,706198.637332581,2290944.329440614
71,91,706164.5720325802,2290894.046240611
71,92,706141.5524325836,2290899.7272406127
71,93,706129.3276325827,2290835.889440609
71,94,706105.2881325819,2290862.4260406103
71,95,706088.8358325819,2290851.0271406136
71,96,706081.3206325807,2290816.2509406134
71,97,706067.9376325822,2290788.795740612
71,98,706067.9937325809,2290679.8487406094
71,99,706106.6426325794,2290668.1253406126
71,100,706101.602832579,2290600.5812406093
71,101,706162.0138325812,2290519.202140605
71,102,706156.5965325814,2290503.4171406087
71,103,706002.4480122374,2290502.211064106
71,104,705929.4423325816,2290498.967240613
71,105,705889.0780325802,2290497.173740616
71,106,705888.9157325812,2290497.1665406097
71,107,705903.8645325815,2290470.262240613
71,108,705908.2101325812,2290462.441240607
71,109,705908.2103325808,2290462.3529406115
71,110,705908.4604325807,2290358.3749406133
71,111,705917.4327325812,2290336.52374061
71,112,705932.3772325823,2290300.12794061
71,113,705932.1984325806,2290299.981440615
71,114,705866.252432582,2290245.9602406137
71,115,705862.1862325817,2290242.6293406095
71,116,705860.3695325814,2290241.1823406145
71,117,705690.4895325834,2290105.8747406118
71,118,705690.4470325811,2290105.84074061
71,119,705691.499232579,2290173.429440612
71,120,705693.0211325819,2290271.190340612
71,121,705471.78153258,2290178.517840611
71,122,705423.6585325822,2290193.379540613
71,123,705366.4589325804,2290199.729540609
71,124,705362.1030325806,2290192.594240606
71,125,705358.4581325818,2290186.6234406065
71,126,705350.9697325798,2290187.602240607
71,127,705292.3972572954,2290195.257858716
71,128,705225.3504325794,2290206.95574061
71,129,705223.1601325795,2290206.5402406137
71,130,705174.3823325792,2290202.32654061
71,131,705167.1986445012,2290200.4076052103
71,132,705119.5557325799,2290187.681040613
71,133,705119.5587325813,2290187.566440612
71,134,705121.82763258,2290099.1769406106
71,135,705126.5688325819,2289938.691440614
71,136,705123.3778325813,2289936.650840612
71,137,705099.1180325812,2289920.287440611
71,138,705098.693432577,2289918.2390406076
71,139,705098.5244325809,2289915.934240613
71,140,705086.9843325801,2289861.7438406087
71,141,705074.0252325833,2289800.889940612
71,142,705073.9623325812,2289798.9141406137
71,143,705073.0887325807,2289771.44254061
71,144,705072.5839325804,2289755.56664061
71,145,705041.1796325808,2289749.680540612
71,146,705041.1769325798,2289749.600940613
71,147,705039.9025325822,2289712.4443406127
71,148,705037.6492325803,2289646.746940609
71,149,704652.43503258,2289641.223940607
71,150,704676.8520325813,2289500.521940613
71,151,704447.9872325808,2289481.234440608
71,152,704449.68123258,2289480.7574406117
71,153,704502.7594325803,2289465.808240611
71,154,704507.072032582,2289460.7533406094
71,155,704521.3514325805,2289444.0158406105
71,156,704532.0375325801,2289417.046640614
71,157,704554.1842325823,2289397.837940609
71,158,704558.1285325801,2289369.2139406092
71,159,704558.5528325811,2289366.134540612
71,160,704558.4993325798,2289366.130640611
71,161,704342.393332582,2289350.3900406137
71,162,704347.8490325799,2289327.591540616
71,163,704336.3245325824,2289259.281940613
71,164,704112.4623325793,2289221.4296406116
71,165,704110.1961325817,2289342.9226406105
71,166,704109.7609325815,2289342.8043406103
71,167,704079.2201325819,2289334.5031406097
71,168,704079.2226325814,2289334.8672406115
71,169,704079.6116325818,2289389.9205406085
71,170,704080.5393325817,2289521.1993406136
71,171,704080.5426325789,2289521.669040609
71,172,703948.8157325825,2289506.565140616
71,173,703948.4468325796,2289506.5228406135
71,174,703955.1402325798,2289530.5557406116
71,175,703956.847832582,2289536.6868406124
71,176,703995.3381325798,2289681.5369406138
71,177,703994.9424325814,2289681.536840612
71,178,703777.79853258,2289681.449040618
71,179,703777.4711325802,2289682.3228406087
71,180,703752.6853325805,2289748.468840614
71,181,703878.485932582,2289822.8158406112
71,182,703925.6890325807,2289850.791740613
71,183,704009.0300325816,2289900.185240615
71,184,704009.2128325803,2289899.843240613
71,185,704041.6414325805,2289839.1842406094
71,186,704053.8712325823,2290098.5247406177
71,187,704054.0082325833,2290101.42854061
71,188,704054.1670325808,2290101.4626406077
71,189,704062.3532325802,2290103.2231406085
71,190,704210.6519383574,2290127.2038142756
61,0,658603.494735389,2304229.5619310606
61,1,658863.9162748205,2304074.7435323857
61,2,659138.9246393684,2303919.576197177
61,3,659216.421072837,2303858.5184011087
61,4,659282.2716304567,2303812.912110802
61,5,659333.8399114292,2303736.4028089754
61,6,659387.8525771834,2303684.7385199927
61,7,659420.7298519872,2303696.4804038517
61,8,659444.2136197072,2303705.873910941
61,9,659472.394140969,2303701.1771573965
61,10,659502.9230390005,2303705.873910941
61,11,659538.1486905804,2303734.054432202
61,12,659585.1162260165,2303741.0995625164
61,13,659629.7353846813,2303698.828780623
61,14,659674.3545433469,2303597.8485794347
61,15,659717.9358831216,2303538.0729050376
61,16,659818.6598374108,2303612.875253463
61,17,659937.8992244778,2303521.7793241926
61,18,659983.0768804401,2303304.0378346965
61,19,660023.8108325405,2303276.6349941827
61,20,660079.7472824147,2303267.7843308784
61,21,660229.7087290334,2302988.1090692766
61,22,660696.2432315629,2303097.558202466
61,23,661209.5186277237,2303110.0819603056
61,24,661240.3268201668,2302407.2307156324
61,25,661149.6800365746,2302197.3419485763
61,26,661201.1513963435,2302202.203132555
61,27,661318.9995999997,2301210.9996000025
61,28,661408.000500001,2301219.0002999995
61,29,661419.0002000015,2301217.000900002
61,30,661452.0006000008,2301212.000800004
61,31,661518.0000999998,2301197.9997000042
61,32,661557.0003000004,2301187.0007000007
61,33,661631.0002000015,2301155.0006000027
61,34,661788.0001999987,2301099.999400003
61,35,661962.0002999995,2301131.000400001
61,36,662088.000500001,2301128.999300003
61,37,662190.0001000017,2301113.9995000027
61,38,662222.0001000008,2301109.9996000044
61,39,662274.9997000005,2301114.0001000036
61,40,662351.9993000012,2301114.0003000014
61,41,662446.9999000002,2301108.0007000044
61,42,662481.9993000012,2301086.9995000027
61,43,662493.9991999995,2301052.999599999
61,44,662528.728990294,2301022.0026455987
61,45,662553.0001999997,2300993.999500001
61,46,662598.9998000013,2300951.9997000024
61,47,662648.0006000018,2300897.999399999
61,48,662659.0002000006,2300881.0001000017
61,49,662673.0007000007,2300870.9997000024
61,50,662694.0006000008,2300857.999500001
61,51,662730.9992000004,2300823.0003000014
61,52,662818.8310408369,2300730.4805410206
61,53,662901.0001000008,2300653.999800004
61,54,662937.0000000009,2300638.999300001
61,55,663044.9999000002,2300595.999900002
61,56,663133.9993000012,2300573.9997000024
61,57,663220.0004000012,2300570.0001000017
61,58,663287.0004831199,2300514.0002224054
61,59,663345.9995732922,2300470.0003517214
61,60,663425.9998823674,2300451.000086181
61,61,663455.0003772089,2300407.9995837826
61,62,663465.0001002457,2300361.999819219
61,63,663459.0002619894,2300325.0001657754
61,64,663461.9999795286,2300286.9997677337
61,65,663470.0003676275,2300251.0000339895
61,66,663418.0000779545,2300184.0003070757
61,67,663382.9998413799,2300089.9997868966
61,68,663385.0480836211,2300008.230997771
61,69,663412.1390784765,2299924.106329428
61,70,663410.713236643,2299875.6277069915
61,71,663426.3974968297,2299862.795130469
61,72,663410.7132366449,2299815.742349863
61,73,663385.0480836071,2299748.727783559
61,74,663370.7896652585,2299680.2873754147
61,75,663367.9379815888,2299600.440232575
61,76,663366.5121397553,2299567.6458703466
61,77,663373.6413489273,2299531.9998244364
61,78,663377.9188744277,2299474.9661509804
61,79,663372.215507092,2299450.726839762
61,80,663524.7805834301,2299455.004365269
61,81,663531.2758496897,2299445.607553944
61,82,663532.0115014343,2299231.53289227
61,83,663480.1798943328,2299063.8455933575
61,84,664043.6454741657,2299058.9257771727
61,85,664052.2727725087,2299058.850449197
61,86,664049.6600578027,2299010.5774346218
61,87,664047.9046612661,2298978.1443938557
61,88,664047.528236296,2298971.1894944087
61,89,664045.1174389478,2298926.6471433863
61,90,664044.5752587514,2298916.629718818
61,91,664043.403584674,2298894.9816454034
61,92,664042.9316172032,2298886.261484513
61,93,663984.215783855,2298855.1243001595
61,94,663979.3227977445,2298835.1075387932
61,95,664010.4599820953,2298803.9703544397
61,96,664009.5091382936,2298774.177248707
61,97,664009.1255313382,2298762.157564029
61,98,663984.7787966663,2298656.4242379647
61,99,663945.8356515793,2298607.7453066055
61,100,663921.4961858997,2298524.9911232926
61,101,663876.0625166306,2298461.708512528
61,102,663804.6667506369,2298395.1806396693
61,103,663726.7804604601,2298309.1811942663
61,104,663653.7620634194,2298210.200700503
61,105,663573.2991436534,2298048.9463736434
61,106,663562.0232418347,2298054.980692206
61,107,663513.387239432,2298064.957308084
61,108,663466.8855057396,2298074.89942988
61,109,663429.9953538971,2298082.438661283
61,110,663429.2473643497,2298079.4467031006
61,111,663427.3773904862,2298078.698713556
61,112,663426.4424044089,2298078.324707903
61,113,663426.7004913548,2298080.351503417
61,114,663425.1772993123,2298099.8032638747
61,115,663422.8905254537,2298129.0062639546
61,116,663421.0338942604,2298153.168079814
61,117,663417.3428818462,2298200.756980339
61,118,663414.3244347153,2298246.861353686
61,119,663408.9253163729,2298310.555830857
61,120,663407.4397818306,2298328.0809784867
61,121,663408.3158809273,2298334.358409606
61,122,663391.2392413914,2298332.53988399
61,123,663358.8834074978,2298309.375618592
61,124,663332.7658220688,2298286.27204098
61,125,663301.6529111089,2298277.8617563806
61,126,663265.6449774057,2298273.826517204
61,127,663234.4532863339,2298273.5235718563
61,128,663195.7085224437,2298265.776463162
61,129,663143.0864413604,2298259.3689251356
61,130,663110.2288330076,2298260.705174139
61,131,663089.496331526,2298264.2180947866
61,132,663020.2955436697,2298275.943226604
61,133,662991.3959518047,2298280.8401623126
61,134,662981.4242879003,2298277.968539605
61,135,662973.3403852172,2298266.3725370243
61,136,662930.7615786148,2298265.4146855026
61,137,662918.3606192507,2298265.375069158
61,138,662898.4256613255,2298230.6126574967
61,139,662871.9624951473,2298209.1473602764
61,140,662835.9963941732,2298138.147513192
61,141,662779.4615796236,2298136.9360389262
61,142,662742.1570740659,2298142.2263681497
61,143,662721.7283230927,2298145.123466417
61,144,662656.7384484047,2298148.169866789
61,145,662575.3456741422,2298158.7492130343
61,146,662555.8820338361,2298159.0581598766
61,147,662550.6898748772,2298155.857169885
61,148,662545.497715923,2298152.6561798975
61,149,662533.2218909785,2298143.5549647007
61,150,662421.791021524,2298026.4553368054
61,151,662417.6742270282,2298029.103801243
61,152,662470.8640313819,2297286.9236357138
61,153,662429.2265918767,2296874.6535789594
61,154,662306.1054174853,2296353.498223711
61,155,662251.6991239218,2296363.272785632
61,156,661062.1410593204,2296652.7796881013
61,157,660471.1404699432,2296746.5893054605
61,158,659943.7219545534,2296819.5523411892
61,159,658583.6817431571,2296960.317538105
61,160,658622.7132467432,2297690.5896997396
61,161,658624.7699064612,2297953.4470652007
61,162,658948.3127320148,2297884.483042596
61,163,658958.9159005117,2298761.408435557
61,164,658572.3551762048,2299008.5284340065
61,165,658152.0785038769,2298551.583091002
61,166,657145.1065290291,2298921.0879549906
61,167,657184.5955944611,2299039.555249449
61,168,657022.2177388659,2299078.1400472894
61,169,657046.9712853655,2299104.49059679
61,170,657060.9384177113,2299143.2392566316
61,171,657074.9311683401,2299196.8781881444
61,172,657077.4509160304,2299221.528054673
61,173,657081.2409780305,2299258.6049900856
61,174,657085.2612112518,2299297.933615202
61,175,657085.8565802565,2299303.757915195
61,176,657091.6043510269,2299359.2048493717
61,177,657096.2156784153,2299405.8900959343
61,178,657096.8210918438,2299415.6920207944
61,179,657099.5333230868,2299459.604305722
61,180,657098.7833022121,2299464.354357032
61,181,657113.4111518096,2299684.292805396
61,182,657134.9391629072,2299682.3357185517
61,183,657139.0645518443,2299681.9606841654
61,184,657142.2711875224,2299847.2502080556
61,185,657209.9028805774,2299832.382912487
61,186,657217.4822943322,2299831.216850629
61,187,657223.8956442708,2299830.925336236
61,188,657226.2277702475,2299836.1726232376
61,189,657227.9768644236,2299841.4199100994
61,190,657228.8514113706,2299844.626585357
61,191,657233.2241488071,2299849.290841015
61,192,657239.0544661777,2299852.206001533
61,193,657242.5526562519,2299855.4126774147
61,194,657248.6744897319,2299857.453290267
61,195,657252.7557116151,2299860.6599662844
61,196,657260.9181559989,2299864.449675098
61,197,657265.8739255909,2299867.656351326
61,198,657270.2466632351,2299871.4460592438
61,199,657271.995757753,2299875.2357665338
61,200,657274.3278837297,2299880.483053535
61,201,657276.95152603,2299883.981245123
61,202,657281.0327476999,2299888.0624688864
61,203,657285.4054854177,2299891.5606608875
61,204,657290.0697391024,2299894.7673370466
61,205,657292.9848973695,2299897.9740127865
61,206,657295.0255075833,2299902.6382678933
61,207,657295.0255069602,2299905.2619111147
61,208,657295.3170220982,2299908.4685862362
61,209,657298.5236957166,2299914.0073893573
61,210,657299.9812743338,2299917.7970965803
61,211,657302.6049165558,2299921.5868040808
61,212,657305.8115905924,2299925.376511721
61,213,657310.475844901,2299925.959544657
61,214,657313.6825198326,2299925.9595454168
61,215,657318.638289704,2299928.0001579877
61,216,657320.9704164434,2299930.0407699365
61,217,657323.5940591516,2299931.7898660414
61,218,657327.6752811754,2299934.413510233
61,219,657330.0074081896,2299935.2880585287
61,220,657334.0886302739,2299937.620186804
61,221,657338.169852782,2299938.2032196
61,222,657341.9595591063,2299939.952315986
61,223,657347.7898766147,2299942.284444673
61,224,657355.9523213431,2299944.616573924
61,225,657365.2808298254,2299946.365671618
61,226,657374.6093385834,2299946.9487056583
61,227,657378.690560394,2299950.446897598
61,228,657385.1039092913,2299954.5281219054
61,229,657386.8530027699,2299962.6905679107
61,230,657395.0032378491,2299966.9597412907
61,231,657399.096669171,2299969.103920916
61,232,657411.9233668242,2299977.8494013734
61,233,657399.3881822312,2299981.056073446
61,234,657354.8586743381,2299986.6622773316
61,235,657320.9704004992,2299997.0894300938
61,236,657297.0660949275,2300003.50277452
61,237,657285.4054576969,2300008.1670263745
61,238,657196.6089155413,2299999.9637426957
61,239,657206.696160554,2300022.1597715653
61,240,657199.1167391818,2300055.392583931
61,241,657199.8169371905,2300063.4448835105
61,242,657200.2827996062,2300068.8023162335
61,243,657221.2719241232,2300155.0910316557
61,244,657235.8477037549,2300220.390599761
61,245,657242.2610383853,2300284.5241022687
61,246,657252.280584991,2300468.383547738
61,247,657253.101105635,2300483.440145254
61,248,657253.9216256272,2300498.4967534672
61,249,657261.2094905088,2300636.0922663715
61,250,657264.7432753323,2300692.0676314775
61,251,657268.4973606579,2300751.5325698275
61,252,657268.7507710056,2300754.9717215393
61,253,657270.5379654011,2300779.226582084
61,254,657274.9111102372,2300819.189471025
61,255,657283.1815925585,2300816.1256675813
61,256,657284.6873256881,2300820.519990105
61,257,657088.5646877289,2300887.7222385444
61,258,657028.2309856433,2300895.181303026
61,259,656630.2734127054,2300947.20813179
61,260,656717.0074977875,2301328.1357364673
61,261,656685.6407960355,2301367.141942205
61,262,656684.8548391657,2301366.959169628
61,263,656654.2898202417,2301403.8338409476
61,264,656566.7011401281,2301509.503783392
61,265,656496.14148679,2301599.2338523585
61,266,656427.2871851679,2301686.969809629
61,267,656387.389067498,2301737.8090377487
61,268,656376.3753044028,2301751.843063593
61,269,656359.3887321269,2301773.487799568
61,270,656357.0633962089,2301776.450803591
61,271,656351.3191288318,2301784.5931593943
61,272,656345.5748614538,2301792.7355152015
61,273,656313.102798921,2301838.7638543174
61,274,656240.9923114646,2301929.7434437685
61,275,656120.6415907592,2302081.586255349
61,276,656064.589368795,2302135.5330522787
61,277,656036.8080632342,2302183.158147529
61,278,655889.9640195454,2302365.72101265
61,279,655833.6420918563,2302409.78705843
61,280,655827.7919597635,2302606.742692951
61,281,655917.6900196094,2302604.745027544
61,282,655920.3549251584,2302604.6858081836
61,283,656011.9396152524,2302606.7438983954
61,284,656103.424036026,2302608.799737932
61,285,656127.1072412357,2302609.2931357156
61,286,656129.7627507104,2302826.0278054774
61,287,656131.5340809822,2302970.5984368604
61,288,656742.3793776231,2302993.4337750524
61,289,656780.1683887951,2302996.5492765233
61,290,656780.1683887951,2303032.4723461587
61,291,656780.1683887951,2303064.2224096563
61,292,656778.6561383372,2303096.217776241
61,293,656966.0297222156,2303105.0739269294
61,294,656988.1965427417,2303183.2034091987
61,295,657018.2546634674,2303216.3443737067
61,296,657052.1663265256,2303237.924535753
61,297,657092.2438144721,2303276.460554125
61,298,657110.741071702,2303314.9966068286
61,299,657162.3793125171,2303326.5573635157
61,300,657207.8517894763,2303373.57131386
61,301,657220.1833133716,2303433.687475208
61,302,657278.7580890674,2303412.1073207892
61,303,657323.4598293323,2303399.77583123
61,304,657371.2445125608,2303372.029874807
61,305,657406.6976451911,2303356.6154384613
61,306,657440.6093502063,2303345.825380329
61,307,657479.145315174,2303379.7371082343
61,308,657481.5480488446,2303380.097512383
61,309,657497.4092758531,2303400.5849306025
61,310,657509.1511597103,2303492.1716247015
61,311,657512.199097679,2303543.986570148
61,312,657513.8479132559,2303572.016434945
61,313,657544.3768112902,2303682.390143223
61,314,657545.4798296439,2303903.2005208526
61,315,657559.6747938646,2303905.259988215
61,316,657746.337213668,2303950.1050952114
61,317,657778.4727632636,2303924.805407699
61,318,657814.4401400499,2303938.3632113524
61,319,657842.6801928636,2303968.509304261
61,320,657914.2244800646,2303975.040162649
61,321,657949.0358877797,2304026.9216071945
61,322,658036.1350734485,2304023.5203381833
61,323,658084.5034688115,2304013.5112680513
61,324,658133.819381021,2304029.949905455
61,325,658159.6515255105,2304065.1755570304
61,326,658178.4385396848,2304126.233353099
61,327,658216.0125680342,2304210.7749168873
61,328,658237.1479589809,2304196.684656253
61,329,658335.7797833988,2304173.200888537
61,330,658392.1408259226,2304154.4138743635
61,331,658417.9729704121,2304147.3687440474
61,332,658450.8502452197,2304112.1430924684
61,333,658483.7275200235,2304112.1430924684
61,334,658518.9531716034,2304121.536599554
61,335,658603.494735389,2304229.5619310606
62,0,661021.1486219957,2305118.422539203
62,1,661021.1486219957,2305118.422539203
62,2,661065.7677806607,2305055.016366363
62,3,661197.2768798836,2305106.6806553435
62,4,661430.2077952733,2305072.9094886184
62,5,661475.5609525798,2305068.050221764
62,6,661644.0145905686,2305050.001617694
62,7,662090.7180735962,2305298.170219376
62,8,662281.6169979671,2305191.2668217286
62,9,662373.248481665,2305225.628628115
62,10,662409.0392941524,2305407.2728821393
62,11,662502.9743650259,2305348.5634628437
62,12,662571.0772914093,2305259.3251455138
62,13,662636.8318410207,2305172.4352049557
62,14,662693.1928835448,2305059.7131199073
62,15,662770.6893170155,2305003.352077383
62,16,662909.2435465539,2304986.9134399802
62,17,663021.9656316022,2304935.249151
62,18,663191.0487591745,2304921.158890369
62,19,663329.602988713,2304853.0559639856
62,20,663465.8088414796,2304806.0884285485
62,21,663529.9622276246,2304798.4605019204
62,22,663587.405404634,2304791.6304284693
62,23,663631.3276449942,2304786.408013147
62,24,663647.3432665166,2304782.0888932417
62,25,663707.0003712717,2304766.000464311
62,26,663825.0003083436,2304728.999884002
62,27,663837.9995033941,2304723.000162476
62,28,663852.0003046829,2304716.0005420656
62,29,663860.0153353232,2304711.6843057973
62,30,663864.9999473125,2304709.0000037635
62,31,663877.9994979865,2304702.0004695198
62,32,663885.9626442011,2304694.037843085
62,33,663864.4779748567,2304706.8408818245
62,34,663826.213391272,2304638.1297186525
62,35,663798.9768593082,2304585.932491305
62,36,663790.1905499728,2304563.7494724453
62,37,663776.126856274,2304528.242506933
62,38,663780.1535064332,2304527.8073469857
62,39,663763.9605999999,2304469.8214
62,40,663762.5794000002,2304464.6207999997
62,41,663745.2567999996,2304403.630000001
62,42,663733.6379000004,2304362.7213000003
62,43,663727.1124999998,2304339.0705999993
62,44,663696.8846000005,2304230.0014999993
62,45,663656.6743000001,2304078.3517000005
62,46,663653.0691999998,2304065.4557000007
62,47,663635.6518000001,2304003.1504999995
62,48,663629.6370999999,2303979.939099999
62,49,663624.2285000002,2303956.5478000008
62,50,663556.2213471946,2303609.590463295
62,51,663516.8797000004,2303259.0495999996
62,52,663450.5443924619,2303090.599196719
62,53,663262.5407999996,2302639.4191999994
62,54,663141.9983999999,2302609.1216
62,55,663037.4336000001,2302545.9793
62,56,662989.2336999997,2302497.225299999
62,57,662935.2598000001,2302481.1838000007
62,58,662845.1530999998,2302491.167199999
62,59,662783.2845999999,2302480.0250000004
62,60,662759.3514999999,2302447.816299999
62,61,662710.8057093328,2302447.143961235
62,62,662656.7930435806,2302545.7757856525
62,63,662121.3631396014,2302519.943641162
62,64,662090.8342415675,2302602.1368281767
62,65,661501.5775754013,2302769.9990338995
62,66,661466.9838306024,2303125.094903937
62,67,661209.518627722,2303110.0819603056
62,68,661017.5197000001,2303104.659600001
62,69,660696.2432315632,2303097.558202464
62,70,660585.5247308189,2303510.958638878
62,71,660545.6023256977,2303790.415474727
62,72,660547.9507024696,2303858.51840111
62,73,660563.5266786297,2303898.8811037363
62,74,660538.7098184614,2303988.6035981905
62,75,660641.7952376216,2304061.1451894515
62,76,660475.7131734191,2304454.3969736556
62,77,660464.2592379568,2304534.5745218913
62,78,660802.7495822147,2305151.2998140086
62,79,661021.1486219957,2305118.422539203
62,80,661021.1486219957,2305118.422539203
3,0,704825.0018336596,2282920.59563802
3,1,704834.5748431571,2282679.2839783076
3,2,704844.0998622049,2282549.1087179575
3,3,704825.0498241065,2282515.771151282
3,4,704809.1747923559,2282511.008641757
3,5,704801.2372764815,2282461.7960433327
3,6,704791.7122574309,2282391.9459036347
3,7,704772.4472828936,2282357.0387631115
3,8,704772.6699976884,2282280.829982845
3,9,704773.0296325795,2282157.7697406113
3,10,704734.0458325781,2282074.847340608
3,11,704695.7573325802,2281991.9053406063
3,12,704749.5374325793,2281973.058840608
3,13,704851.7901325785,2281937.878140606
3,14,704911.8566325782,2281706.9268406127
3,15,704808.9981000023,2281685.9990000017
3,16,704817.9320888771,2281681.000362575
3,17,704898.3148000017,2281636.0255999994
3,18,705054.0017999997,2281607.9985000025
3,19,705206.7774195075,2281593.8009538967
3,20,705174.1679000007,2281585.891300002
3,21,705047.7089,2281535.6668999996
3,22,704968.4022000004,2281518.207700001
3,23,704888.7895000009,2281516.6703999992
3,24,704784.6197000006,2281433.2948000003
3,25,704869.0872000009,2281358.314700002
3,26,704898.2744000005,2281251.278400002
3,27,704887.9134000009,2281192.308600001
3,28,704874.9639251195,2281171.410119487
3,29,704865.1666323151,2281155.5987859163
3,30,704789.3384485273,2281094.308001643
3,31,704756.7008099919,2281067.927481454
3,32,704706.7150779767,2281027.524753973
3,33,704697.6251539579,2281025.804101657
3,34,704635.022477149,2281023.819074791
3,35,704598.6586339548,2281022.666037746
3,36,704484.2049000012,2281019.0369000025
3,37,704474.0839535892,2281014.905227218
3,38,704436.5626999987,2281014.1807000022
3,39,704293.2599999998,2281011.4134
3,40,704198.953900001,2280945.882000001
3,41,704147.4099267218,2280881.547127055
3,42,704121.1856000023,2280848.815100001
3,43,704026.8805000018,2280783.2832000013
3,44,703904.5222198004,2280768.65650218
3,45,703867.9637000021,2280764.2863000017
3,46,703709.0464000013,2280745.2891000006
3,47,703630.3563999999,2280695.9871999994
3,48,703439.5946000004,2280676.374900004
3,49,703280.6777999997,2280657.3779000025
3,50,703203.5255000014,2280528.4677000027
3,51,703133.2442168677,2280511.4197246972
3,52,703060.8392000012,2280493.8566000015
3,53,703016.9899861487,2280493.0094903857
3,54,702885.6928000003,2280490.4729999993
3,55,702678.3951000022,2280502.3949000034
3,56,702597.9375908533,2280516.8753277734
3,57,702518.5572000006,2280531.1619000025
3,58,702421.7926000012,2280593.0022
3,59,702293.4910000004,2280638.3046000022
3,60,702206.331044999,2280580.3401970845
3,61,702128.5433894238,2280561.290158985
3,62,702055.8872000007,2280570.0035999995
3,63,701929.1240000008,2280535.698500002
3,64,701850.7430000007,2280470.474399999
3,65,701813.9836999988,2280399.874800002
3,66,701818.2882491751,2280395.7695283946
3,67,702053.609699999,2280171.3422000017
3,68,702503.1709999992,2280086.3509
3,69,702492.0816165013,2280045.3516271077
3,70,702444.4565212503,2279972.3264810517
3,71,702423.8189799748,2279908.826354053
3,72,702436.5190053759,2279891.3638191316
3,73,702487.3191069765,2279888.1888127793
3,74,702511.1316545997,2279891.3638191316
3,75,702527.0066863503,2279862.788761981
3,76,702536.5317054009,2279838.976214355
3,77,702568.2817689003,2279765.9510683045
3,78,702604.7943419255,2279727.850992104
3,79,702657.1819467014,2279700.8634381276
3,80,702655.594443528,2279694.5134254284
3,81,702638.1319086011,2279637.3633111287
3,82,702612.7318578018,2279570.6881777775
3,83,702579.3942911262,2279502.425541252
3,84,701125.1426325783,2279546.883440608
3,85,701122.2492325779,2279453.3062406066
3,86,701156.3406325772,2279380.5771406083
3,87,701217.4100325776,2279328.5775406086
3,88,701325.6221325779,2279251.2007406075
3,89,701560.3288325783,2279175.327540608
3,90,701445.3235801542,2278480.3934201207
3,91,701570.5703413216,2278323.834968662
3,92,701063.3209586041,2278470.9999130312
3,93,700649.2277932698,2278740.316144619
3,94,700567.1627815338,2278793.6892537586
3,95,700556.0867325766,2278803.551140612
3,96,700371.0719325785,2278967.6414406076
3,97,700304.4667325802,2279027.389940612
3,98,700304.5209325785,2279027.4752406105
3,99,700344.9014325803,2279091.015640607
3,100,700473.2070325799,2279292.909640614
3,101,700473.2643325776,2279292.9998406135
3,102,700443.2362325778,2279300.489340611
3,103,700430.1806704421,2279303.7456174307
3,104,700330.9206325794,2279328.502740614
3,105,700251.9534879653,2279366.173918033
3,106,700152.9826325784,2279413.387840612
3,107,700132.6008325787,2279498.141640609
3,108,699944.4406535346,2279591.2850295994
3,109,699865.00963258,2279723.1510406155
3,110,699505.347432577,2279778.2685406096
3,111,699408.4454325801,2279512.1864406075
3,112,699227.126131082,2279144.778093012
3,113,698864.8069325788,2279060.2548406105
3,114,698691.0144325793,2279171.0566406064
3,115,697903.3184325779,2278624.036240617
3,116,697760.9902044199,2279431.984713547
3,117,697731.1854585446,2279653.2276348528
3,118,697755.2585225208,2279903.1289656553
3,119,697838.9410782503,2280155.3229692113
3,120,698056.7830028571,2280648.6336002406
3,121,698376.2632582114,2281414.5664535644
3,122,698375.8354486928,2281435.1346379127
3,123,698455.0415020026,2281603.4321003035
3,124,698454.24687352,2281601.5614017514
3,125,698468.9996984365,2281597.9999225824
3,126,698483.0178360158,2281592.9535814924
3,127,698494.0005772046,2281588.9999423
3,128,698516.9994461127,2281581.0004370883
3,129,698533.000727973,2281566.999255392
3,130,698546.6558807098,2281558.123925559
3,131,698552.9998083317,2281554.00061393
3,132,698613.7493977204,2281532.2497858573
3,133,698655.5747302724,2281522.9551577126
3,134,698681.2504127991,2281517.2493830803
3,135,698700.5770515425,2281498.842764649
3,136,698712.7493938289,2281487.249871397
3,137,698775.7493707379,2281436.25089722
3,138,698813.2505079331,2281424.249914247
3,139,698825.3347186348,2281425.672092306
3,140,698838.7493119197,2281427.2508416926
3,141,698856.624064056,2281426.505693182
3,142,698874.7497143019,2281425.7500854293
3,143,698890.0018216294,2281427.076027256
3,144,698909.2506251456,2281428.749442223
3,145,698946.7492626611,2281443.7497614343
3,146,698962.8688776843,2281452.0695024105
3,147,698993.2500885024,2281467.75001365
3,148,699015.7500044478,2281485.7497456516
3,149,699035.2507681135,2281502.249233487
3,150,699054.7495369418,2281496.250140555
3,151,699062.3611457357,2281489.14599705
3,152,699077.2504933394,2281475.249285202
3,153,699086.5134647397,2281433.5627078987
3,154,699089.249366068,2281421.2502049995
3,155,699097.5703881838,2281415.5572423064
3,156,699117.7502802706,2281401.750876989
3,157,699153.4477651613,2281380.926859261
3,158,699153.7505702878,2281380.7502191155
3,159,699163.4854766463,2281380.750395557
3,160,699189.749471196,2281380.7508905693
3,161,699221.249862982,2281386.749646268
3,162,699228.5048521641,2281388.9260395477
3,163,699251.2506435595,2281395.7494525523
3,164,699270.7495744718,2281377.7491907612
3,165,699291.6856478564,2281364.5270250947
3,166,699299.2507934852,2281359.7492615213
3,167,699310.0124525101,2281355.3470302015
3,168,699332.250705058,2281346.2501119995
3,169,699351.4263753789,2281338.4051200612
3,170,699365.2506928672,2281332.7494294164
3,171,699381.0817944563,2281341.131388061
3,172,699390.7495681412,2281346.250107294
3,173,699411.7497152856,2281368.7505402514
3,174,699416.2227861239,2281375.7082888717
3,175,699425.2503901663,2281389.750498763
3,176,699461.2494043028,2281386.750064079
3,177,699477.4260067613,2281386.749754202
3,178,699492.7497625877,2281386.749460662
3,179,699531.7507015341,2281415.250591956
3,180,699535.0933601373,2281415.507520353
3,181,699551.2497351093,2281416.7493556757
3,182,699597.7503911146,2281418.2492942237
3,183,699635.2496356482,2281380.74978578
3,184,699651.6810472881,2281370.7089570346
3,185,699662.2500104017,2281364.2505028998
3,186,699693.7504500654,2281367.2502403166
3,187,699720.7502804892,2281379.249599332
3,188,699740.2494675152,2281374.750368627
3,189,699745.5718933527,2281367.8624539124
3,190,699765.7493339481,2281341.750208441
3,191,699799.7619377454,2281346.6084989524
3,192,699807.749770592,2281347.7494682223
3,193,699837.750526017,2281352.249633285
3,194,699844.5674553466,2281360.7416190896
3,195,699851.9995669225,2281369.999949776
3,196,699894.7492360843,2281374.749370528
3,197,699895.9768434978,2281374.267139454
3,198,699903.7642184839,2281371.2080828585
3,199,699903.7642300744,2281371.2081361488
3,200,699911.395132577,2281406.2934406064
3,201,699950.1325325789,2281584.3997406084
3,202,699922.853432578,2281604.214140609
3,203,699844.308432579,2281661.265740609
3,204,699801.5808325792,2281657.2910406105
3,205,699702.3204325791,2281649.706940608
3,206,699553.7378325779,2281742.124240609
3,207,699549.4730325779,2281795.2263406105
3,208,699540.3673325786,2281927.6929406095
3,209,699523.3058325788,2282194.273940608
3,210,699413.8967181072,2282222.045669405
3,211,699275.4432325782,2282257.189840611
3,212,699260.3608231274,2282340.210917646
3,213,699249.6369325779,2282399.2405406106
3,214,699182.424453103,2282798.424797464
3,215,699169.7077167872,2282885.919874966
3,216,699206.8149416642,2282911.7029806487
3,217,699227.2448000014,2282925.8981999997
3,218,699515.692102435,2283162.0729007814
3,219,699930.322900001,2283498.2413000017
3,220,700523.4305065563,2283004.937652633
3,221,700687.8150197896,2283106.3081024606
3,222,701109.2154514682,2283218.811983869
3,223,701904.0010000002,2283347.0001
3,224,702452.0414000005,2283988.969900001
3,225,702540.5403000005,2284106.6196
3,226,703033.3761868065,2284965.6180752926
3,227,703199.8877947845,2285109.2103838413
3,228,703345.9614000004,2285253.410700001
3,229,703474.2749760661,2285339.2215728727
3,230,703538.2970000003,2285345.309699999
3,231,703739.3743000003,2285390.8101000004
3,232,703824.2067,2285399.7368
3,233,703909.5627098243,2285383.739724259
3,234,703990.9600999998,2285409.874500001
3,235,704791.4816127084,2285261.4585721698
3,236,704835.4825633382,2285231.172203554
3,237,704835.5114851724,2285230.1516760103
3,238,704835.6818136349,2285224.141514512
3,239,704839.0877827443,2285103.9594616983
3,240,705002.8615325782,2285145.741940614
3,241,705049.1854580706,2284985.3285148796
3,242,705054.7133325795,2284966.1862406116
3,243,705106.591932579,2284784.498640608
3,244,705168.385232579,2284571.4790406115
3,245,705238.5758325774,2284328.175340606
3,246,705322.3886325797,2284037.5921406113
3,247,705240.1992325792,2283978.4312406126
3,248,705163.2529325793,2283920.9807406105
3,249,705128.8120325804,2283820.9423406124
3,250,705068.4500325806,2283649.899240611
3,251,705010.0765325772,2283484.4019406103
3,252,704967.050325498,2283367.0228718985
3,253,704950.986341157,2283320.4103522375
3,254,704950.8790354664,2283320.0989856124
3,255,704919.2422255604,2283228.299131196
3,256,704849.6064325804,2283026.2384406105
3,257,704849.1315325787,2283024.1995406114
3,258,704848.961432578,2283023.469440611
3,259,704835.0667618588,2282963.8107786477
3,260,704825.0018336596,2282920.59563802
58,0,667751.0822834261,2259556.9119967185
58,1,667826.653912439,2259542.1663130093
58,2,668101.8211294403,2259428.395252133
58,3,668565.0493794931,2259176.1380805653
58,4,668728.8848835677,2259040.779893568
58,5,668784.4474946931,2258981.2485245056
58,6,668778.0600794917,2258965.9601805676
58,7,668649.1400794927,2258636.9301805682
58,8,668836.3716771174,2258542.728760831
58,9,669197.9199116235,2258395.556143517
58,10,669168.8695065959,2258328.942758492
58,11,669149.2246794933,2258336.5572805665
58,12,669089.6133794934,2258323.0790805686
58,13,669044.3068794934,2258182.274580568
58,14,668799.4911850933,2258230.7394256815
58,15,668742.2408794919,2258081.0625805687
58,16,668807.027744961,2258067.722401969
58,17,668779.3448827919,2258006.820105199
58,18,668754.1109724604,2257951.3055024706
58,19,668810.9595190752,2257937.4774776176
58,20,668852.0070015863,2257927.4929548446
58,21,668794.6692794925,2257746.7464805655
58,22,668770.1916794935,2257752.576080568
58,23,668671.5030794926,2257773.3616805673
58,24,668556.2700794917,2257793.8532805666
58,25,668453.6524794931,2257813.253280567
58,26,668421.6374794925,2257818.9504805654
58,27,668393.872879493,2257818.624880567
58,28,668227.4528794922,2257863.006080566
58,29,668148.4982794924,2257883.3624805696
58,30,668141.6364794932,2257888.5468805656
58,31,668120.3310794933,2257867.2760805674
58,32,668095.3200794933,2257843.2304805685
58,33,668074.0146794943,2257811.786680566
58,34,668068.6624794938,2257798.8704805654
58,35,668068.0600794926,2257779.9266805667
58,36,668077.3342794934,2257748.3172805663
58,37,668087.7184794936,2257710.9948805664
58,38,668097.6250794912,2257681.4810805675
58,39,668084.1956794923,2257675.9354805667
58,40,668068.7486794936,2257671.253280567
58,41,668048.8174794931,2257667.351480568
58,42,668027.3222794915,2257663.839880569
58,43,668008.4396794923,2257663.371080566
58,44,667973.4060794925,2257664.9086805657
58,45,667942.2222794918,2257668.752080569
58,46,667908.7278794926,2257673.3644805662
58,47,667898.1516794916,2257674.622280568
58,48,667850.9360794928,2257632.487880567
58,49,667812.9774794932,2257609.4044805653
58,50,667784.8122794917,2257638.2196805663
58,51,667718.9998794943,2257696.127280567
58,52,667702.1486794921,2257706.712080566
58,53,667668.2284794934,2257715.1822805684
58,54,667615.6370794941,2257726.230280569
58,55,667605.2990794908,2257724.8062805682
58,56,667584.1680241186,2257728.5217362167
58,57,667566.4704794921,2257731.6334805656
58,58,667561.9910794925,2257732.421080567
58,59,667561.305479493,2257732.541680569
58,60,667592.2532794941,2257811.470880566
58,61,667602.5580794923,2257845.3676805682
58,62,667605.4986794926,2257855.040480567
58,63,667619.8168794941,2257893.9762805663
58,64,667612.6344794929,2257897.56408057
58,65,667599.5518794907,2257902.737480568
58,66,667569.5706794923,2257914.7184805684
58,67,667555.6704794914,2257922.0704805683
58,68,667540.4074794939,2257929.9668805674
58,69,667527.0524794925,2257936.5020805635
58,70,667520.5108794915,2257948.4826805666
58,71,667517.029679493,2257962.878880568
58,72,667514.2072794931,2257974.745080566
58,73,667506.5250794934,2257990.3428805694
58,74,667494.1308794925,2258005.564680565
58,75,667482.3714794926,2258001.3328805696
58,76,667420.6083054543,2257969.826372845
58,77,667357.1081784545,2257980.4097273424
58,78,667378.064279492,2258112.808280565
58,79,667378.8538794918,2258122.625080567
58,80,667379.8591794921,2258126.317880567
58,81,667380.8139029173,2258128.619161861
58,82,667404.7332737055,2258266.1602988467
58,83,667417.9624668295,2258327.0145872217
58,84,667388.8582419548,2258385.223036969
58,85,667346.5248239543,2258451.3690025955
58,86,667277.7330197049,2258512.2232909705
58,87,667298.8997287052,2258583.6609338466
58,88,667245.9829562055,2258663.036092596
58,89,667241.0098794922,2258767.668280568
58,90,667236.3610794917,2258781.6016805694
58,91,667023.7325117048,2258835.015603222
58,92,666833.2321307017,2258713.307026474
58,93,666809.4195830766,2258694.7861560993
58,94,666820.0029375758,2258686.848640222
58,95,666788.2528740764,2258668.3277698476
58,96,666751.2111333273,2258678.9111243505
58,97,666706.2318767011,2258660.390253976
58,98,666581.8774613263,2258676.265285725
58,99,666525.649573464,2258638.110574281
58,100,666496.9629794927,2258526.6301805656
58,101,666292.0065794932,2258479.3937805668
58,102,666286.598909907,2258578.282282848
58,103,666211.4600538258,2258573.0775793456
58,104,666229.9809242003,2258641.869383596
58,105,666198.2308606999,2258644.5152222216
58,106,666206.1101794932,2258730.5627805665
58,107,666119.9051794931,2258765.397980569
58,108,666017.3079794925,2258839.6323805675
58,109,665917.5247794939,2258920.990580566
58,110,665695.9591794917,2258986.7727805674
58,111,665477.995179493,2259061.605380565
58,112,665457.396045696,2259025.515984228
58,113,665346.2708234461,2259054.6202090997
58,114,665258.9581488203,2259067.849402223
58,115,665131.9578948198,2259081.0785953514
58,116,665018.1868339451,2259094.3077884745
58,117,664877.9573868196,2259115.4744974747
58,118,664893.9252794925,2259688.809080569
58,119,664893.5728794923,2259689.072280569
58,120,664893.5924794907,2259689.1012805663
58,121,664900.3360794922,2259698.9848805666
58,122,664900.4566794923,2259698.9630805682
58,123,664909.6638794923,2259710.344880564
58,124,664909.6202794919,2259710.352680566
58,125,665013.9914794927,2259838.1478805672
58,126,665064.7982794922,2259900.3572805673
58,127,665065.1248794924,2259900.1690805666
58,128,665078.7364794929,2259917.445680566
58,129,665078.7584794927,2259917.4678805694
58,130,665128.3906794926,2260003.3594805673
58,131,665128.8848794932,2260003.0736805666
58,132,665130.6592794927,2260005.3598805666
58,133,665582.1474794941,2259744.8055805676
58,134,665623.7286732551,2259716.791662261
58,135,665619.0577387102,2259825.9532628115
58,136,665599.1332303407,2260008.317179041
58,137,665574.7800794933,2260166.110180568
58,138,665544.0470794933,2260275.630580567
58,139,665498.4500794923,2260389.6301805675
58,140,665412.3722794922,2260531.6870805677
58,141,665404.1240673773,2260571.3975381367
58,142,665800.9998611296,2260235.3760327604
58,143,666692.770128605,2259450.89132208
58,144,666838.4331859956,2259489.249540508
58,145,667006.4439386856,2259547.457990255
58,146,667183.715126561,2259583.176811697
58,147,667338.4966861233,2259605.66644001
58,148,667372.8925882485,2259609.6351979487
58,149,667434.4258794924,2259748.467180567
58,150,667736.5585794942,2259685.3290805668
58,151,667751.0822834261,2259556.9119967185
51,0,673087.1543610496,2257222.255726386
51,1,673121.106479492,2257216.596980566
51,2,673091.8408813477,2257074.0892944336
51,3,673090.3654785156,2257073.5427246094
51,4,673079.3919067383,2256934.3529052734
51,5,672936.7764892578,2256861.7487182617
51,6,672938.3848876953,2256835.7192993164
51,7,672845.7070922852,2256795.8676757812
51,8,672846.0955200195,2256793.7404785156
51,9,672742.7252807617,2256737.475708008
51,10,672744.7097167969,2256555.905090332
51,11,672746.6940917969,2256411.045288086
51,12,672738.0950927734,2256381.279724121
51,13,672744.9263302806,2256328.3380759456
51,14,672744.9263302806,2256328.3380759456
51,15,672744.9263305664,2256328.3380737305
51,16,672744.5696273933,2256328.3045846918
51,17,672744.4172961329,2256328.29028213
51,18,672736.9091333745,2256321.740613959
51,19,672686.4795993646,2256277.74893125
51,20,672657.5506794928,2256252.513080567
51,21,672651.1514794929,2256246.930880565
51,22,672567.807679492,2256268.7590805665
51,23,672569.2640794935,2256286.600880567
51,24,672569.9760794919,2256295.324480569
51,25,672572.7776794927,2256329.6426805668
51,26,672574.2168140449,2256347.2721515577
51,27,672452.3611679031,2256443.7283820324
51,28,672418.0146470601,2256480.937112946
51,29,672389.3925463585,2256555.3545747735
51,30,672405.5300095947,2256610.2741123363
51,31,672365.400879493,2256621.9784805644
51,32,672362.3278884338,2256620.057866264
51,33,672333.650879492,2256602.1346805673
51,34,672246.3365318961,2256602.781460272
51,35,672191.9000515155,2256687.0162379984
51,36,672163.277950814,2256701.327288352
51,37,672108.8959594797,2256692.74065814
51,38,672061.4106794922,2256603.167680567
51,39,672002.259479492,2256590.2282805666
51,40,671937.5546794934,2256598.071280567
51,41,671936.7750794934,2256598.166080566
51,42,671838.5482794922,2256575.345480565
51,43,671780.3142434228,2256574.2451612316
51,44,671768.8654031428,2256562.7963209543
51,45,671734.5188822998,2256534.174220253
51,46,671665.8258406166,2256557.071900813
51,47,671605.7194291428,2256562.7963209543
51,48,671559.9240680197,2256571.3829511646
51,49,671514.1287068967,2256562.7963209543
51,50,671448.2978752814,2256539.898640394
51,51,671402.5025141584,2256508.414329622
51,52,671316.6362120537,2256485.516649056
51,53,671282.2896912117,2256499.82769941
51,54,671236.4943300886,2256517.0009598285
51,55,671190.6989689656,2256539.898640394
51,56,671150.6280279811,2256571.3829511646
51,57,671073.3483560858,2256602.867261937
51,58,671004.6553144027,2256602.867261937
51,59,670924.5134324376,2256585.6940015145
51,60,670855.8203907544,2256551.3474806715
51,61,670818.6116598407,2256517.0009598285
51,62,670789.9895591391,2256482.654438991
51,63,670747.056408084,2256471.2055987082
51,64,670738.4697778746,2256511.276539687
51,65,670724.1587275239,2256519.863169899
51,66,670638.2924254192,2256388.2015066743
51,67,670621.1191649977,2256462.618968496
51,68,670518.0796024716,2256413.961397305
51,69,670426.7300794935,2256457.181880567
51,70,670367.1312794928,2256479.103080569
51,71,670285.7716794917,2256500.9312805664
51,72,670279.9398794929,2256503.572280569
51,73,670215.5250946772,2256532.741273693
51,74,670215.5250854492,2256532.7412719727
51,75,670215.0298332941,2256532.965537401
51,76,670209.8490794925,2256535.3114805687
51,77,670180.5996794924,2256548.556480566
51,78,670107.1776794931,2256568.4002805687
51,79,670000.0210794928,2256594.1970805656
51,80,669946.4428794933,2256594.1970805656
51,81,669946.4428772604,2256594.1970825195
51,82,669946.4428710938,2256594.1970825195
51,83,669945.664030634,2256594.878591484
51,84,669945.6640215665,2256594.8785994183
51,85,669942.1556794923,2256597.948480565
51,86,669914.6928794924,2256621.9784805644
51,87,669868.494079492,2256628.5782805663
51,88,669866.0756794941,2256628.923880568
51,89,669715.8826794922,2256670.4244805686
51,90,669715.2628794927,2256670.595880566
51,91,669715.2628810959,2256670.59588549
51,92,669715.262878418,2256670.5958862305
51,93,669743.044128418,2256755.9240722656
51,94,669766.8566894531,2256851.1743164062
51,95,669703.3565063477,2256902.7681274414
51,96,669707.3253173828,2256952.377685547
51,97,669723.2003173828,2257023.815307617
51,98,669718.4304339724,2257073.103043297
51,99,669717.2470703125,2257085.330871582
51,100,669710.6611368093,2257131.432811245
51,101,669705.3408813477,2257168.674926758
51,102,669676.5673217773,2257215.3076782227
51,103,669660.6923217773,2257258.9642944336
51,104,669613.0673217773,2257258.9642944336
51,105,669531.7077026367,2257302.6204833984
51,106,669442.4107055664,2257316.511291504
51,107,669432.8370677549,2257313.8186768256
51,108,669432.8370250737,2257313.8186648213
51,109,669378.9105224609,2257298.6516723633
51,110,669321.3635253906,2257266.9016723633
51,111,669247.9415283203,2257322.4642944336
51,112,669273.7385253906,2257380.011291504
51,113,669275.7227172852,2257508.9959106445
51,114,669176.50390625,2257635.9962768555
51,115,669131.8552856445,2257652.86328125
51,116,668903.6516679337,2257720.790893291
51,117,668903.6516679339,2257720.790893291
51,118,668794.6692794925,2257746.7464805655
51,119,668852.0070015863,2257927.4929548446
51,120,668810.9595190752,2257937.4774776176
51,121,668754.1109724604,2257951.3055024706
51,122,668779.3448827919,2258006.820105199
51,123,668807.027744961,2258067.722401969
51,124,668742.2408794919,2258081.0625805687
51,125,668799.4911850933,2258230.7394256815
51,126,669044.3068794934,2258182.274580568
51,127,669089.6133794934,2258323.0790805686
51,128,669149.2246794933,2258336.5572805665
51,129,669168.8695065959,2258328.942758492
51,130,669197.9199116235,2258395.556143517
51,131,669224.392679493,2258384.780080566
51,132,669246.2339794924,2258452.3840805665
51,133,669299.4571794923,2258499.8287805654
51,134,669325.9155794922,2258558.037180569
51,135,669378.8322794931,2258563.328880571
51,136,669360.311479493,2258470.7245805655
51,137,669413.228179492,2258476.0161805656
51,138,669434.394879492,2258547.453880567
51,139,669464.7459794935,2258507.18798057
51,140,669559.9898794927,2258481.915980568
51,141,669635.4786794931,2258388.7035805676
51,142,669730.7288794927,2258356.953480568
51,143,669818.0414794926,2258298.744980566
51,144,669844.4998794924,2258359.599280566
51,145,669918.5833794922,2258259.057480566
51,146,670048.2294794926,2258288.161680566
51,147,670062.3018029043,2258272.668401424
51,148,670086.1143505294,2258305.7413842343
51,149,670154.9061547806,2258308.38722286
51,150,670162.0005794931,2258338.432580564
51,151,670167.0309620742,2258365.8687517196
51,152,670220.2089794921,2258346.370080568
51,153,670341.9175794935,2258399.2868805677
51,154,670453.0427794941,2258476.0161805656
51,155,670503.313679493,2258523.6412805673
51,156,670571.8409794932,2258534.224680567
51,157,670743.8204794927,2258610.953980567
51,158,670749.1121794917,2258658.5790805705
51,159,670873.4665794931,2258671.8082805667
51,160,670873.4665794931,2258714.1416805666
51,161,671111.5919794934,2258722.0791805647
51,162,671116.8836794933,2258774.99598057
51,163,671246.529779492,2258748.5375805683
51,164,671279.38757041,2258821.6799161118
51,165,671295.2626021607,2258808.4507229887
51,166,671342.8876974098,2258780.669417426
51,167,671414.325340285,2258800.5132071134
51,168,671447.3983230973,2258808.4507229887
51,169,671547.9401908489,2258778.0235788003
51,170,671583.0307777654,2258773.7142084762
51,171,671585.1971794935,2258772.350180568
51,172,671643.4055794934,2258687.683280565
51,173,671704.2598794922,2258682.3915805668
51,174,671778.3433794919,2258661.224880567
51,175,671847.1351794917,2258637.412380565
51,176,671902.6977794934,2258616.2456805687
51,177,671900.0519794943,2258573.912280569
51,178,672016.4688794911,2258539.516380569
51,179,672082.6147794938,2258513.057980567
51,180,672192.4170794925,2258460.1411805674
51,181,672282.3755794931,2258391.3493805695
51,182,672269.1463794913,2258349.0159805696
51,183,672422.6050794926,2258333.140880568
51,184,672517.8552794931,2258290.807480568
51,185,672512.5635794932,2258248.4740805663
51,186,672618.3970794939,2258169.0989805683
51,187,672718.9389794925,2258116.182180565
51,188,672769.2098794924,2258026.223680567
51,189,672793.0224794922,2257970.6610805653
51,190,672840.6475794921,2257838.3690805696
51,191,672859.1684794929,2257732.535580568
51,192,672861.814279493,2257663.7437805664
51,193,672912.0851794919,2257589.6602805667
51,194,672880.3351794938,2257531.451780565
51,195,672962.3561794916,2257444.139180567
51,196,672959.7102794917,2257409.743280567
51,197,672981.2302685492,2257402.569920758
51,198,673007.3353794934,2257393.8681805655
51,199,673038.870256043,2257382.343704108
51,200,673070.6203195425,2257407.4791710433
51,201,673091.7870285427,2257388.9583006687
51,202,673107.6620602915,2257346.6248826683
51,203,673112.953737543,2257318.8435771074
51,204,673102.3703830428,2257293.7081101704
51,205,673081.2036740426,2257267.2497239187
51,206,673087.1543610496,2257222.255726386
28,0,683206.0480982509,2265894.7232399946
28,1,682568.4456908522,2264779.8735216684
28,2,683438.9447859831,2264214.812705531
28,3,683599.2998824546,2263726.1114591416
28,4,683883.7392797669,2263731.8384268736
28,5,684021.1865053138,2263781.4721472096
28,6,684309.443881114,2263336.6776534254
28,7,684431.6191927113,2262580.717912917
28,8,684347.6236659882,2262153.1043223264
28,9,684133.8168706929,2262084.3807095527
28,10,684446.891106661,2261099.342259799
28,11,684194.9045264915,2261160.429915598
28,12,683324.4054313606,2260870.2635505544
28,13,682586.2715966986,2260610.919230268
28,14,682585.0018471292,2260615.11657016
28,15,682389.9500140345,2261252.0827126103
28,16,681752.9838715842,2261778.9512383323
28,17,681439.5618522218,2262054.253984538
28,18,681407.2430000007,2261344.064999997
28,19,681404.429199999,2260940.3865999994
28,20,681370.3588684235,2260766.035334775
28,21,680441.1616214917,2260279.016981893
28,22,679979.4714263421,2261312.9797253176
28,23,680238.6388491336,2261386.692050508
28,24,680205.1409070055,2261470.3731430066
28,25,680285.9045566464,2261840.6668573976
28,26,680445.5270528697,2262041.433099664
28,27,680536.8263626765,2262041.7885738504
28,28,680549.9102604252,2262517.252903444
28,29,680433.336313302,2262527.9198005665
28,30,680366.6682062872,2262762.210576648
28,31,680148.7587365016,2262808.306810641
28,32,679342.6460825392,2262543.158225028
28,33,679053.1160177889,2263125.2660394213
28,34,679024.7851933923,2263187.5103756147
28,35,679030.2761088837,2263216.795258235
28,36,679034.8518717932,2263228.6922418
28,37,679070.542822487,2263252.486208929
28,38,679124.5368248185,2263290.9226173684
28,39,679140.0944187107,2263300.989295769
28,40,679141.9247238744,2263315.6317370795
28,41,679130.9428928917,2263330.27417839
28,42,679028.4458037199,2263414.4682159238
28,43,678793.2515901738,2263548.0804928797
28,44,678623.033209942,2263608.480563285
28,45,678587.3422592484,2263662.474565617
28,46,678553.9391900094,2263701.368550347
28,47,678531.517951753,2263714.180686494
28,48,678479.3542545852,2263743.923145405
28,49,678443.2057276005,2263827.202030357
28,50,678409.3450820704,2263867.011167669
28,51,678386.0086912322,2263868.841472833
28,52,678352.6056219932,2263863.3505573417
28,53,678159.966003505,2263794.256537409
28,54,678138.6336184869,2263794.256537409
28,55,678130.1564605772,2263787.4990690826
28,56,678007.0948907746,2263692.054270863
28,57,677912.5199469179,2263659.3728167643
28,58,677833.8026279237,2264286.3728324366
28,59,678426.4625771053,2264570.385173901
28,60,678822.904362888,2264681.0408976334
28,61,679380.5334132365,2264750.1339088487
28,62,679361.9362735915,2264825.4232122996
28,63,679217.9010230087,2265021.385334337
28,64,679450.5772020626,2265082.6929064794
28,65,679436.3021004631,2265235.0501297084
28,66,679598.079903302,2265249.1835739925
28,67,679900.9866534546,2265339.437421997
28,68,679999.7447607394,2265352.736340525
28,69,680064.1853923122,2265413.0004898915
28,70,680118.3255104163,2265417.4024900864
28,71,679945.1841000002,2266103.0522000007
28,72,679735.2910159953,2266380.604838333
28,73,679746.2763294887,2266387.3555031437
28,74,679749.1961956796,2266389.1498113316
28,75,679756.6790892922,2266393.748178654
28,76,680042.8465300434,2266569.603011871
28,77,680052.504317775,2266575.5378891807
28,78,680104.244026165,2266607.332833308
28,79,680108.7410645944,2266610.096341067
28,80,680120.0618348707,2266617.0531498627
28,81,680121.4417884512,2266617.3614682513
28,82,680122.0561076378,2266617.498723522
28,83,680191.5140913314,2266633.017487276
28,84,681129.6593747775,2266842.62413358
28,85,681224.2036004104,2266863.7478320217
28,86,681261.9126419096,2266872.1730363728
28,87,681761.3714155551,2266983.7654308113
28,88,682103.5613404176,2267060.21977516
28,89,682660.0771745504,2266394.8784218463
28,90,682950.243539594,2266463.60203462
28,91,683354.9492592601,2266142.891841677
28,92,683206.0480982509,2265894.7232399946
29,0,688449.8336750724,2269472.214793794
29,1,688449.8336764345,2269472.214785711
29,2,688451.2797274473,2269464.425096359
29,3,688476.1183229152,2269330.622788799
29,4,688477.879000772,2269321.138244506
29,5,688496.8350059795,2269219.024691919
29,6,688502.402970153,2269189.0307875564
29,7,688354.2801761096,2269133.2257963615
29,8,688291.6112720245,2269109.603214239
29,9,688133.6623967651,2269054.555615241
29,10,688136.3203457047,2269045.0737118553
29,11,688135.6903108122,2269033.778579901
29,12,688145.1673256205,2269012.0245231814
29,13,688146.7243841442,2269006.220941412
29,14,688148.0556247692,2269001.2590445327
29,15,688149.9058330237,2268994.362813767
29,16,688149.6904463237,2268986.824279259
29,17,688145.1673256205,2268975.6241708505
29,18,688150.3366064238,2268950.8547003283
29,19,688155.6848973036,2268902.763442325
29,20,688156.5828207294,2268889.469490775
29,21,688166.3076680996,2268855.4438269674
29,22,688207.1949155387,2268725.4050490125
29,23,687980.262721936,2268727.3154040067
29,24,687556.0903663569,2268719.577653692
29,25,687552.0054211895,2268760.5729902606
29,26,687545.4403330936,2268757.946955023
29,27,687537.5078119072,2268751.411004467
29,28,687525.5650690827,2268741.012461222
29,29,687506.9251495993,2268728.33111317
29,30,687484.6038500743,2268717.5351905236
29,31,687439.377687638,2268701.341306554
29,32,687413.700898641,2268689.524147981
29,33,687401.0012168146,2268685.63288057
29,34,687361.3260847225,2268673.476154858
29,35,687342.5061655156,2268668.9535386153
29,36,687327.0598235277,2268666.4369639712
29,37,687293.3524142881,2268664.387189084
29,38,687271.7918191879,2268667.8034805628
29,39,687249.3202130268,2268674.1805579867
29,40,687232.4665084071,2268677.824602228
29,41,687223.3563978027,2268680.709470587
29,42,687219.408683207,2268683.518421356
29,43,687217.6625786744,2268686.858795245
29,44,687215.9164741418,2268690.1991691347
29,45,687212.8215711794,2268700.674432849
29,46,687100.2457122356,2268657.1323535
29,47,687012.8020609062,2268623.310906874
29,48,686965.6488814605,2268988.1643522787
29,49,686939.4002605135,2269170.6451043
29,50,686890.8671405623,2269526.032789105
29,51,686870.514541873,2269696.681501192
29,52,686911.2197392515,2269696.681501192
29,53,686991.064549494,2269688.853578619
29,54,687102.2210500276,2269673.1977334735
29,55,687115.1535106833,2269698.2950197794
29,56,687141.6809652826,2269812.7710442813
29,57,687226.5761953525,2269807.677297286
29,58,687318.0577026153,2269798.8098489954
29,59,687305.0844511801,2269921.898187762
29,60,687270.6092430971,2270011.683832294
29,61,687267.2777966477,2270080.4527829895
29,62,687334.414691902,2270083.1735722963
29,63,687232.6404159892,2270182.269516821
29,64,687243.9285775911,2270255.086222436
29,65,687233.9968469089,2270356.430185712
29,66,687348.7259850833,2270338.971131795
29,67,687360.5424949299,2270548.359477111
29,68,687470.1334109489,2270571.8432448297
29,69,687416.903537454,2270794.156245897
29,70,687564.0684818224,2270853.6484574503
29,71,687628.2574469193,2270834.8614432756
29,72,687607.9048482301,2270903.747161916
29,73,687689.3152429871,2270928.796514149
29,74,687756.6353771131,2270899.050408372
29,75,687795.774989977,2270878.697809683
29,76,687817.6931731809,2270875.566640654
29,77,687859.963955074,2270703.3523440524
29,78,687911.6282440542,2270629.769871868
29,79,687935.1120117726,2270576.539998373
29,80,687795.7749899769,2270488.867265558
29,81,687722.1925177926,2270454.424406238
29,82,687817.6931731807,2270058.3315240545
29,83,687850.1421606551,2269913.008959214
29,84,687919.7990167949,2269845.0510507855
29,85,687919.7990167949,2269833.1584168104
29,86,687984.3590298025,2269802.577358017
29,87,687993.7032422115,2269748.211031274
29,88,688007.2948238973,2269747.3615574185
29,89,688026.8327225706,2269726.97418489
29,90,688144.0601146106,2269708.285760072
29,91,688183.9853858127,2269715.081550915
29,92,688234.9538171345,2269689.597335254
29,93,688300.3633039974,2269674.3068058575
29,94,688413.3433267606,2269688.747861399
29,95,688449.8336750724,2269472.214793794
68,0,664629.0846565089,2292504.413401199
68,1,664629.0846564705,2292504.41340125
68,2,664629.0846564691,2292504.41340125
68,3,664057.364904335,2293803.422906099
68,4,664048.5757188739,2293823.3928921125
68,5,663841.2510983042,2295026.862951515
68,6,663605.9016943392,2295152.639846093
68,7,663648.5630999999,2295309.3511999995
68,8,663718.6673052326,2295407.1055697077
68,9,663957.194068895,2295725.9525701134
68,10,663971.7977483028,2295715.405468319
68,11,664910.2022052571,2295010.5277506574
68,12,664910.4537843849,2295009.092269752
68,13,665218.232119923,2294764.745395511
68,14,665360.3975740279,2294924.681531379
68,15,665413.7096193173,2295086.5921874433
68,16,665767.1487343838,2295090.5412278348
68,17,665970.5243145616,2295047.101783525
68,18,665970.5243145616,2295185.3181972383
68,19,666345.6831517831,2295153.7258741036
68,20,666784.0266352734,2295058.9489047006
68,21,667224.3446389595,2294957.2611146113
68,22,667423.7711787455,2294988.853437746
68,23,667456.350761978,2294972.070016081
68,24,667963.8024523248,2295050.063563819
68,25,668014.1527173202,2295112.26094999
68,26,668085.2354443728,2295090.5412278348
68,27,668037.1065145975,2294913.3280402506
68,28,669694.2687588495,2294693.9979483113
68,29,669682.0758464969,2294630.857039414
68,30,669681.8943557607,2294597.6803664253
68,31,669679.9964444372,2294575.5589719685
68,32,669721.364891307,2294561.600304906
68,33,669755.3608674016,2294533.043698851
68,34,669790.3767132777,2294540.5228212476
68,35,669813.2244477188,2294574.0487801554
68,36,669821.3130341487,2294581.9979125815
68,37,669872.6469483429,2294576.558570581
68,38,669886.5527443315,2294569.926579719
68,39,669894.7443307405,2294566.019825566
68,40,669910.7224359582,2294566.359789377
68,41,669932.4798538475,2294574.5188277676
68,42,669960.3565372573,2294617.013797419
68,43,669976.6745937474,2294649.9898924967
68,44,670082.2300825326,2294645.4817218846
68,45,670131.8455844694,2294644.8598761796
68,46,670209.2359205376,2294665.432012931
68,47,670269.5320752456,2294684.126224604
68,48,670294.7730117979,2294697.3476763363
68,49,670295.5242209306,2294733.4061635123
68,50,670307.243220154,2294766.760266986
68,51,670329.9300179638,2294764.506617399
68,52,670336.8038546238,2294766.316674658
68,53,670392.9872508359,2294781.1112019625
68,54,670416.9911658543,2294787.4320476265
68,55,670493.2198154966,2294809.7181866374
68,56,670581.1374496864,2294835.4217065875
68,57,670654.1558859291,2294824.604179348
68,58,670663.9630532651,2294821.1343948
68,59,670705.539232689,2294806.4247054416
68,60,670729.2777374559,2294799.813988965
68,61,670774.9080391296,2294803.385068047
68,62,670832.9458816022,2294807.927175329
68,63,670895.153758202,2294818.1306005525
68,64,670938.7674818136,2294825.284186114
68,65,670942.4589265834,2294798.573164041
68,66,670944.5478628299,2294792.481589555
68,67,670951.3475689735,2294787.7268302515
68,68,670960.6298757833,2294728.5607237145
68,69,670969.3814280161,2294662.5375671526
68,70,670970.2241376338,2294656.1800265186
68,71,670978.1842243674,2294596.127816526
68,72,670981.1448508064,2294574.8113459507
68,73,670987.0914473874,2294531.9959305055
68,74,670988.1345247332,2294522.11500914
68,75,671027.0849546122,2294516.9759430327
68,76,671183.5084919058,2294496.3376368424
68,77,671177.4336224796,2294426.6750885327
68,78,671175.5015998232,2294405.274159353
68,79,671165.4430396504,2294215.3944827323
68,80,671278.7990157162,2294202.058509337
68,81,671355.5740173126,2294195.209472429
68,82,671463.2071204652,2294185.5110698314
68,83,671526.337689156,2294179.445088152
68,84,671606.3177716513,2294171.7601040024
68,85,671661.089270648,2294164.8843608876
68,86,671700.3007425235,2294159.139866329
68,87,671730.8573519755,2294154.6633121935
68,88,671772.8239189945,2294147.534333724
68,89,671865.9957798268,2294131.70697201
68,90,671963.9012835429,2294113.140697151
68,91,672000.5982436343,2294106.18168374
68,92,672059.4077626815,2294095.0293640224
68,93,672154.275432453,2294077.03917127
68,94,672184.5365336138,2294071.3006194094
68,95,672260.3820049919,2294056.9176936853
68,96,672341.8664530047,2294041.465422881
68,97,672484.2233257596,2294011.952617315
68,98,672614.4075999935,2293988.407858153
68,99,672619.6558734368,2293973.2001707675
68,100,672710.8969471338,2293965.9506211802
68,101,672769.5041815862,2293958.121037089
68,102,672800.0606706396,2293953.0282969447
68,103,672837.9380594646,2293946.3669163506
68,104,672885.3196631981,2293937.8382401713
68,105,672936.9488827402,2293928.5449942728
68,106,673057.0369016789,2293905.3850451144
68,107,673114.3419279568,2293895.556594396
68,108,673162.1580758014,2293884.7638788633
68,109,673205.285168944,2293876.42777333
68,110,673258.4582488152,2293866.1498627905
68,111,673310.1725805117,2293859.3777614795
68,112,673356.1911446934,2293850.498910091
68,113,673388.8887028318,2293844.8239513687
68,114,673456.6103635624,2293833.0702409707
68,115,673508.9140404584,2293825.190526225
68,116,673568.4308384649,2293816.3278715266
68,117,673649.4329129894,2293800.8555866624
68,118,673737.5438078331,2293784.0254391474
68,119,673851.5253193197,2293753.3423599806
68,120,673888.8697880027,2293746.1533348416
68,121,674060.632649403,2293713.087689599
68,122,673988.4140962239,2293560.6262995545
68,123,673993.3241384148,2293462.4254557365
68,124,673955.6804816179,2293385.5014614123
68,125,673901.670017518,2293128.542586755
68,126,673775.6456012849,2292959.9644715344
68,127,673645.8338374738,2292960.8387194015
68,128,673582.9126102552,2292896.33105997
68,129,673520.323407358,2292901.0439652433
68,130,673476.7713377115,2292976.184396132
68,131,673397.5711552259,2292931.681534238
68,132,673389.3249787837,2292720.507899077
68,133,673274.8212978129,2292614.6248374414
68,134,672968.7620012468,2292495.147144129
68,135,672747.2188575143,2292391.5430250145
68,136,672743.8875676503,2292284.941749369
68,137,672684.7571725659,2292235.805223876
68,138,672692.9812981914,2292083.521940459
68,139,672673.0976580422,2292038.4262994397
68,140,672632.2893572092,2292003.447755869
68,141,672548.953393925,2291976.319352624
68,142,672524.4522783495,2291942.409235006
68,143,672499.8705851189,2291812.7314111595
68,144,672433.2447878406,2291787.7467371803
68,145,672406.5621703889,2291603.1561461156
68,146,672155.398,2291691.1174999997
68,147,672103.5949344798,2291734.87200282
68,148,671967.1064072027,2291679.056513527
68,149,671823.4587936478,2291674.7524651806
68,150,671742.2198811129,2291630.635969632
68,151,671535.6255604946,2291512.8126461543
68,152,671466.7607869551,2291496.672464856
68,153,671354.1631820427,2291524.1789833023
68,154,671182.1555900616,2291558.5431598322
68,155,671135.3490642965,2291541.3269664473
68,156,671094.9986110505,2291513.88865824
68,157,670935.7488222406,2291383.691195767
68,158,670669.4358308185,2291290.6161502805
68,159,670589.2729303702,2291262.6398360296
68,160,670535.4723260425,2291247.575666818
68,161,670471.9876129358,2291244.347630558
68,162,669958.9988506712,2291283.8910747385
68,163,669768.8137143728,2291295.458204669
68,164,669714.2061009802,2291302.9902892746
68,165,669639.961267008,2291354.6388694295
68,166,669579.1665841177,2291350.8728271266
68,167,669534.2430795041,2291337.960682088
68,168,669323.3447105396,2291286.581104955
68,169,669159.7908733833,2291245.1546396227
68,170,669138.2706316522,2291223.0963918483
68,171,669110.2943174018,2291219.3303495445
68,172,669033.8974592565,2291213.9502891116
68,173,668897.2439242641,2291260.7568148766
68,174,668622.8608421928,2291130.5593524035
68,175,668504.8380000014,2291033.5309999995
68,176,668464.063000002,2291025.233000001
68,177,668410.0140000014,2291012.570000004
68,178,668061.8145000003,2290929.058100002
68,179,667919.8612000002,2290905.882700002
68,180,667878.5598000018,2290896.2761000004
68,181,667843.5251144206,2290888.4811217394
68,182,667832.5484999996,2290886.038899999
68,183,667804.7672000015,2290879.4243
68,184,667781.9997717948,2290877.1317609334
68,185,667756.9933000011,2290873.2402
68,186,667744.3813000005,2290871.3357999995
68,187,667695.5999999996,2290863.9700000007
68,188,667666.1916000014,2290859.883200001
68,189,667656.857400001,2290858.586000001
68,190,667643.8899999997,2290856.7839
68,191,667635.6470000017,2290856.040300004
68,192,667625.6502769996,2290855.138500868
68,193,667604.746493707,2290853.2527815457
68,194,667549.8269000016,2290854.8325000014
68,195,667521.4789203572,2290858.449642268
68,196,667506.7485999996,2290860.3292000014
68,197,667468.2532000002,2290874.5292000026
68,198,667436.6319999993,2290889.645300003
68,199,667404.5524000004,2290911.6323000025
68,200,667373.1107999999,2290939.3784
68,201,667319.033900002,2290983.352400001
68,202,667288.2369999997,2291010.058600001
68,203,667272.2284619386,2291025.9740680326
68,204,667220.0369000016,2291077.8621999994
68,205,667176.042100002,2291107.1782000046
68,206,667133.4222000008,2291130.0813999996
68,207,667087.2113000015,2291139.913200002
68,208,667085.7897000005,2291140.3312
68,209,667072.727,2291144.1713000014
68,210,667059.9637000011,2291145.3311
68,211,667046.0400000019,2291146.4908000026
68,212,667030.9560000012,2291144.7512000017
68,213,667011.8109999998,2291141.8518000003
68,214,666983.3835000023,2291135.473099999
68,215,666978.4368506516,2291134.1075236206
68,216,666938.7318714365,2291123.1465320727
68,217,666895.1526000006,2291111.1160000004
68,218,666870.7862,2291102.997700002
68,219,666830.7557000006,2291087.3409
68,220,666771.0000000009,2291068.204900002
68,221,666729.4077000013,2291051.2117999997
68,222,666673.7131000012,2291029.176400002
68,223,666624.9803000009,2291016.4191000015
68,224,666589.5909999991,2291008.300800003
68,225,666553.6215000004,2291004.241600003
68,226,666528.094800001,2291001.922100002
68,227,666504.3045244447,2291002.854645225
68,228,666427.9598305308,2291013.6592573784
68,229,666259.8694000002,2291037.4481000006
68,230,666250.3912000004,2291038.0023
68,231,666240.9767000005,2291039.2312000003
68,232,666231.6737000002,2291041.1285999995
68,233,666222.5299000004,2291043.684800001
68,234,666213.5916999998,2291046.8867000006
68,235,666204.9046,2291050.7181
68,236,666196.5130000003,2291055.1592999995
68,237,666188.4595999997,2291060.1878999993
68,238,666180.7854000004,2291065.7782000005
68,239,666171.6563999997,2291072.4985000007
68,240,666162.1323999995,2291078.646299999
68,241,666152.2492000004,2291084.1983000003
68,242,666142.0440999996,2291089.1337
68,243,666131.5555999996,2291093.4340000004
68,244,666120.8229999999,2291097.082800001
68,245,666109.8869000003,2291100.0665000007
68,246,666098.7883000001,2291102.3738
68,247,666087.5691,2291103.996099999
68,248,666076.2714999998,2291104.9273000006
68,249,666064.9380999999,2291105.1636999995
68,250,666053.6116000004,2291104.7046000008
68,251,666043.9905000003,2291103.642999999
68,252,666034.4803999998,2291101.8406000007
68,253,666025.1381000001,2291099.3081
68,254,666016.0196000002,2291096.060900001
68,255,666007.1794999996,2291092.1182000004
68,256,665998.6708000004,2291087.503799999
68,257,665990.5443000002,2291082.2452000007
68,258,665982.8488999996,2291076.3739
68,259,665975.6305,2291069.9252000004
68,260,665968.9323000005,2291062.9376
68,261,665962.7945999997,2291055.4529
68,262,665957.2539999997,2291047.5161000006
68,263,665943.9824000001,2291026.8440000005
68,264,665931.8798000002,2290995.9452
68,265,665928.2863999996,2290977.9130000006
68,266,665926.7158000004,2290952.7827000003
68,267,665923.2134999996,2290928.9427000005
68,268,665915.7622999996,2290896.2700999994
68,269,665907.8108999999,2290876.5075000003
68,270,665905.5253999997,2290873.6382
68,271,665903.1396000003,2290870.642999999
68,272,665900.7538000001,2290867.6478000004
68,273,665897.6934506792,2290863.8057098775
68,274,665895.4603338339,2290861.0021618917
68,275,665888.3219999997,2290852.0404000003
68,276,665881.1553619397,2290850.5948229674
68,277,664630.6890720562,2292502.2941820305
68,278,664630.7254651358,2292502.329130781
68,279,664629.0846565089,2292504.413401199
69,0,670368.9341842653,2290377.166039074
69,1,670275.3615464218,2290231.9587610583
69,2,670089.6076865711,2289955.0803661863
69,3,670005.9308298932,2289837.669907602
69,4,669860.9201515664,2289708.4307834134
69,5,669659.8328363037,2289534.067490441
69,6,669505.1839860035,2289425.8571051033
69,7,669443.70449149,2289358.3530582185
69,8,669423.1775648299,2289284.755811197
69,9,669425.4500178602,2288982.0630956013
69,10,669421.0690305994,2288636.841299464
69,11,669403.9282373788,2288038.09464041
69,12,669401.7926866529,2287678.7193855653
69,13,669400.9164892007,2287138.1055576033
69,14,669400.9164892008,2286883.1320990347
69,15,669412.6409623513,2286652.067166938
69,16,669426.3262153124,2286493.2242328394
69,17,669459.6217184932,2286068.268468558
69,18,669463.4903999995,2286001.2468
69,19,669575.0531000001,2285957.5078999996
69,20,669419.3805801788,2285880.4139715508
69,21,666708.6775594078,2286936.814157328
69,22,666477.297207443,2286965.347517401
69,23,665051.8564196307,2287261.5815476673
69,24,663670.7372000013,2287593.5813000016
69,25,663161.6596714255,2287693.288566954
69,26,662563.8096043278,2287810.3827085956
69,27,662544.7935727153,2287839.134481859
69,28,662533.4972978615,2287845.809549841
69,29,662518.6304120175,2287857.945104266
69,30,662312.625515711,2288026.10294602
69,31,662205.7721001322,2288113.325357656
69,32,662202.9309439183,2288115.644539111
69,33,662200.0897877,2288117.963720564
69,34,662194.7711376614,2288122.305232823
69,35,662043.8297414997,2288245.515806317
69,36,661753.3292680132,2288482.6457844167
69,37,661659.9002332947,2288558.910088693
69,38,661501.2684745109,2288693.810877767
69,39,661362.4554204843,2288801.717023652
69,40,661185.9065066332,2288945.8246169514
69,41,661110.2214372092,2289007.602358714
69,42,661033.8113625634,2289088.174813303
69,43,660907.541100218,2289237.4289714713
69,44,660986.9841250344,2289360.9616348497
69,45,661049.6941999998,2289462.883300001
69,46,661207.2537000002,2289640.3662
69,47,661233.5879721213,2289678.93213586
69,48,661468.4630000005,2289995.5347000007
69,49,661549.1724509979,2290106.090470997
69,50,661555.8186999997,2290115.1944999993
69,51,661689.2106472267,2290321.476934085
69,52,661809.3250272725,2290473.688758228
69,53,661875.0504722785,2290548.290142735
69,54,661952.3237711345,2290604.387616829
69,55,661954.6450402965,2290610.432918113
69,56,662110.9536875171,2290667.866993495
69,57,663523.8130999999,2291374.0219
69,58,663971.3521222584,2291823.4887013407
69,59,664154.8782447567,2292045.3668209324
69,60,664630.6890720562,2292502.2941820305
69,61,665881.1553619397,2290850.5948229674
69,62,665888.3219999997,2290852.0404000003
69,63,665895.4603338339,2290861.0021618917
69,64,665897.6934506792,2290863.8057098775
69,65,665900.7538000001,2290867.6478000004
69,66,665903.1396000003,2290870.642999999
69,67,665905.5253999997,2290873.6382
69,68,665907.8108999999,2290876.5075000003
69,69,665915.7622999996,2290896.2700999994
69,70,665923.2134999996,2290928.9427000005
69,71,665926.7158000004,2290952.7827000003
69,72,665928.2863999996,2290977.9130000006
69,73,665931.8798000002,2290995.9452
69,74,665943.9824000001,2291026.8440000005
69,75,665957.2539999997,2291047.5161000006
69,76,665962.7945999997,2291055.4529
69,77,665968.9323000005,2291062.9376
69,78,665975.6305,2291069.9252000004
69,79,665982.8488999996,2291076.3739
69,80,665990.5443000002,2291082.2452000007
69,81,665998.6708000004,2291087.503799999
69,82,666007.1794999996,2291092.1182000004
69,83,666016.0196000002,2291096.060900001
69,84,666025.1381000001,2291099.3081
69,85,666034.4803999998,2291101.8406000007
69,86,666043.9905000003,2291103.642999999
69,87,666053.6116000004,2291104.7046000008
69,88,666064.9380999999,2291105.1636999995
69,89,666076.2714999998,2291104.9273000006
69,90,666087.5691,2291103.996099999
69,91,666098.7883000001,2291102.3738
69,92,666109.8869000003,2291100.0665000007
69,93,666120.8229999999,2291097.082800001
69,94,666131.5555999996,2291093.4340000004
69,95,666142.0440999996,2291089.1337
69,96,666152.2492000004,2291084.1983000003
69,97,666162.1323999995,2291078.646299999
69,98,666171.6563999997,2291072.4985000007
69,99,666180.7854000004,2291065.7782000005
69,100,666188.4595999997,2291060.1878999993
69,101,666196.5130000003,2291055.1592999995
69,102,666204.9046,2291050.7181
69,103,666213.5916999998,2291046.8867000006
69,104,666222.5299000004,2291043.684800001
69,105,666231.6737000002,2291041.1285999995
69,106,666240.9767000005,2291039.2312000003
69,107,666250.3912000004,2291038.0023
69,108,666259.8694000002,2291037.4481000006
69,109,666427.9598305308,2291013.6592573784
69,110,666504.3045244447,2291002.854645225
69,111,666528.094800001,2291001.922100002
69,112,666553.6215000004,2291004.241600003
69,113,666589.5909999991,2291008.300800003
69,114,666624.9803000009,2291016.4191000015
69,115,666673.7131000012,2291029.176400002
69,116,666729.4077000013,2291051.2117999997
69,117,666771.0000000009,2291068.204900002
69,118,666830.7557000006,2291087.3409
69,119,666870.7862,2291102.997700002
69,120,666895.1526000006,2291111.1160000004
69,121,666938.7318714365,2291123.1465320727
69,122,666978.4368506516,2291134.1075236206
69,123,666983.3835000023,2291135.473099999
69,124,667011.8109999998,2291141.8518000003
69,125,667030.9560000012,2291144.7512000017
69,126,667046.0400000019,2291146.4908000026
69,127,667059.9637000011,2291145.3311
69,128,667072.727,2291144.1713000014
69,129,667085.7897000005,2291140.3312
69,130,667087.2113000015,2291139.913200002
69,131,667133.4222000008,2291130.0813999996
69,132,667176.042100002,2291107.1782000046
69,133,667220.0369000016,2291077.8621999994
69,134,667272.2284619386,2291025.9740680326
69,135,667288.2369999997,2291010.058600001
69,136,667319.033900002,2290983.352400001
69,137,667373.1107999999,2290939.3784
69,138,667404.5524000004,2290911.6323000025
69,139,667436.6319999993,2290889.645300003
69,140,667468.2532000002,2290874.5292000026
69,141,667506.7485999996,2290860.3292000014
69,142,667521.4789203572,2290858.449642268
69,143,667549.8269000016,2290854.8325000014
69,144,667604.746493707,2290853.2527815457
69,145,667625.6502769996,2290855.138500868
69,146,667635.6470000017,2290856.040300004
69,147,667643.8899999997,2290856.7839
69,148,667656.857400001,2290858.586000001
69,149,667666.1916000014,2290859.883200001
69,150,667695.5999999996,2290863.9700000007
69,151,667744.3813000005,2290871.3357999995
69,152,667756.9933000011,2290873.2402
69,153,667781.9997717948,2290877.1317609334
69,154,667804.7672000015,2290879.4243
69,155,667832.5484999996,2290886.038899999
69,156,667843.5251144206,2290888.4811217394
69,157,667878.5598000018,2290896.2761000004
69,158,667919.8612000002,2290905.882700002
69,159,668061.8145000003,2290929.058100002
69,160,668410.0140000014,2291012.570000004
69,161,668464.063000002,2291025.233000001
69,162,668504.8380000014,2291033.5309999995
69,163,668622.8608421928,2291130.5593524035
69,164,668897.2439242641,2291260.7568148766
69,165,669033.8974592565,2291213.9502891116
69,166,669110.2943174018,2291219.3303495445
69,167,669138.2706316522,2291223.0963918483
69,168,669159.7908733833,2291245.1546396227
69,169,669323.3447105396,2291286.581104955
69,170,669534.2430795041,2291337.960682088
69,171,669579.1665841177,2291350.8728271266
69,172,669639.961267008,2291354.6388694295
69,173,669714.2061009802,2291302.9902892746
69,174,669768.8137143728,2291295.458204669
69,175,669958.9988506712,2291283.8910747385
69,176,670471.9876129358,2291244.347630558
69,177,670535.4723260425,2291247.575666818
69,178,670589.2729303702,2291262.6398360296
69,179,670669.4358308185,2291290.6161502805
69,180,670686.6520242038,2291246.49965473
69,181,670800.7093053781,2291105.811074413
69,182,670782.0584292113,2291083.2148205955
69,183,670735.610574142,2290968.619533378
69,184,670727.7198188407,2290896.8853942743
69,185,670727.7198188407,2290803.63101344
69,186,670743.3876707902,2290747.2744167238
69,187,670760.8281839888,2290678.3051145296
69,188,670709.0689426737,2290677.3789286185
69,189,670665.3111178207,2290670.205514708
69,190,670603.5338300862,2290654.275360984
69,191,670509.4248914308,2290596.8106108312
69,192,670432.6740633991,2290475.2273915876
69,193,670389.1718290275,2290408.3008771697
69,194,670368.9341842653,2290377.166039074
65,0,660700.5319767017,2285805.8450946845
65,1,660655.6110019702,2285814.6818027534
65,2,660636.5504016895,2285817.164899828
65,3,660628.2472934723,2285818.116788868
65,4,660614.9493007669,2285819.6413021125
65,5,660595.888601304,2285822.12450218
65,6,660594.4053363828,2285822.397813795
65,7,660575.554300312,2285825.871400835
65,8,660564.7557659149,2285826.476045614
65,9,660553.9567012796,2285827.080701828
65,10,660531.0923137702,2285827.0197353344
65,11,660509.5088024149,2285823.1610012054
65,12,660499.9837551145,2285822.5020504016
65,13,660490.458700181,2285821.843099596
65,14,660471.412115098,2285819.258207323
65,15,660452.3690013876,2285815.4063015003
65,16,660442.8439884195,2285814.747331623
65,17,660433.3188991556,2285814.088399891
65,18,660411.72480202,2285814.030801777
65,19,660402.1945133219,2285815.2724018116
65,20,660392.6642017365,2285816.51400185
65,21,660373.8214931497,2285822.7229442615
65,22,660373.593099596,2285822.7982006073
65,23,660354.5254001645,2285827.8155002594
65,24,660334.1840000153,2285834.096300127
65,25,660323.3817195939,2285835.96804619
65,26,660312.5794010172,2285837.839799883
65,27,660274.4652004279,2285840.2721004505
65,28,660272.6349163065,2285840.2671756763
65,29,660233.8174991617,2285840.1636028364
65,30,660214.7709026346,2285837.5786991175
65,31,660209.0585308056,2285836.0428981837
65,32,660195.7313022623,2285832.4598026313
65,33,660186.2062816648,2285831.8008289356
65,34,660176.6812000284,2285831.1419010162
65,35,660156.268301012,2285832.662401205
65,36,660146.7756023407,2285835.6506137867
65,37,660137.2827014923,2285838.638902668
65,38,659523.9421367645,2286228.5140857734
65,39,659057.3333873767,2288216.5056896284
65,40,658867.997205738,2288320.620004656
65,41,658500.6382236481,2288522.627500534
65,42,657995.8018360138,2288800.2326641083
65,43,657919.997320178,2288841.9168949146
65,44,657932.3228778858,2288868.845254902
65,45,657992.8099994678,2289000.9949817676
65,46,658006.729017661,2289019.566709107
65,47,658159.3942050934,2289223.263277054
65,48,658189.3930988321,2289263.28993416
65,49,658170.1038875608,2289440.1548481006
65,50,658159.4157810276,2289538.1553058624
65,51,657950.3562221536,2289840.5338306446
65,52,657666.7355670938,2290250.755674362
65,53,657266.6633014688,2290829.410100937
65,54,657266.0106487274,2290835.7434520777
65,55,657265.3579998026,2290842.0769023933
65,56,657261.4805164337,2290866.1401233673
65,57,657261.3014621772,2290930.7582225837
65,58,657262.5156002091,2290951.033899313
65,59,657263.1244106302,2290960.5382747687
65,60,657263.7332019778,2290970.0426006336
65,61,657264.9436893454,2290991.585313799
65,62,657268.6983013153,2291011.867799761
65,63,657273.1195011139,2291020.7487010956
65,64,657277.5408000965,2291029.6298007946
65,65,657286.37630272,2291049.925901413
65,66,657290.1605358142,2291059.4382495917
65,67,657293.9451007852,2291068.95150185
65,68,657298.9734020233,2291087.9703998603
65,69,657298.3119487772,2291097.471338272
65,70,657297.6504993429,2291106.9722995795
65,71,657296.3522052793,2291117.105035782
65,72,657295.0538997641,2291127.2379016913
65,73,657294.7563800821,2291131.51139641
65,74,657293.7310009003,2291146.239801407
65,75,657290.5250835456,2291163.03851128
65,76,657289.8640995044,2291166.5020008087
65,77,657289.1252956409,2291172.6201305445
65,78,657287.2639026642,2291188.0345020294
65,79,657277.0317630786,2291213.347803116
65,80,656731.6527996073,2291372.8050022144
65,81,656725.9174480429,2291379.7583675403
65,82,656720.1821002979,2291386.711702347
65,83,656712.7283039112,2291402.529890066
65,84,656711.2376995115,2291405.693201065
65,85,656707.7788944263,2291411.265310291
65,86,656701.0301990509,2291422.137399679
65,87,656693.3561077164,2291441.122407915
65,88,656688.2189006815,2291461.381101612
65,89,656689.4610652933,2291471.5206241645
65,90,656690.7031993885,2291481.660200121
65,91,656699.5388011951,2291501.9563007355
65,92,656703.960073472,2291510.8373050746
65,93,656708.3812999735,2291519.7183017805
65,94,656715.9501018543,2291538.7440013867
65,95,656717.8291263608,2291548.251516342
65,96,656719.7082004575,2291557.7594013233
65,97,656718.3817005195,2291578.0284023285
65,98,656717.0833606739,2291588.161191944
65,99,656715.7851009397,2291598.2939014453
65,100,656715.679807663,2291636.304498676
65,101,656454.161721725,2291726.7124179006
65,102,656499.1395082222,2292172.38732481
65,103,656420.3433017768,2292200.044271443
65,104,656428.0322649023,2292400.882979121
65,105,656470.4804522274,2292675.1672597528
65,106,656493.2608986478,2292779.401012713
65,107,656416.0764008677,2292802.5293596704
65,108,656445.7512849364,2292915.6157593764
65,109,656461.5829497073,2293128.6533148736
65,110,656500.0616698936,2293258.0956867505
65,111,656710.0725926142,2293209.4237362947
65,112,656928.5378240114,2293098.4387256913
65,113,657165.6952677192,2292990.9585048966
65,114,657166.8635309897,2293036.5207724106
65,115,657155.1808982948,2293080.9147766493
65,116,657233.4545373498,2293217.6015791856
65,117,657198.4066392668,2293256.1542670745
65,118,657294.2042273656,2293806.406267008
65,119,657246.4885950498,2293850.159367051
65,120,657192.565322917,2293892.8577489536
65,121,657218.0015000021,2294025.9979999997
65,122,657382.1197526399,2293988.2781172283
65,123,657502.459944942,2294364.7981047444
65,124,658003.0421884693,2294232.2238119375
65,125,658208.7609186862,2295221.959480647
65,126,658302.4772291183,2295327.104609426
65,127,658428.1942309178,2295317.9615547527
65,128,658583.6140000084,2296959.0500763804
65,129,658583.6817431571,2296960.317538105
65,130,659943.7219545534,2296819.5523411892
65,131,660471.1404699432,2296746.5893054605
65,132,661062.1410593204,2296652.7796881013
65,133,662251.6991239218,2296363.272785632
65,134,662306.1054174853,2296353.498223711
65,135,662348.4613756323,2296324.564170938
65,136,662348.6351069538,2296324.7686900906
65,137,662806.9356930163,2295966.7746832725
65,138,663648.5630999999,2295309.3511999995
65,139,663605.9016943397,2295152.639846096
65,140,663841.251098305,2295026.862951517
65,141,664048.575718875,2293823.392892113
65,142,664057.3649043348,2293803.4229061007
65,143,664629.0846564705,2292504.41340125
65,144,664630.7254651356,2292502.3291307837
65,145,664154.8782447577,2292045.3668209314
65,146,663971.3521222584,2291823.4887013417
65,147,663523.8131000008,2291374.021900004
65,148,662110.9536875179,2290667.8669934943
65,149,661954.6450402981,2290610.4329181174
65,150,661954.6450402965,2290610.432918113
65,151,661952.3237711345,2290604.387616829
65,152,661875.0504722785,2290548.290142735
65,153,661809.3250272725,2290473.688758228
65,154,661689.2106472267,2290321.476934085
65,155,661555.8186999997,2290115.1944999993
65,156,661549.1724509979,2290106.090470997
65,157,661468.4630000005,2289995.5347000007
65,158,661233.5879721213,2289678.93213586
65,159,661207.2537000002,2289640.3662
65,160,661049.6941999998,2289462.883300001
65,161,660986.9841250344,2289360.9616348497
65,162,660907.541100218,2289237.4289714713
65,163,661033.8113625634,2289088.174813303
65,164,661110.2214372092,2289007.602358714
65,165,661185.9065066332,2288945.8246169514
65,166,661362.4554204843,2288801.717023652
65,167,661501.2684745109,2288693.810877767
65,168,661659.9002332947,2288558.910088693
65,169,661753.3292680132,2288482.6457844167
65,170,662043.8297414997,2288245.515806317
65,171,662194.7711376614,2288122.305232823
65,172,662200.0897877,2288117.963720564
65,173,662202.9309439183,2288115.644539111
65,174,662205.7721001322,2288113.325357656
65,175,662312.625515711,2288026.10294602
65,176,662518.6304120175,2287857.945104266
65,177,662533.4972978615,2287845.809549841
65,178,662544.7935727153,2287839.134481859
65,179,662563.8096043278,2287810.3827085956
65,180,663161.6596714255,2287693.288566954
65,181,663158.3608481513,2287682.5539202294
65,182,663125.9484113727,2287458.3124320763
65,183,663100.8607871738,2287284.7467725556
65,184,663096.1972250065,2287254.088111728
65,185,663016.5161956238,2287252.478393963
65,186,662934.4318940082,2287220.556721112
65,187,662856.9078313711,2287186.3549287724
65,188,662754.3024543517,2287204.5958846873
65,189,662640.2964798855,2287300.360903239
65,190,662661.957615034,2287546.6138080857
65,191,662341.6008267839,2287575.115301702
65,192,662064.5663088311,2286026.9141684514
65,193,661781.8314921549,2285996.1325553455
65,194,661768.150775219,2285757.860068711
65,195,661680.36617488,2285748.739590754
65,196,661606.262291477,2285715.6778581585
65,197,661506.4955847122,2285658.0092415316
65,198,661577.0381530522,2285468.643751715
65,199,661711.2982928754,2285154.828982606
65,200,661703.7013999997,2285152.2477
65,201,661236.853121414,2284933.833487678
65,202,661167.7645966501,2284814.9588651857
65,203,661145.5392409558,2284870.089254773
65,204,661082.4369225266,2284860.173176163
65,205,660988.0316700116,2284876.3691959893
65,206,660832.161724851,2285283.595214933
65,207,660736.3967062994,2285568.6101510986
65,208,660579.0684615361,2285730.4986348404
65,209,660700.5319767017,2285805.8450946845
