node_id,lat,lon,stop_count,in_degree_weighted,out_degree_weighted,betweenness,closeness,eigenvector
0,20.675700000000003,-103.3042,3,4,4,0.0032962562686226085,0.029558374378319784,7.356049573020379e-20
1,20.67599,-103.307245,2,2,2,0.0020257070317452348,0.02863210511114169,1.2676048239892071e-20
2,20.676805,-103.309985,2,2,2,0.0020250838941477294,0.02774912436615524,2.1868692473157486e-21
3,20.68011,-103.32091,2,2,2,0.0005130121893644914,0.0288543457182746,3.883141979945762e-21
4,20.6808,-103.32307499999999,2,3,3,0.0007281646071213751,0.0318396707521066,1.597284037356487e-16
5,20.681016666666665,-103.32595666666667,3,4,5,0.001784920999181877,0.032823337373027374,4.6536875555078976e-15
6,20.6815925,-103.351035,4,3,4,0.005451066080796474,0.03577412305304389,6.496723502487173e-12
7,20.681729090909094,-103.3456309090909,11,8,9,0.007157830518885167,0.03358632203620895,3.738789370746328e-12
8,20.67917,-103.31454,2,2,3,0.002042163529206629,0.03070258619727767,1.952156456378535e-17
9,20.678615,-103.3127475,4,4,5,0.02557067224423911,0.031802996405692396,3.672539991414403e-18
10,20.677077,-103.30754666666667,3,3,3,0.0020120829779088655,0.02971330977770568,1.8347007078462807e-18
11,20.675310000000003,-103.301845,2,2,2,0.001231631461469533,0.02890603636786816,1.046355705435708e-20
12,20.673887999999998,-103.29571800000001,5,5,5,0.019731198834030246,0.03090541837891398,4.388268619205627e-21
13,20.675335454545454,-103.27425,11,6,6,0.00589490999683786,0.02661634910807054,2.727308192340332e-23
14,20.661245714285712,-103.36100571428572,7,8,7,0.018056737471337087,0.03385647536802711,7.71515545798881e-08
15,20.680045,-103.359285,2,2,2,0.001989508402217418,0.03650328464501556,1.181753734082452e-10
16,20.6834,-103.35917,2,2,2,0.001527253602613371,0.034782907468304085,1.0378569737811842e-11
17,20.686525,-103.35908,2,2,2,0.0012504672115759478,0.03351820594283464,9.046024398747461e-13
18,20.68957,-103.35884,1,1,1,0.000679956416623453,0.03226057409612583,7.884827105055152e-14
19,20.693346666666667,-103.35839666666668,3,4,3,0.001507029955130694,0.03223555596137417,1.0520950123153396e-14
20,20.696115,-103.35817,2,2,2,0.0008630738969813062,0.03176933514073579,3.0692275834949958e-15
21,20.698615,-103.35793000000001,2,2,2,0.0012482295811121781,0.03260058969770183,2.4686975321219335e-14
22,20.70101,-103.35766,3,3,4,0.0053315369598204276,0.035748492318053285,7.479815595931959e-14
23,20.73916,-103.362375,4,5,5,0.015969742024433565,0.029641528917500708,2.0643381101979416e-19
24,20.653094285714285,-103.37229428571428,7,6,8,0.007483401030624267,0.03217690591694998,6.137641250029828e-06
25,20.611656666666665,-103.38135333333332,3,3,3,0.0013995103951247527,0.030043380422365856,9.361905246379344e-10
26,20.65503,-103.37306000000001,2,2,2,0.0018145483594996363,0.031189126456924145,1.0286274284660627e-06
27,20.658685,-103.368245,2,3,3,0.0038387825205598585,0.03211404186717852,2.276481730510968e-09
28,20.62066,-103.405035,2,2,2,0.0006136772357978727,0.02847277712761392,5.39386999980876e-10
29,20.62284,-103.403645,2,2,2,0.00036714134267571433,0.027826337776287534,3.1957659267117493e-09
30,20.62566,-103.4029,2,2,2,0.0003704553017169933,0.027343290136797083,3.621401047199997e-08
31,20.628300000000003,-103.402535,2,3,3,0.0009669396047109655,0.027175779151415412,4.132386425957542e-07
32,20.62031,-103.40717,3,3,3,0.0031922206142754477,0.02938527748203334,3.108767010189154e-09
33,20.639566666666667,-103.39161333333334,3,3,3,0.00487721300236645,0.030638148531919665,1.2640395413301902e-07
34,20.64108166666667,-103.38977166666666,6,7,7,0.01097319817214482,0.03152388027774256,3.1627951076916414e-07
35,20.64536,-103.38276333333333,3,4,3,0.002509998242751975,0.03273135874066099,3.3229041385109316e-08
36,20.646735999999997,-103.38008400000001,5,6,5,0.01132722530083667,0.0338485245037883,1.0281912583792607e-07
37,20.747889999999998,-103.34960000000001,2,1,1,0.0,0.024678979898634983,2.5587234324668463e-24
38,20.747555,-103.347985,2,2,2,0.000469562504156611,0.025268025496868084,2.7727785104169965e-23
39,20.74513166666667,-103.34627333333333,6,8,8,0.02248676993907187,0.025908142274610677,3.0145581016420766e-22
40,20.74477,-103.34855999999999,2,2,2,0.0007318467838339073,0.02532304283275155,3.0396001523382716e-23
41,20.7446775,-103.35007,4,4,4,0.0010119188094763593,0.024884246498642574,3.143222832628399e-23
42,20.745005,-103.351395,4,4,4,0.0006566170811532487,0.02452334359178676,6.039409771789892e-24
43,20.74476,-103.35389,1,1,1,0.0,0.02421038715395947,1.1207677941460822e-25
44,20.60628485714286,-103.40110421428572,28,21,23,0.25790967435471174,0.03406898391126026,0.0007635384873620382
45,20.613303600000002,-103.395818,5,7,9,0.21587106535342493,0.03448910070031761,7.824734618983378e-05
46,20.63036,-103.4015,1,1,1,0.00030035232199762956,0.02646100386900438,3.593610114348327e-08
47,20.63319,-103.40079,1,1,1,0.0002997291844001241,0.02567116996824259,3.1254324246902895e-09
48,20.637686666666667,-103.39460666666666,3,3,4,0.004754568193402876,0.02995231355306831,5.671002277453122e-07
49,20.647714999999998,-103.37800999999999,2,2,2,0.0007215933379113175,0.03292112398998937,1.3158411205798617e-08
50,20.649,-103.376045,2,2,2,0.0004058041981573028,0.032242893802881666,4.8139880835779745e-08
51,20.65092,-103.37393,2,2,2,0.00036280770392942634,0.031801006861440564,5.391435941129809e-07
52,20.65747,-103.37168333333334,3,3,3,0.0033209268525965746,0.030861748129057044,8.975202274856868e-08
53,20.6594,-103.37026,1,1,1,0.0005974190093902304,0.029778449038113837,7.823267446694955e-09
54,20.65822,-103.36713,1,1,1,0.0005967958717927249,0.02874071580883922,6.81943877989555e-10
55,20.65745,-103.36513,1,1,1,0.0005961727341952194,0.027969505501874097,5.944632983403845e-11
56,20.657645000000002,-103.36254,2,2,2,0.0017474194455865486,0.03255974233746059,6.730348815192825e-09
57,20.67168,-103.3594775,4,6,6,0.008100684911304674,0.035389325868569105,3.426019316484226e-11
58,20.7025475,-103.35986750000001,4,4,5,0.003055866778166754,0.03452335902794106,2.8013264202702943e-13
59,20.7038,-103.36176999999999,3,6,3,0.0010480041412591753,0.03357371845637171,2.609208316447826e-12
60,20.704833333333333,-103.36340333333332,3,3,4,0.0007257853544763543,0.03255531344346058,4.549593183241666e-13
61,20.706106666666667,-103.36318,3,4,5,0.0009910720243961769,0.03279964713139078,7.955312777394396e-14
62,20.71679,-103.364055,2,2,2,0.0025832830008101168,0.032668233193855006,1.1298678925409033e-16
63,20.717,-103.365785,2,2,2,0.00197141852893226,0.03178043954204857,1.010824861804851e-17
64,20.7182175,-103.37026749999998,4,4,4,0.003396789134353489,0.030993099465323918,1.7709254735688903e-17
65,20.729020000000002,-103.36773,3,4,3,0.0007636834501791861,0.028317105951840706,6.565631891759366e-20
66,20.73069,-103.367325,2,2,2,0.0002830744158849783,0.027618226833702665,1.445180757911588e-20
67,20.733909999999998,-103.36083111111111,9,7,7,0.01957640578992264,0.031364473655129455,5.792613419730497e-18
68,20.73214,-103.36292,1,1,1,0.0010906607422520487,0.0302759307683402,5.22484473102305e-19
69,20.730433333333334,-103.36511333333334,3,4,4,0.0019788584141873246,0.02920797431337506,1.4949966666466546e-19
70,20.727392000000002,-103.36838,5,4,6,0.0019386471561907226,0.02824046448062621,1.1466640968458963e-19
71,20.72513,-103.36855,1,1,1,0.00024715903071966384,0.0272920126737178,1.3048920605474394e-20
72,20.72285,-103.36903,1,1,1,0.0002465358931221584,0.02654715124708551,1.4905195778971886e-21
73,20.721166666666665,-103.36919333333333,3,4,3,0.002348218504369309,0.029910373534798473,3.967179129979682e-18
74,20.71773,-103.36835,1,1,1,0.0002270486809819878,0.030157874639082656,1.983020168999863e-18
75,20.716520000000003,-103.36164,2,2,2,0.0017375908662077126,0.031584278520168874,9.88608631508809e-18
76,20.713586,-103.361166,5,4,6,0.028866371465615475,0.0342527708824954,1.2825424899537083e-15
77,20.710485,-103.360445,2,3,2,0.00036510198326569646,0.0327512660523405,1.3983379025414872e-14
78,20.70714,-103.36275,1,1,1,9.23943110483089e-05,0.0311678581029394,1.2192422585734609e-15
79,20.69103,-103.35884,1,1,1,0.0002886826542625274,0.031152333116743505,9.171287036625173e-16
80,20.68864,-103.35905,1,1,1,0.0002880595166650219,0.030170233691728734,7.995068075877102e-17
81,20.67607033525882,-103.35957967822588,17,18,16,0.0632093746481869,0.037823802347489124,1.3455826230987099e-09
82,20.669343333333334,-103.35940666666666,3,3,4,0.004670425734782138,0.034525248383929216,6.065979253805687e-11
83,20.666798,-103.35951,5,5,6,0.004982664878526123,0.033992472143491964,6.273399077715368e-10
84,20.66452666666667,-103.35967666666666,3,4,3,0.0031506403418600838,0.033671614386475535,7.032989176276553e-09
85,20.65705,-103.36373,1,1,1,0.001021690739982695,0.03172540001591204,5.866944615975621e-10
86,20.65597,-103.36634,1,1,1,0.0010210676023851893,0.030644807611096038,5.1144845753841955e-11
87,20.65505333333333,-103.36955,3,4,3,0.003571116597995015,0.03130719485435779,8.90794796243995e-09
88,20.636575,-103.39668499999999,2,2,3,0.0039268998417343794,0.029523823744107072,6.328562241706519e-06
89,20.60225,-103.40615,2,2,2,0.0007044853784161678,0.031096183476364874,8.095107865971586e-06
90,20.60514,-103.40587,1,1,1,0.00023509282087705823,0.030056644491314483,6.806659770929871e-07
91,20.60766,-103.40564,1,1,1,0.00023446968327955276,0.02911293836400769,5.7232841063647246e-08
92,20.60324166666667,-103.39842500000002,6,7,7,0.009159839438967693,0.032788352277840306,0.00047534879359548913
93,20.594558571428568,-103.41001285714285,7,8,7,0.0059912697289612035,0.029374685786947387,8.859475167008862e-06
94,20.594085,-103.41551,2,2,2,0.0011741611803177798,0.027572639234246465,2.7096846562463983e-07
95,20.59437,-103.41746,1,1,1,0.0004704122372441184,0.02688537563204905,2.2783965242194218e-08
96,20.59831,-103.41763,1,1,1,0.0002352627674945597,0.02588844140401284,1.915753537510632e-09
97,20.60015,-103.41858,1,1,0,0.0,0.025164670299073457,1.6108299880385891e-10
98,20.59707,-103.41907,1,0,1,0.0,0.0,1.1308881024556818e-104
99,20.59452,-103.41897,1,1,1,0.00023458298102455377,0.00022310804378867206,1.0630348163083404e-102
100,20.592805714285713,-103.41273142857142,7,8,8,0.019413200388248713,0.02858195975238298,3.222611757856777e-06
101,20.59377,-103.41112,1,1,1,0.01370540161727999,0.027870325071565658,2.7096846562463983e-07
102,20.596024999999997,-103.40761749999999,8,8,9,0.020558527292463737,0.030161956222165078,1.9139455765768744e-05
103,20.64275,-103.23021,1,1,1,0.00023713218028707607,0.018888715769458966,1.0790442729252127e-21
104,20.6443,-103.22969,2,1,2,0.00023650904268957064,0.018529679459885737,1.3813549876762945e-22
105,20.644585,-103.22735499999999,4,3,2,0.000938785115078219,0.02143778412930306,8.145558009972828e-21
106,20.6520675,-103.22844,4,5,5,0.006641627109703147,0.022851644114049757,4.946122314666136e-19
107,20.64342,-103.41162999999999,5,6,5,0.0039604359742546735,0.027522484428361645,0.00305946862385076
108,20.641216,-103.414734,5,9,4,0.007278303787736222,0.02715377970543714,0.0013567764910579524
109,20.639609999999998,-103.41728,2,4,4,0.0036449584032994115,0.02687186898046603,0.00012441010811732738
110,20.638605,-103.419295,8,5,10,0.012376362419545855,0.02675913555560886,2.4008722316749688e-05
111,20.642505,-103.420335,2,2,2,0.006001013335031289,0.02618253382676071,2.0892703581079885e-06
112,20.64402,-103.42073,1,1,1,0.002929086601510644,0.025762225781812774,1.8181749926982428e-07
113,20.650234,-103.42242999999999,5,3,5,0.008199244507976784,0.02580950836714476,1.615933093570453e-08
114,20.65226,-103.23051749999999,4,6,5,0.01189501694990914,0.02329411639272924,3.0588127650095426e-18
115,20.6606,-103.42228,1,0,1,0.0,0.0,1.1308881024556818e-104
116,20.655728571428572,-103.42299428571428,7,7,5,0.015516702108089598,0.02610362012716074,1.6230850101455306e-09
117,20.652575,-103.232495,2,2,2,0.0,0.022898426878900053,7.831566662364294e-19
118,20.64529,-103.4213,1,1,1,0.0027224031901925843,0.024805549258390874,1.4065221527310746e-09
119,20.6426,-103.41238,1,3,3,0.0034777309316779475,0.02639252541961012,0.0003544279930471084
120,20.644293333333334,-103.41002333333331,3,3,6,0.003690107554682307,0.027891838114066432,0.0032874848812058785
121,20.650068548807145,-103.40019536325929,14,18,19,0.010680351825753507,0.02869200302659618,0.015441090772160628
122,20.654846,-103.39176400000001,5,6,10,0.01148261315810553,0.029664197650612747,0.0009847721305375173
123,20.658125384615385,-103.38561692307692,13,14,12,0.01634382285399059,0.031122097142878984,0.00034039282579330783
124,20.658643333333334,-103.3821,3,2,3,0.001545749459484783,0.03088785014691499,3.5236224733362554e-05
125,20.65577,-103.37177,1,1,1,0.0001459274955612776,0.03026609469808238,8.965713642685279e-08
126,20.660105,-103.36772500000001,2,3,2,0.0036162091005054096,0.03247567028144649,8.518959883509594e-09
127,20.63361,-103.24371000000001,3,3,4,0.0022524724683647204,0.02328419181057717,2.878047828886919e-17
128,20.659510562850002,-103.35340982015751,4,6,5,0.00018739447023164064,0.03384239738806408,2.8402232409302844e-09
129,20.66369,-103.34697,1,1,1,0.0,0.032516611955029334,9.675794414483277e-11
130,20.630976666666665,-103.24446333333333,3,3,3,0.0009862568702336345,0.02388655129560623,3.201887286486054e-17
131,20.66023,-103.33632,1,1,1,4.4695960402891314e-05,0.030275722137084415,5.858286414145451e-13
132,20.65811,-103.334525,2,3,2,0.0009149925886280107,0.03276448996684378,1.1186521578069424e-13
133,20.6564775,-103.33109499999999,4,5,5,0.0025505021865898296,0.03388950183993611,6.054709562521068e-13
134,20.62913885714286,-103.24552442857143,14,13,13,0.023964172533884807,0.024488151908070743,1.9255480928996401e-16
135,20.647685,-103.31608,2,2,2,0.0,0.032967269576138575,9.647917121270559e-14
136,20.64691333333333,-103.31387,3,5,5,0.01262488102320553,0.03357740230620114,7.389222588345386e-13
137,20.64523,-103.30302,1,2,1,0.006883999310696519,0.03390463754487569,4.0604473919582107e-14
138,20.64503,-103.29659,2,2,2,0.004134971150428701,0.03202697402593158,3.080983511102191e-16
139,20.64464,-103.29298,2,3,3,0.006066187862843109,0.03141049353723257,3.3646703804286865e-16
140,20.644605,-103.28558000000001,2,3,2,0.0036560332578732583,0.02962713014695502,9.792427874616438e-18
141,20.644195,-103.282335,2,3,3,0.0031704391227990072,0.028979093380737377,1.976563545281767e-18
142,20.643354,-103.28035600000001,5,5,6,0.0033523386523980994,0.02848075992067815,6.83981354475989e-18
143,20.626651818181816,-103.24578272727273,11,14,14,0.014784052798561934,0.024180174017647018,1.8159955030387197e-16
144,20.62895333333333,-103.2624,3,6,6,0.0024267244001762458,0.02467678932195924,1.2876360336346932e-18
145,20.62728,-103.25825,1,1,1,0.0,0.023531881455994347,3.592595211320236e-20
146,20.62663,-103.247715,2,3,2,0.00023509282087705823,0.023706898567751093,6.97429523905225e-17
147,20.626413,-103.25124,6,7,9,0.005263954854927336,0.023976652551559195,5.3890807438547133e-17
148,20.629265,-103.257475,2,3,2,0.0008880843741902751,0.022879081889207124,1.8096675780173974e-19
149,20.63133,-103.2662857142857,7,8,8,0.00865339851881326,0.025879190555626624,1.1718839276749576e-17
150,20.6342625,-103.27193500000001,4,4,4,0.0013495460895793152,0.026189905577011844,9.233317828019926e-20
151,20.64038,-103.277025,8,10,7,0.009992464566979983,0.028199457833492352,6.83478029842619e-18
152,20.64424,-103.28829,1,1,1,0.0012414033919758685,0.0287370567811554,8.245869520595114e-19
153,20.64480142857143,-103.29026142857141,7,5,5,0.006533795980898453,0.030692658608116062,5.71599243950783e-17
154,20.64491,-103.29453,1,1,1,0.0024703440320016277,0.03058439820262999,2.8329831654466916e-17
155,20.64543,-103.29929,1,1,1,0.0040790020643982116,0.03092521820448655,2.5941130860597034e-17
156,20.64471957142857,-103.30429428571428,7,7,10,0.06717870827201565,0.03483988454975344,2.411591808054969e-13
157,20.6445225,-103.306785,4,6,5,0.015958497223242215,0.034537359705421315,1.2980670951207785e-13
158,20.645139999999998,-103.308605,2,3,3,0.0032841617343437528,0.034120918409977954,6.731681340401661e-13
159,20.646098000000002,-103.311511,10,15,11,0.0608109784608524,0.034476878258855544,3.933867276378071e-12
160,20.64931,-103.320825,2,2,3,0.00042704752534498876,0.033062859868150336,3.446619128075166e-14
161,20.6575525,-103.3288225,4,5,7,0.007763161487467966,0.03467140129349917,5.704791101958478e-14
162,20.65883,-103.33626,1,2,2,0.0014934531086880753,0.034044470235566185,1.164287350926975e-13
163,20.658056375,-103.35086875,8,8,7,0.05119847109980351,0.0345270168147013,2.0260078771554848e-10
164,20.658459999999998,-103.35412,2,2,2,0.0,0.03364942231670312,1.2836688144919715e-09
165,20.653585999999997,-103.39379799999999,5,7,6,0.0038531713341749844,0.02927690876055416,0.003390982861304616
166,20.648746666666668,-103.40197444444445,9,11,13,0.005863894739143838,0.02827694900279626,0.013413315017109602
167,20.64775,-103.40596,1,1,1,0.0,0.027313242198295423,0.0011684560437137759
168,20.512025,-103.17289500000001,2,2,2,0.0037528745054128563,0.011451892901000637,5.162053210654385e-39
169,20.51093,-103.17073,1,1,1,0.0011748976156602863,0.011301452925019946,6.60711834766369e-40
170,20.648690000000002,-103.340565,4,6,9,0.024170670892219356,0.033630591927634776,1.4085842705952737e-13
171,20.497045,-103.27711,2,2,2,0.004254273675914746,0.01583417680227522,2.725839880194186e-23
172,20.502164999999998,-103.279555,2,2,2,0.0046773841046209505,0.016260265846766375,3.241697060934048e-22
173,20.50736,-103.28205,2,2,2,0.005116979355224799,0.016710121555757382,3.828105738823994e-21
174,20.541255,-103.29814999999999,2,2,2,0.006890712202087828,0.020006641808838172,7.389388632567266e-17
175,20.620542857142855,-103.32161571428571,7,14,16,0.09251647434185623,0.030803516060845193,4.1146032485786984e-11
176,20.50523,-103.17471,1,1,1,0.00117302820286777,0.010878937623282705,1.3858152942997367e-42
177,20.5056,-103.17255,1,1,1,0.0011724050652702643,0.010754783985283088,1.774015198471435e-43
178,20.50694,-103.17396,1,1,1,0.001171781927672759,0.010631524359731052,2.270985436451911e-44
179,20.51337,-103.17694,1,1,1,0.0023422042824055057,0.011264923058334946,6.60711834766369e-40
180,20.5157,-103.17788,1,1,1,0.0023415811448080004,0.01112766971555282,8.457224681563298e-41
181,20.51529,-103.17974,1,1,1,0.002340958007210495,0.01101415469889614,1.0825822716635714e-41
182,20.511065,-103.1805,2,2,2,4.078718820035709e-06,0.012006917256347553,3.146007005714555e-37
183,20.5114575,-103.18302499999999,4,3,3,0.00932276159627912,0.012151798664294227,2.143821546571748e-36
184,20.51448,-103.18449,1,1,1,0.0006970643761186028,0.011975122345977363,2.742666036317426e-37
185,20.514013333333335,-103.18700000000001,3,4,5,0.01861011764724543,0.012386827512901691,1.458336307036658e-35
186,20.512365,-103.1907375,4,5,4,0.011421772269039997,0.012614363964284859,5.675376223471953e-35
187,20.5074,-103.2058,2,2,3,0.025919181772749423,0.013350669552077834,2.759658283781206e-33
188,20.504095,-103.21524,2,3,2,0.015856869145976327,0.013813612509819025,2.1327765882452104e-32
189,20.500305,-103.225815,2,2,2,0.0005691512220124829,0.013361450022952767,6.425939561658301e-33
190,20.49674,-103.236435,2,2,2,0.0007569988832241275,0.013481040187840417,7.163064084467528e-32
191,20.495305000000002,-103.243965,2,2,2,0.001086921916667016,0.013734393341398999,8.453215843330219e-31
192,20.49483,-103.2465,2,2,2,0.0014397310946001047,0.013882118961471887,9.982111287579007e-30
193,20.494325,-103.24922000000001,2,2,2,0.001806532544040816,0.014033068980568228,1.17875393634672e-28
194,20.493703333333332,-103.25286333333334,3,2,2,0.0021836440882766176,0.014216601458761448,1.3919432522962257e-27
195,20.492935,-103.25664499999999,2,2,2,0.0025696495054949972,0.014437958744268009,1.643682095239416e-26
196,20.491905,-103.26204999999999,2,2,2,0.0034072597342873303,0.014756095144058394,1.9409409476537306e-25
197,20.49066,-103.26942,1,1,1,0.0019802179871273367,0.014300793252055936,1.6319784855658863e-26
198,20.514345,-103.28534,2,2,2,0.005557877529896159,0.01730968948342536,4.520356531429219e-20
199,20.525746666666667,-103.29088333333334,3,2,3,0.006000985010595038,0.018336804711087347,5.3377784704668765e-19
200,20.554199999999998,-103.30438333333332,3,3,3,0.003829916972013531,0.021740792856930258,5.151429008064598e-15
201,20.556829999999998,-103.305555,2,2,2,0.00022948458249950912,0.021981324364049523,5.083755326950092e-15
202,20.56478,-103.309325,2,2,2,5.438291760047612e-06,0.022656742987866588,5.533520773328086e-14
203,20.575110000000002,-103.31423000000001,4,5,5,0.023493250456788184,0.023521096668816185,1.9140561948185793e-14
204,20.5894375,-103.3210625,4,3,4,0.023792866343443304,0.024794255318436778,1.0340595004168688e-13
205,20.567965,-103.31084,2,3,3,0.005132161253054932,0.02282793567774875,5.682057689795779e-14
206,20.49008,-103.27084,1,1,1,0.0018357067133785716,0.015154469065552722,2.2919506839274536e-24
207,20.502456666666667,-103.21996000000001,3,3,3,0.0161167741730086,0.013522634432477018,3.320503690684253e-33
208,20.509655,-103.19949,2,3,3,0.022004461438602647,0.013010947771489758,3.6098028335001256e-34
209,20.51286,-103.18426,1,1,1,0.0,0.012178256197247342,1.864978629170927e-36
210,20.51425,-103.1775,1,1,1,0.0023471893831855497,0.011756768509069279,4.0334096939712873e-38
211,20.50834,-103.17128,1,1,1,0.0011742744780627807,0.01116332001184954,8.457224681563298e-41
212,20.50661,-103.17233,1,1,1,0.0011736513404652753,0.011032629612704249,1.0825822716635714e-41
213,20.625904000000002,-103.30417,5,6,5,0.02543004708314389,0.03169423792434095,3.794709749827941e-12
214,20.624523333333332,-103.30813333333333,3,4,3,0.005486839843780537,0.03033329401992957,6.541919304018249e-13
215,20.668905000000002,-103.330235,2,3,3,0.0027575821400153927,0.034749643934518,3.806575250953336e-13
216,20.675179999999997,-103.32811000000001,2,3,3,0.0037781682269843278,0.034943002428655126,7.823854551184652e-15
217,20.683905,-103.32501749999999,4,5,5,0.00730668487285897,0.032707261877876655,3.315326831995558e-13
218,20.674143333333333,-103.33013000000001,3,6,5,0.03700443141470022,0.03583899525210839,6.717192039431942e-14
219,20.623674615384616,-103.28636430769232,13,20,22,0.07352771563081748,0.031012226105680673,9.136665710307995e-14
220,20.619016666666667,-103.24786333333333,3,4,3,0.007732372825263947,0.02319847338027215,1.078287348649276e-17
221,20.60589,-103.38499,2,1,1,0.0,0.02718077485302792,6.91395587306093e-13
222,20.608125,-103.383325,2,2,2,0.000469562504156611,0.028055435952996362,8.222733940866021e-12
223,20.609175,-103.38250500000001,2,2,2,0.00093889841282322,0.028707201743057666,9.710112634769498e-11
224,20.6102175,-103.381535,4,4,4,0.0024585610665215246,0.029491941279788353,1.1465950629867603e-09
225,20.613692,-103.38089599999998,5,4,3,0.003517894982280799,0.030949632856579822,9.123878419682398e-09
226,20.617885,-103.380505,2,2,2,0.0002960470076875919,0.03100501177790824,4.552513540696323e-09
227,20.62021,-103.379865,2,2,2,0.00017918038371906873,0.030837688326839332,7.877852714203618e-10
228,20.707136875000003,-103.35530875,8,7,7,0.09615228017565534,0.03605340189539017,5.610462658079596e-14
229,20.70504,-103.35493,1,1,1,2.435901517521326e-05,0.03472346503922894,4.9046704310493775e-15
230,20.70259,-103.35478499999999,2,2,2,0.00023446968327955276,0.03529594690933815,4.8655826639128856e-14
231,20.621323333333336,-103.37923,6,4,4,0.0024712504139616357,0.031374260547288695,4.816563670042726e-09
232,20.699327142857147,-103.35509285714285,7,9,8,0.22448510801221622,0.03700138786254965,5.528546985691028e-13
233,20.6968,-103.35504,2,2,2,0.0027271900199188764,0.03556903079587589,6.707298690518925e-14
234,20.69443,-103.35458,1,1,1,0.0008292545200985101,0.03421459316609668,5.8508916101134954e-15
235,20.69273666666667,-103.35179666666666,3,4,3,0.001528726473298384,0.033072650782460265,3.8317579586533174e-14
236,20.689980000000002,-103.35192666666667,3,3,3,0.0018170975587621587,0.03220663425336606,6.706488048540175e-15
237,20.68819,-103.35211,1,1,1,0.0005285906293021278,0.03125738226129301,5.846267714577982e-16
238,20.68673,-103.35215,1,1,1,0.0005279674917046223,0.03045611539607723,5.0965799876874014e-17
239,20.68532,-103.3522,1,1,1,0.0005273443541071169,0.02970978996989515,4.443196011131481e-18
240,20.6842275,-103.35150999999999,4,4,3,0.0036146795809478965,0.03486865563605017,1.2103943704971635e-12
241,20.68199,-103.35231,1,1,1,0.0014451693863601525,0.03373877370629637,1.0551144080853207e-13
242,20.677138627292855,-103.35179151687075,14,9,11,0.01845104761326404,0.03800351919048678,2.1347788577301903e-10
243,20.674930487425,-103.3524275870725,8,7,6,0.018779488334543164,0.037818040825852266,1.4134466599183905e-10
244,20.67151,-103.35267666666668,3,4,5,0.002514586801424515,0.035807558978212535,4.377962084804311e-12
245,20.66959,-103.35302999999999,2,3,2,0.0018137835997208795,0.03499271016420357,1.1052825039193489e-12
246,20.66703,-103.35333,1,1,1,0.001248796069837183,0.03368279748679399,9.582683601143257e-14
247,20.66537,-103.35384,1,1,1,0.0012481729322396777,0.032700332663352545,8.309709248559933e-15
248,20.66266,-103.35476,1,1,1,0.0012475497946421723,0.031520043652181064,7.207212198401638e-16
249,20.659762352941176,-103.35679470588236,17,11,14,0.038183930807103306,0.034379966974698375,1.4529578221398858e-08
250,20.65319,-103.358855,2,2,2,0.0010022035278425242,0.031939908480972695,4.474114634454717e-11
251,20.650556666666667,-103.35985666666666,3,3,3,0.0017159509969125232,0.03190528251719594,2.2750600490670753e-09
252,20.638983333333332,-103.36481333333334,3,4,3,0.0012340956874233044,0.031637360378773356,4.085050774083453e-11
253,20.630616666666665,-103.36816166666667,6,5,5,0.0043272940725678855,0.031661873850004726,6.69829453147842e-12
254,20.62917333333333,-103.36898666666667,3,4,3,0.0018451953995224045,0.0309782511938552,2.4378230655763852e-12
255,20.62760333333333,-103.36963333333334,3,3,3,0.0017454367350490311,0.030546039708749143,3.1430905073216595e-12
256,20.625995,-103.37027,2,2,2,0.00032159564918531557,0.030165099498219394,3.2487534332594507e-11
257,20.623295000000002,-103.37145999999998,4,4,4,0.0013028674186389066,0.0308174792724116,3.832275237650818e-10
258,20.61964,-103.37621999999999,2,2,2,0.0005128422427469899,0.028601104400638806,5.9381540094254274e-12
259,20.615963999999998,-103.38169599999999,5,3,4,0.00457688900480507,0.03196378445233013,5.3354928213334255e-08
260,20.63461666666667,-103.36658888888888,9,7,7,0.012078483764980748,0.03280117760548369,3.1841884639464314e-11
261,20.65447,-103.35811333333334,3,3,4,0.002340731411720493,0.03289672061949364,2.566582177016817e-10
262,20.6628628181,-103.35154243054532,15,10,10,0.004251073014618468,0.0339490343864778,1.1197454549928076e-09
263,20.664665,-103.3523675,4,5,5,0.0008183779365784149,0.03359478778500413,2.0962850904090676e-10
264,20.66839428571429,-103.3477,7,7,10,0.01489667075709292,0.03485234108738489,2.422676130888585e-11
265,20.669195000000002,-103.35084,2,2,4,0.0024552471074802454,0.033703745435599154,4.186549352305347e-12
266,20.6711575,-103.35126,4,4,4,0.002745402632427786,0.03517753099264603,1.4869081309256914e-12
267,20.68956,-103.35371,1,1,1,4.625380439665495e-05,0.03219749678137774,8.528124510367392e-16
268,20.693015000000003,-103.353505,2,3,3,0.002356083256168127,0.033404455000659326,2.1621131665363226e-13
269,20.709056666666665,-103.35606666666666,3,3,4,0.0003347570705629308,0.03477384715348374,9.971152857808222e-15
270,20.715882571428573,-103.35451514285714,7,10,9,0.11765145633110258,0.03534254171009976,5.630175486942653e-15
271,20.72229,-103.34895,1,1,1,0.0008521689890249607,0.03153074814982191,1.192830162123323e-17
272,20.721516,-103.34551000000002,5,5,5,0.0042185282373669334,0.0311244869292335,6.152953749127194e-18
273,20.727103333333332,-103.34488333333333,3,4,5,0.02736480435008958,0.030930326687761637,3.799620326171005e-18
274,20.73156,-103.34547,1,1,1,0.0020919862125708152,0.02880226640292002,3.552522012033895e-20
275,20.7335,-103.346225,2,2,2,0.0031752826013977994,0.027970942743073858,3.2069084637380855e-21
276,20.736235,-103.345355,2,2,2,0.0017825134221006059,0.027100785766414726,2.9180192424632585e-22
277,20.737965000000003,-103.34473,2,2,2,0.0013277929225391247,0.026455777075701695,2.683306814787112e-23
278,20.738385,-103.3464,2,2,2,0.0008749984846426606,0.02583977509108734,2.685281061500913e-24
279,20.738975,-103.34916,2,3,2,0.0004414080145238645,0.02517933881028198,2.226838515086363e-24
280,20.744265,-103.344275,2,2,2,0.001408007725999827,0.025420174357870834,2.7730055168927295e-23
281,20.74416,-103.34242,2,2,2,0.00093889841282322,0.02483504493883186,2.5821542538581263e-24
282,20.74511,-103.33982,2,2,2,0.000469562504156611,0.0241967988000004,2.439292343152618e-25
283,20.74559,-103.33799,2,1,1,0.0,0.02362782113763858,2.320663617311896e-26
284,20.740516666666668,-103.34868666666667,3,3,3,5.732865897050191e-05,0.024639233865280313,1.0543824878644205e-23
285,20.73471,-103.34837,1,1,1,0.0020138107685201308,0.027228280585293238,2.8932861330350254e-22
286,20.73505,-103.35067,1,1,1,0.0020131876309226254,0.02651216853691852,2.6350309611809227e-23
287,20.73352,-103.3515,1,1,1,0.00201256449332512,0.025855301886269527,2.4274064667929237e-24
288,20.670827999999997,-103.347109,10,10,6,0.011617550772401711,0.0353538311671701,1.2151311787692914e-11
289,20.521553333333333,-103.37772,3,3,3,0.010896184029980396,0.020414900881732614,5.308618623706687e-15
290,20.51216,-103.37644,2,2,2,0.011302356445808952,0.019498467299737678,4.484306543633943e-16
291,20.6871175,-103.34598749999999,4,4,4,0.0017535375238166022,0.03255313821211826,1.1689001361312267e-13
292,20.713875,-103.34592,2,2,2,0.001571553020908759,0.032407181856588155,1.973494901778686e-19
293,20.63314,-103.23706,2,1,1,0.0,0.020329770111403644,2.336731482586187e-22
294,20.631135,-103.2363,2,3,3,0.0014047787402672988,0.020932750117316417,1.8253359075631283e-21
295,20.64772,-103.30627285714286,7,9,9,0.06222562354641354,0.0357844772418756,1.0435747233370538e-12
296,20.62727,-103.23743999999999,2,3,2,0.001403192571837285,0.021557527519585146,6.927713469030551e-21
297,20.626640000000002,-103.235935,2,4,4,0.009171169213467794,0.02195917294401026,5.3181098100694865e-20
298,20.761025000000004,-103.328603,10,2,2,0.000469562504156611,0.019715334272106446,2.7306992374315955e-32
299,20.762085,-103.33289,4,2,2,0.0014081776726173286,0.020068879657298217,2.530100349623059e-31
300,20.76319,-103.33566,1,1,1,0.0009373688932657066,0.019643498724515106,2.6982399525713876e-32
301,20.76401,-103.33774,2,2,2,0.0023459431079905385,0.020939475366374968,2.320222799864952e-29
302,20.76505333333333,-103.33941666666665,3,3,3,0.008403123800106068,0.021276696122146575,2.300510324402577e-28
303,20.76265,-103.33463,1,1,1,0.0009398614436557284,0.020413327347771612,2.386234039212024e-30
304,20.68702,-103.34962,1,2,1,0.0007774774506330567,0.033674430205483094,5.846276177751712e-15
305,20.705483333333333,-103.34831333333334,3,3,3,0.002712338573844996,0.03380547685009661,4.742175642575879e-16
306,20.7594,-103.34185500000001,2,2,2,0.007446834183425196,0.021036138431558372,4.506110142314101e-28
307,20.75912,-103.32524000000001,2,1,1,0.0,0.019260553323631018,2.9577753354032494e-33
308,20.62779,-103.23994,1,1,1,0.0,0.021113645273025266,1.0986096037016254e-21
309,20.627055,-103.25574,2,3,4,0.001393958805619704,0.0237391919238532,1.846128858217069e-18
310,20.628265,-103.25632,2,2,3,0.0008887075117877806,0.02330120236486668,4.717873556073353e-19
311,20.62998,-103.26411333333333,3,4,4,0.002441906298006379,0.025156775594474406,2.293059909677396e-18
312,20.638973333333336,-103.2756,3,4,4,0.007330987239161682,0.027642777488491355,1.43828508373269e-18
313,20.65668,-103.319274,5,5,5,0.04585492457901297,0.03486554269057892,4.334262322885266e-16
314,20.6610225,-103.3261825,4,5,5,0.005388157507884673,0.035399555249774686,1.2329483468762187e-14
315,20.664065,-103.32792,2,2,2,0.0013861979100871361,0.03308092624677459,3.8213037323503603e-16
316,20.66765,-103.32638000000001,3,5,3,0.00225244414392847,0.033821727765110464,3.693373183128141e-15
317,20.672486666666664,-103.32448,3,3,3,0.001597158311278983,0.03352809938646043,6.281192736467343e-16
318,20.679299999999998,-103.33139,3,5,3,0.0055640805814349634,0.03475812203054004,2.3897159361683694e-12
319,20.679153999999997,-103.32384750000001,4,4,4,0.004724515966541363,0.03251908746940577,8.811843747443469e-16
320,20.677605333333332,-103.32399666666667,3,3,3,0.0029925616631474496,0.03324743090306542,7.837085731705962e-16
321,20.659774499999997,-103.324315,4,5,5,0.11006078121891982,0.036533426819654456,5.959910119374469e-14
322,20.659025,-103.32332,2,2,2,0.0006387160374430919,0.03548468943575475,1.035304822976076e-14
323,20.658254999999997,-103.322115,2,2,2,0.0006380928998455864,0.03449448248104649,1.7987105374792438e-15
324,20.650585500000002,-103.3097525,4,5,5,0.10387868976294069,0.03571982800993227,4.0270814491308416e-14
325,20.64547333333333,-103.30099000000001,3,3,4,0.008180975246595374,0.033434533101836576,3.631071856291902e-15
326,20.633256666666664,-103.27064666666666,3,3,4,0.0009910720243961769,0.025717812139400154,2.77666925279684e-19
327,20.632404,-103.26869400000001,5,6,6,0.00702004157800646,0.02547563540025876,3.0603669568630864e-18
328,20.623945999999997,-103.246698,5,4,5,0.006414805024211162,0.023172305049312,1.396106947023091e-17
329,20.62557,-103.238295,2,2,5,0.009162955126955221,0.02242351994821507,2.953118284701915e-19
330,20.62513,-103.236575,2,2,3,0.004388021663888417,0.022145355785460563,3.7996406853252357e-20
331,20.762878333333337,-103.43798833333334,12,10,10,0.0389380557041959,0.022546600449911008,1.364519168168759e-19
332,20.741082076923078,-103.4075776923077,13,12,15,0.07938280147028749,0.02889530198753241,3.733825192358563e-15
333,20.73976,-103.40556,3,5,3,0.0005361815782171942,0.028857290040647597,1.983434520806421e-15
334,20.73746357142857,-103.40242285714287,7,8,11,0.10238618080212764,0.02999788576790814,7.867892404842675e-15
335,20.72535333333333,-103.38697666666667,3,4,4,0.0005462367530860323,0.030948017249456224,9.487050022128692e-15
336,20.783405000000002,-103.50977,2,1,1,0.0,0.012786729765580887,5.361601791215704e-41
337,20.788800000000002,-103.505655,2,2,2,0.000469562504156611,0.0131090402256994,3.4873681460832114e-40
338,20.7928,-103.502585,2,2,2,0.00093889841282322,0.013408355352001007,2.2306202185472516e-39
339,20.72226294117647,-103.39453470588235,17,10,12,0.006505216624721953,0.03079641391810332,6.943614731743456e-13
340,20.722807142857143,-103.39764642857143,14,11,9,0.006124479552646119,0.030237234219179388,5.148442459982253e-13
341,20.72186,-103.391715,10,11,10,0.00714110021854002,0.03164346382114846,6.867626918499169e-13
342,20.720594435625,-103.38805230191417,24,14,13,0.12481587700215525,0.03263838735750569,4.445128023223951e-13
343,20.786720000000003,-103.47013,2,2,2,0.010278031533254984,0.01785333690956199,1.6283860833278026e-24
344,20.78452,-103.4671,2,2,2,0.01074260893663155,0.018272480388634216,1.379299033645124e-23
345,20.78147325,-103.4625375,8,8,7,0.033779382778810735,0.018828954549816094,1.1735127376487642e-22
346,20.78877,-103.47295,2,2,2,0.009813227534388414,0.017442333217616988,1.9321109624516808e-25
347,20.79996,-103.48677,2,2,2,0.005152724793772612,0.015248099292619856,8.264406898532808e-32
348,20.79552,-103.47724666666666,3,3,3,0.008884979109595287,0.016614561954817454,2.8150433041135838e-27
349,20.795679999999997,-103.47912,2,2,2,0.007951745584022117,0.0163598596201735,3.416701083899861e-28
350,20.795785,-103.48118500000001,2,2,2,0.0074881878603505585,0.01611278738204248,4.1311435138307096e-29
351,20.79931,-103.48087,1,1,1,0.003516025569488283,0.015774230430398457,5.060542109012186e-30
352,20.79947,-103.482245,2,2,2,0.006322240766545351,0.015587003431372688,6.403659803889864e-31
353,20.800635,-103.48888500000001,2,2,2,0.0046854282445160204,0.015013625521348849,1.090500249767726e-32
354,20.801345,-103.4915,2,2,2,0.004217905099769427,0.014778890679952276,1.4737905017909098e-33
355,20.801635,-103.49376,2,2,2,0.0037501553595328326,0.014558328782021712,2.041566280087633e-34
356,20.8018,-103.49502000000001,2,2,2,0.0032821790238062353,0.014403258547257318,2.897533447108613e-35
357,20.79771,-103.48244,1,1,1,0.003507301643123206,0.015361005907687868,8.119864440118673e-32
358,20.79607,-103.48255,1,1,1,0.0035066785055257008,0.015156959860535201,1.0508945156741015e-32
359,20.792845,-103.47715,2,2,2,0.009348196940031844,0.016924667395010067,2.3067244912789943e-26
360,20.79712,-103.49930499999999,2,2,2,0.0018768904436864322,0.013817241519833436,9.404414799627956e-38
361,20.800224999999998,-103.496905,2,2,2,0.002813976092589636,0.014183366325285444,4.207086327107384e-36
362,20.798875000000002,-103.49794499999999,2,2,2,0.0023455465658830353,0.01400288788489686,6.2347320124606905e-37
363,20.795375,-103.50063,2,2,2,0.001408007725999827,0.013617561980713094,1.4396827809103285e-38
364,20.752855,-103.436065,2,2,2,0.0,0.02115859892890023,4.1399666374807424e-19
365,20.750054,-103.43059199999998,5,6,6,0.000556150305773619,0.023899031871775334,3.2717065005190654e-16
366,20.744519999999998,-103.42267333333332,3,3,3,0.0018431277156761366,0.022890014125230715,9.288330164227516e-17
367,20.743512000000003,-103.41964399999999,5,7,6,0.022762706597021787,0.02639565703113866,6.873284058098736e-17
368,20.74094,-103.41599166666667,6,6,6,0.023602186238606635,0.02726576612245703,1.3516646827871357e-16
369,20.73942,-103.41365333333333,3,3,3,0.011254374850801031,0.026510431676326017,4.5065093237653344e-17
370,20.730534846153844,-103.41338615384615,13,13,11,0.030036959990374222,0.026743527788570327,4.1770621147464456e-15
371,20.728196666666665,-103.41488333333332,3,3,3,0.0014022012165685262,0.026291867427925875,6.145557196291837e-16
372,20.7185775,-103.41392250000001,4,4,5,0.0015048772979756751,0.02543836186143078,9.590936446259315e-18
373,20.712985,-103.4096,2,3,2,0.0014387114148950958,0.02654935702603616,4.3612358989752035e-18
374,20.70763,-103.41186,1,3,1,0.0015339381695684295,0.025597008417065182,2.8134357448762894e-18
375,20.70488,-103.41394,1,1,1,0.0015333150319709241,0.024846770019424137,3.2022781626008503e-19
376,20.70278,-103.41479,2,2,2,0.0027611226945466736,0.025013909544182308,1.56245573318517e-18
377,20.696299999999997,-103.41569666666668,3,3,3,0.0017416695850277482,0.024394361535046358,2.3269679062610553e-15
378,20.687845,-103.42016000000001,2,2,4,0.002225337658436983,0.023612179498163494,9.679187601185902e-15
379,20.686695,-103.42014499999999,2,4,2,0.005459081896255294,0.025563561781740008,2.8964043362940367e-11
380,20.694015,-103.4153,2,3,2,0.0014432999735676361,0.02432067239250341,2.6830981407620905e-14
381,20.70591,-103.413,1,1,1,0.0016781661989546922,0.024267133655366917,1.3647788858990713e-19
382,20.709564999999998,-103.407815,2,2,4,0.003630173047576782,0.02642343515066562,2.094630433898587e-18
383,20.710766666666668,-103.40742333333334,3,4,4,0.0030600021458592904,0.026903541683741414,1.8381222623998736e-17
384,20.734276666666663,-103.41264666666666,3,5,6,0.004183745829651629,0.02716363381059419,1.115743485133438e-15
385,20.735500000000002,-103.4111675,4,7,6,0.006883121253172761,0.02771851561335322,5.932320638531511e-16
386,20.73873,-103.412385,2,2,2,0.0,0.02771011167937812,1.5747694664984012e-16
387,20.744633333333333,-103.42555333333333,3,3,3,0.003227087995299503,0.025358881138953238,5.5117734723866547e-17
388,20.74747,-103.42607,2,2,2,0.0011871054476841432,0.02469434961713991,9.858678526800388e-18
389,20.75224,-103.43456,1,2,1,0.00019430563267670113,0.023072325271560716,5.504840586558876e-17
390,20.71513,-103.305825,4,6,5,0.0038434277281048992,0.02661271872757203,6.918992656860241e-21
391,20.739295,-103.383415,2,2,3,0.0,0.026036778218908863,1.6249618990073183e-17
392,20.737866,-103.37648933333332,6,7,7,0.018413885952903712,0.02931237466918666,1.2587844033907984e-17
393,20.736435,-103.371155,4,4,4,0.0008891323783315343,0.029478153630291833,3.2395733403371377e-18
394,20.722525,-103.33636000000001,4,4,4,0.0013460999498355352,0.028112727756694017,7.521625533823463e-20
395,20.72258,-103.338955,4,4,4,0.0021411668753799963,0.028920874611246483,8.031393102804008e-21
396,20.721179999999997,-103.33964,4,4,4,0.002580818774856345,0.029631993610259266,4.82920833290045e-21
397,20.71508,-103.34139,2,2,2,0.001792257028170691,0.030413065688164948,1.87955196618939e-20
398,20.722455,-103.33347,4,4,4,0.0008337769884197997,0.027103783167368056,2.356560372737073e-18
399,20.721575,-103.33076499999999,4,4,4,0.0007164288490350224,0.026840273692091576,2.390502322799965e-17
400,20.720554999999997,-103.32892,4,4,4,0.0008425292392211264,0.026828183512993375,1.3483929406708125e-16
401,20.7194,-103.326285,4,4,4,0.001194885226174211,0.027250684676140856,7.498138390723388e-16
402,20.722445,-103.33496,4,4,4,0.0010271290317427424,0.02753865428808955,4.238632399151219e-19
403,20.721942000000002,-103.29431399999999,5,8,9,0.000939691497038227,0.024069023006551876,6.273508721420319e-24
404,20.71991,-103.295974,5,5,6,0.003577653877881573,0.024750466889065455,1.840856305199129e-23
405,20.595157894736843,-103.34042263157895,19,3,3,0.0022292747550757674,0.02796426972415494,1.3597302414026352e-13
406,20.599899999999998,-103.342395,4,4,4,0.004311177468341494,0.02848994467849391,6.068930817185502e-14
407,20.601375,-103.342015,4,4,4,0.004517039471008296,0.028783339846519193,6.552897814338175e-14
408,20.60876470588235,-103.34024588235293,17,10,9,0.03010513690842857,0.03026230871448774,1.60165599174451e-12
409,20.612655363636364,-103.34243418181818,11,12,10,0.03064757818705707,0.030823745416430615,5.5252364196677805e-12
410,20.59776,-103.34268142857145,7,5,5,0.005170059348757763,0.028314665099859294,2.9365694517357383e-13
411,20.60990769230769,-103.34967461538461,13,6,7,0.006087431190030795,0.028708605255635605,8.145717379614215e-13
412,20.611513333333335,-103.34819499999999,6,8,7,0.0011328075033924176,0.028833840129639084,4.643051822522307e-12
413,20.6128,-103.35023000000001,3,6,4,0.0002964435497950954,0.02859952188554935,1.3373738688711377e-12
414,20.614443333333334,-103.35035333333333,6,6,6,0.0007654962140992019,0.02890491910457164,5.121818854981459e-13
415,20.615759999999998,-103.34701,4,4,4,0.00023514946974955873,0.029446767916030646,7.837782185192075e-13
416,20.6167746,-103.34388200000001,5,5,6,0.013952220754764651,0.030259777808369307,4.977559929219342e-12
417,20.6086496,-103.34250279999999,5,3,6,0.010019117861491468,0.030038179289311327,6.165163048728272e-13
418,20.61216,-103.34443,2,3,3,0.0006420016720481207,0.030027734782038417,1.009058451303936e-12
419,20.606968,-103.35217,5,7,5,0.003841728261929884,0.027792079691292555,1.534894813409727e-13
420,20.605024999999998,-103.35195999999999,4,4,4,0.00301771376253767,0.027043969765163108,2.6967758441782063e-14
421,20.603465,-103.351295,4,3,3,0.0023409013583379945,0.026500537627388156,4.668028191080651e-15
422,20.5449,-103.32921,2,2,2,0.0014095372455573405,0.02321901764382753,3.5586453241077206e-11
423,20.54367,-103.32889,2,2,2,0.001408914107959835,0.022800132281726435,5.984459409441049e-12
424,20.54121,-103.32859,2,2,1,0.0014082909703623295,0.022261475072169332,1.0063866189360552e-12
425,20.5642025,-103.34516500000001,4,4,4,0.002764266706970451,0.02403369713725694,1.580477234688175e-11
426,20.564585,-103.34960000000001,4,4,4,0.0022958655047001,0.02481024684560637,7.386338327134273e-12
427,20.564819999999997,-103.352185,4,5,4,0.004995212603784983,0.025432526936309433,4.2602948952083175e-11
428,20.565102,-103.354856,5,6,5,0.023864498842720183,0.026057945335865997,2.449495556955337e-10
429,20.566670000000002,-103.35524,4,4,5,0.023774370486571893,0.026544453247105068,9.357358979212739e-10
430,20.57433,-103.35593,4,5,4,0.024563659227121303,0.028340812887340992,3.1163663285497764e-08
431,20.576427777777777,-103.35451666666667,9,9,13,0.028988842551370048,0.02909229763566183,1.2145743970599072e-07
432,20.578686666666666,-103.35301666666668,3,3,3,0.0011712437633840042,0.0283979039343975,2.0734575144740355e-08
433,20.580406666666665,-103.35178,3,3,3,0.0007752114957330369,0.027699121209989814,3.680082548032967e-09
434,20.581812499999998,-103.35087999999999,4,7,6,0.007176732359342832,0.0274919094872104,2.2978540993971304e-09
435,20.585,-103.34854,4,4,4,0.0035342665064334424,0.02706958831692308,2.1255165790310566e-10
436,20.590791538461538,-103.34459076923076,13,4,4,0.0031488275779400676,0.027453855134195185,1.8668178362163525e-11
437,20.593145,-103.34376,4,4,4,0.003310673406673985,0.02770603954061776,3.1869294096090014e-12
438,20.554581428571428,-103.33166142857144,7,6,8,0.007116061416894801,0.02421296749756123,1.814097568134215e-09
439,20.55702,-103.3321875,4,5,4,0.0026089638230103415,0.024707976665673932,1.068691457493131e-08
440,20.57286,-103.35596666666667,3,3,3,0.003538458522998479,0.027746408082571814,5.3193792580635945e-09
441,20.56378,-103.341485,4,4,5,0.002007097877128822,0.023887138024428118,1.6907684705113509e-10
442,20.564323333333334,-103.34719,3,3,4,0.00330441370626268,0.024296136999396263,2.003473276590004e-12
443,20.57138,-103.30816,2,2,3,0.028172277378711648,0.022729397798592985,1.4832970820672613e-16
444,20.57388,-103.32359999999998,5,4,5,0.02703929992870173,0.02574288015551806,2.4490388475605967e-12
445,20.579909473684214,-103.33169315789475,19,5,7,0.03860473373840298,0.027606695773952035,4.893107384124014e-10
446,20.58442,-103.332162,5,8,6,0.043864949767745284,0.028230532846304075,2.8606834890761544e-09
447,20.589425,-103.33299,4,4,4,0.014403797241902355,0.027997653952461607,4.955245193608291e-10
448,20.59196,-103.33338499999999,4,4,4,0.01431307407259281,0.028396796108125746,8.593192059145355e-11
449,20.59705333333333,-103.334175,6,5,6,0.013189217091055472,0.029049676948747362,3.974345535624619e-12
450,20.59878,-103.33467999999999,3,3,3,0.006506774468715716,0.028945198476136077,6.838504047803814e-13
451,20.60008,-103.335205,4,4,4,0.01313559893323375,0.029187458340884296,1.8200987595711593e-13
452,20.602632142857146,-103.3359307142857,14,8,9,0.01613238093738249,0.029504167309113018,3.8760899668336534e-13
453,20.6054844,-103.33779679999999,25,10,9,0.02292738486938073,0.029842549665474425,6.212837549636069e-13
454,20.564995000000003,-103.29517,4,4,3,0.03858292392249029,0.022549803434568305,2.465251531453868e-17
455,20.59424625,-103.33377999999999,8,7,6,0.015179291981997894,0.028772450754777048,1.5466163564462183e-11
456,20.574591666666667,-103.32544833333334,6,6,4,0.026614999873673013,0.02619233958388371,1.4459358373492953e-11
457,20.57078,-103.3074,2,3,2,0.014006603672365127,0.02379756201350774,2.039241857742705e-14
458,20.567573333333332,-103.30059333333334,3,3,3,0.013481072082178027,0.02296325998619437,2.9251813361180464e-16
459,20.621491875,-103.36313687500001,16,8,7,0.006757587351711662,0.029935174513657414,5.508231343772494e-08
460,20.625411,-103.361761,10,4,4,0.0045290207075421515,0.030396893789937932,9.541323390335491e-09
461,20.626941666666667,-103.35737166666667,6,4,4,0.00453123001356967,0.030135445663202625,2.8664068925077984e-10
462,20.624402857142858,-103.35173642857144,14,3,4,0.004667725471859616,0.03045747267843574,8.740758871934496e-12
463,20.621366000000002,-103.346481875,16,14,9,0.040363228038563376,0.031592815627171845,4.920165494439877e-11
464,20.6260975,-103.35545,4,4,4,0.004581534212350111,0.03032188096655031,4.967541788356358e-11
465,20.628398750000002,-103.3604575,8,6,6,0.007472892664775425,0.030775438935035503,1.6548215545508377e-09
466,20.6071425,-103.34329,4,2,2,0.003900756387075401,0.027466114270745894,1.1475838751344656e-15
467,20.60454,-103.344605,4,4,4,0.004694010548699846,0.027004962835080037,1.2302504450289708e-14
468,20.73184,-103.32342,2,1,2,0.0007653262674817004,0.022935868078016532,1.2623069145195366e-21
469,20.726761666666665,-103.32695666666666,6,4,5,0.00445239744259798,0.025718594439831256,1.0657720813543134e-17
470,20.726950000000002,-103.32473499999999,6,5,4,0.0025307317300871566,0.02538113820908438,1.8801973494519147e-18
471,20.72250666666667,-103.31685,3,2,2,0.0027181885140785474,0.02513042760397741,1.7914295025313858e-22
472,20.734112,-103.31711599999998,5,2,3,0.003944455327322283,0.02181363835108124,1.6739872820817104e-23
473,20.604860000000002,-103.348135,4,4,4,0.0014168732745461546,0.026893064009428334,1.245958484657295e-15
474,20.606489999999997,-103.34621333333332,3,3,3,0.0031578064242313965,0.02812384964897946,9.565591626945716e-16
475,20.609286666666666,-103.34666333333332,3,3,4,0.007031569623560311,0.028977393678723276,9.182305267739702e-15
476,20.611645,-103.345425,4,4,4,0.0012852496192912522,0.029416089039510155,5.806058182303026e-13
477,20.60376666666667,-103.34762333333333,6,4,4,0.002427347537773751,0.026333205125402187,2.240845850720842e-16
478,20.59972625,-103.34969,8,3,3,0.0016693006504083646,0.025254307848233973,4.0941085235945e-16
479,20.577288799999998,-103.361067,5,10,9,0.08013718506389785,0.03035405615879058,9.089455710441422e-07
480,20.57662,-103.35764999999999,4,7,5,0.01196458176533975,0.02944645073118518,2.0391765808595406e-07
481,20.57186,-103.37367,4,4,4,0.0072013179700080475,0.02561482856557179,5.476765289676373e-12
482,20.56917,-103.37397,4,4,4,0.006933652047443204,0.025018783062379923,2.8510002712520896e-11
483,20.506125,-103.3615925,4,7,6,0.0030462931187141703,0.01819145923516766,8.74277075883566e-18
484,20.52594,-103.384345,6,8,8,0.0030160426207989054,0.021021687728391684,6.073480193996421e-13
485,20.5229,-103.386375,4,5,5,0.00023112739980202352,0.020518100525634516,1.6977697403964604e-13
486,20.521105999999996,-103.38715200000001,5,6,7,0.0012914809952663069,0.02035832520770435,9.852702040420429e-14
487,20.518152,-103.38733200000001,5,6,5,0.0003866852036883854,0.019907560288745612,1.592646257705464e-14
488,20.517429999999997,-103.383825,4,5,4,0.00014621073992378007,0.019586938746351392,4.140129311905279e-15
489,20.517045,-103.38090500000001,4,6,4,0.0003463512064680323,0.01926955895562861,7.28346428686263e-16
490,20.51207,-103.37120999999999,4,5,5,0.013345888989434344,0.01909457562754444,7.837053240063354e-18
491,20.509615,-103.363925,4,6,7,0.009030661126709062,0.018672543085694205,4.10121967817406e-17
492,20.504512,-103.36131,5,5,5,9.40371283508233e-06,0.01792750420776628,1.7389318878827928e-18
493,20.503235,-103.36112,4,5,6,0.0004852542418392484,0.017823577095104293,1.0650274157718023e-18
494,20.497425454545454,-103.35976454545454,11,8,10,0.0013810711871258413,0.01748423614463714,3.365447421986503e-19
495,20.494955,-103.35904500000001,4,7,6,0.003418957726458683,0.017218156272428863,1.5224964159760168e-19
496,20.491806,-103.35591200000002,5,4,4,0.000939011710568221,0.016588818158197783,4.530919082714836e-21
497,20.5115,-103.36529599999999,5,8,6,0.007198523292298022,0.018336334607074123,1.1262844184085826e-17
498,20.512045,-103.374055,6,5,6,0.015727180993865192,0.019323760990587625,4.1485878217785524e-17
499,20.512539999999998,-103.37831333333334,3,5,5,0.0012095667256305897,0.018904369735276677,2.4493281253843964e-17
500,20.530122,-103.369748,5,7,6,0.026797220413549608,0.022429619864155478,4.688809205417057e-13
501,20.544885,-103.35809499999999,4,4,4,0.0012754210399124164,0.024843904817515867,7.52069932088057e-11
502,20.5552575,-103.3625825,4,5,5,0.015495071680273158,0.02665007456641959,2.1217345881073287e-09
503,20.558607499999997,-103.3659475,4,4,5,0.05019378068645819,0.027580629153413846,1.1061522686527648e-08
504,20.5750875,-103.36338,4,7,8,0.037876710753462856,0.029975182767091105,7.001563263094008e-07
505,20.50065,-103.36071,4,4,4,1.3369133910117046e-05,0.017491159550491114,2.2271223572830393e-19
506,20.573545000000003,-103.36398249999999,4,6,6,0.02423270707249466,0.029393225389356795,1.8234244252735985e-07
507,20.547215,-103.35701749999998,4,8,6,0.05193854707651597,0.025547271771909474,3.938070676388923e-10
508,20.54096,-103.3609475,4,5,4,0.025657803875032133,0.024229992957365023,4.3174083499691e-11
509,20.524335,-103.35897,4,4,4,0.0014187143629024207,0.020411713414801486,2.080189763449736e-18
510,20.529395,-103.36198,4,4,4,0.005243447963082156,0.021628982633704844,8.28858485736046e-16
511,20.53611,-103.36466999999999,6,5,7,0.0247344555777103,0.023471247383603882,4.629303953162717e-12
512,20.517274999999998,-103.3613,4,4,4,0.0003039778498376613,0.019106082113264197,1.0206774253511918e-18
513,20.519820000000003,-103.35947999999999,4,4,4,0.0005114260209344775,0.0195172292841329,2.371831223574368e-19
514,20.528154999999998,-103.3612875,4,4,4,0.0037010407870749023,0.02125728390177483,1.4040031303555805e-16
515,20.522125,-103.35750999999999,4,4,4,0.0009645037031934441,0.01997987205533437,3.897032182552039e-19
516,20.513023333333333,-103.36466666666666,3,3,3,0.0002847172331874927,0.01857717871239274,4.01405819017141e-19
517,20.512105000000002,-103.3673825,4,5,5,0.007809084840108367,0.018477228522987436,2.7323989556808925e-18
518,20.49903,-103.33972,3,5,4,0.0027806665555593444,0.018367479080277676,1.2084966872464e-16
519,20.506816,-103.340346,5,5,6,0.006728432065331407,0.019062227263020905,6.967954652009661e-16
520,20.51277,-103.341316,5,5,6,0.009676042848149715,0.01971772482966788,3.992946569150913e-15
521,20.5191,-103.34351000000001,4,5,6,0.010107990500965995,0.020502332951408738,2.2878253014665074e-14
522,20.52259,-103.344665,4,6,5,0.007064680889536851,0.021052197672320774,1.3005626048356496e-13
523,20.52938,-103.34688000000001,5,6,6,0.015502521007006973,0.02225953151821299,4.1886893181882735e-12
524,20.53549,-103.34889000000001,4,5,5,0.015365997224280777,0.023228263912304942,1.599816686309733e-11
525,20.546998333333335,-103.35284,6,7,12,0.046671722012048604,0.025326295963237662,3.209358891974689e-10
526,20.499326000000003,-103.35640000000001,5,7,7,0.0007275697939601198,0.01720244348695998,1.0408224503493792e-18
527,20.538695,-103.3499125,4,6,5,0.015817828631344732,0.023888970288102277,8.884978983176899e-11
528,20.499647500000002,-103.35379875000001,8,5,5,0.00024191901001336798,0.01734052190033871,3.7871922998066666e-18
529,20.49911333333333,-103.34345666666667,3,4,5,0.001521078875510817,0.017979574738900807,2.0959537676209545e-17
530,20.71006,-103.45339,1,0,1,0.0,0.0,1.1308881024556818e-104
531,20.707325,-103.45072,2,2,2,0.0007046553250336692,0.022968469188192894,6.012339822804233e-14
532,20.70638,-103.45097,1,1,1,0.0004688260688141046,0.02256655228778845,5.05559612565227e-15
533,20.70306,-103.451585,2,2,2,0.001408121023744828,0.02377861043095234,7.150148662027457e-13
534,20.699906000000002,-103.45213000000001,5,3,3,0.010549209685914858,0.024364035186001356,8.498235250963924e-12
535,20.697941333333333,-103.453335,6,5,5,0.015745695733694103,0.024253433729107494,9.567311042773272e-11
536,20.693323333333336,-103.45266333333335,6,6,7,0.011232310114962089,0.023601436463722515,1.1681572783727052e-11
537,20.69207,-103.45142,1,1,1,0.0,0.023050981397986628,9.833656518415118e-13
538,20.690972,-103.449695,6,6,6,0.005647722641681945,0.02361711147555976,3.4520367565246864e-12
539,20.68963,-103.44828,1,1,1,0.0,0.023047949684496957,2.944518702689125e-13
540,20.68553,-103.44305,1,2,2,0.0,0.023524024725697375,6.053384211735289e-10
541,20.683757333333336,-103.44050833333334,6,7,7,0.007232333227702069,0.024357105559086042,6.257459560086184e-11
542,20.680706666666666,-103.43085,3,4,4,0.004407084009484833,0.02436609819277401,7.920653135405354e-12
543,20.67890866666667,-103.42236066666665,3,3,5,0.006721445371056346,0.02518388776001139,8.101805374242617e-12
544,20.6782592,-103.41869999999999,5,9,8,0.017967804406398558,0.027049372104851425,1.8071720521343238e-10
545,20.67811,-103.402505,2,3,3,0.001268085010923602,0.02790408652152546,1.7668804298935793e-11
546,20.67819,-103.40062,1,1,1,0.0007132659536537447,0.027200394131417022,1.5363080295435502e-12
547,20.67886,-103.39475,3,3,3,0.0017878384161156525,0.029099482078714187,3.1175206243143784e-11
548,20.679524999999998,-103.39128,2,2,2,0.003243204599525894,0.030779154181086118,4.2382896769006943e-10
549,20.679624999999998,-103.3870325,4,4,4,0.007760414017151692,0.03192968269377856,4.832286073644135e-09
550,20.67944,-103.38416214285712,14,9,11,0.02034629795652788,0.03273536962597652,2.730261096303131e-08
551,20.67927,-103.38098,1,2,1,0.00010723631564343885,0.031584813728102894,4.758366730976536e-09
552,20.679319999999997,-103.37731500000001,2,3,2,0.0034519556946902216,0.03301948170156736,7.61327755298518e-10
553,20.6790125,-103.373565,4,5,6,0.008078129218570724,0.0339191087207204,3.6542353120208394e-09
554,20.67927,-103.36936750000001,4,4,3,0.001666836424454593,0.032485884235593954,3.2341645809684286e-10
555,20.679025,-103.36614,2,2,4,0.004142080583927513,0.03342616154101793,2.826665555619798e-11
556,20.67852,-103.36402,1,1,1,0.0021954837026292215,0.0323152806345502,2.4636861312994365e-12
557,20.678435,-103.36193,2,2,3,0.004923098589091852,0.03529406339569751,1.0435614341914437e-11
558,20.67863,-103.3546,1,2,2,0.0023645522626069516,0.03574894421513217,2.34541555876664e-10
559,20.68115,-103.34302,1,3,3,0.0012646860785735722,0.0323959679503981,3.2887523284900877e-13
560,20.679665,-103.346975,2,3,1,0.0007843036397693666,0.03304803121323726,6.530688412711061e-13
561,20.67958,-103.34896,1,1,1,0.0007836805021718611,0.032152676999892084,5.692618152554463e-14
562,20.679119999999998,-103.3501,2,2,2,0.0012001630127955075,0.03158134330828831,5.032187270482947e-15
563,20.67944,-103.35389,1,1,1,0.000434723447568806,0.03035542308546664,4.386747207371824e-16
564,20.67943,-103.35832,1,1,1,0.0004341003099713005,0.029092008680572823,3.824226879917186e-17
565,20.6794,-103.36361,1,2,1,0.002551776786221091,0.034087198719484776,9.095709616041009e-13
566,20.67863,-103.397265,2,4,3,0.0020870011117907717,0.029365882145935385,6.04292614729296e-11
567,20.6786,-103.3994,1,1,1,0.0009292681044981358,0.028518767495668788,5.266492714430519e-12
568,20.679759,-103.4259375,4,6,5,0.010871173552771427,0.025966846130020142,3.1219935489901916e-11
569,20.680464666666666,-103.427956,3,3,4,0.003926333353009375,0.02546203138512321,5.922501564126518e-11
570,20.68164,-103.43421000000001,2,3,2,0.0004597622492140252,0.025046391380923988,7.545021363209783e-12
571,20.681954333333337,-103.43590366666666,6,7,7,0.008504723552935708,0.02499449792184864,2.790277384457451e-11
572,20.68305,-103.43927,1,1,1,0.0,0.024238474075289222,2.4224005206940303e-12
573,20.686694000000003,-103.44424666666669,6,7,7,0.005741221605744014,0.023735330760985628,1.823277604563657e-11
574,20.688620333333333,-103.446745,6,6,6,0.005514116275889526,0.023463460171772497,5.378974189663399e-12
575,20.71129,-103.45031,1,1,0,0.0,0.02223824767992248,5.05559612565227e-15
576,20.652586666666664,-103.23437333333332,9,10,9,0.019698087568053704,0.024009355156045662,1.1200824455179226e-17
577,20.65474,-103.24421,2,2,2,0.015235799232317139,0.025297427594463788,1.456964775348278e-18
578,20.65332,-103.25524,1,1,1,0.005701425772812416,0.023118116065623858,1.865154444344217e-19
579,20.65346,-103.25885,1,1,1,0.005700802635214911,0.022462467956548188,2.3877049733188778e-20
580,20.6512375,-103.227145,4,2,4,0.0018750776797664163,0.022420575432654175,6.335269692351083e-20
581,20.65224333333333,-103.22496333333333,3,4,3,0.0028479087672174334,0.022472664847270712,5.3808081993101395e-19
582,20.65237,-103.22132333333333,3,3,6,0.005410307217032367,0.021838832570826465,1.400624218960382e-19
583,20.657215,-103.26494,2,2,3,0.012584801945911429,0.028314075317582028,1.9271413302971476e-18
584,20.657548,-103.2676925,4,7,6,0.050512864902295986,0.02913661344598594,1.5029712195001334e-17
585,20.659390000000002,-103.272485,4,6,4,0.03274304830528666,0.03095860546462749,3.7487293523299696e-18
586,20.659564375,-103.2752025,8,8,7,0.11654953190470163,0.0319536969207002,3.075567378245889e-18
587,20.65861,-103.27784,1,3,1,0.003712058992776249,0.030747167027191668,4.796763121532627e-19
588,20.65509,-103.27837,1,1,1,0.003710812717581238,0.029132808081476336,7.60516986706628e-21
589,20.65317,-103.28034,1,1,1,0.0008050088026682978,0.02793941145513304,8.602597992505025e-22
590,20.65352,-103.28210666666666,3,3,2,0.001326320051854112,0.028011631435486573,8.192318103817623e-23
591,20.65368,-103.28410500000001,2,1,1,0.0004906358847267955,0.027405483394550234,7.64602858687696e-24
592,20.65406,-103.28692,1,1,1,0.00049001274712929,0.026668073515750238,7.395119341654653e-25
593,20.65441,-103.28897,1,2,1,0.001374981433332038,0.028775068769915983,3.577520552783094e-20
594,20.65521,-103.29368,1,2,4,0.005156237023867642,0.02994392197370776,1.9659418535283006e-19
595,20.65979,-103.29458,1,2,1,0.0017574746204553867,0.0294001095595084,1.7891894768567236e-20
596,20.65998,-103.29603,1,1,1,0.001756851482857881,0.02871794763703907,1.5570953969735268e-21
597,20.66009,-103.29883000000001,4,5,4,0.027588671252732788,0.03345178455427075,5.914815595237353e-18
598,20.661136666666664,-103.30459333333333,3,2,2,0.004764538394962963,0.031588483634679795,4.60836129340733e-18
599,20.66207,-103.308025,2,2,2,0.005058262798878035,0.030499113236699776,3.9628403783391026e-19
600,20.663255,-103.312185,2,2,1,0.005093640019754595,0.029618951854125476,4.058103949408421e-19
601,20.664479999999998,-103.31725999999999,5,5,4,0.043583729658286836,0.03360986334153207,7.056717324952437e-17
602,20.66813,-103.32747,1,1,1,0.0008156021418258906,0.032958220837837775,3.1997090526900456e-16
603,20.6701,-103.33296,1,1,1,0.00047964600346169927,0.0342410632078673,3.0258800500140237e-15
604,20.673135000000002,-103.34270000000001,2,2,3,0.0022781060831711946,0.03374131387732594,8.4543316698984635e-16
605,20.672835,-103.352125,2,4,4,0.004997195314322501,0.036766805640760826,2.4852351380186805e-11
606,20.673180000000002,-103.349625,2,2,4,0.0033042437596451785,0.03587675823639583,2.1756481074217763e-12
607,20.673225,-103.3468,2,2,2,0.003771228740103017,0.03470147057828623,1.0788990836250021e-13
608,20.672045,-103.34230500000001,2,1,4,0.0016472359145694214,0.03248010325759279,8.12155883718039e-16
609,20.6692,-103.33831,1,1,1,0.0005038350720194111,0.030747754935069704,7.048290358909303e-17
610,20.66808,-103.3353,1,2,1,0.001163341245670185,0.03208425820817704,4.011076920807203e-17
611,20.66721,-103.33250666666667,3,4,3,0.006401407565864794,0.03429146403248573,9.081121422924255e-15
612,20.665145000000003,-103.32768999999999,2,4,4,0.0037403267801539965,0.034631602740522925,2.1292782435885356e-14
613,20.66434,-103.32484,3,3,3,0.001993757067654955,0.033910745155720026,2.3492226507530226e-14
614,20.66271,-103.32047,2,2,2,0.0009145393976480068,0.032044034289417,2.2110711332765973e-15
615,20.661732,-103.31822400000001,5,5,5,0.041755528920514574,0.03383758012793368,3.924598409669337e-16
616,20.66117,-103.31594,1,1,2,0.001457688787182762,0.03262900329031082,3.400845478542402e-17
617,20.66057,-103.31414,1,1,2,0.0,0.03168922501754574,2.947601798955124e-18
618,20.660110000000003,-103.312715,2,3,1,0.001456442511987751,0.031455860404290145,3.4586583197880124e-18
619,20.65627,-103.30345,1,1,1,0.0009671662002009674,0.030277242230648132,4.423127080179245e-18
620,20.65539,-103.3011,1,1,1,0.0009665430626034621,0.02934885082088646,3.724156272976955e-19
621,20.65365,-103.29641000000001,2,2,1,0.005584474175535142,0.03148319907742575,2.7693168332067642e-17
622,20.65684,-103.29072,1,1,1,0.0008282065159572509,0.02854819193154959,1.6554227168351946e-20
623,20.65652,-103.28834,1,1,1,0.0008275833783597455,0.02774939351998351,1.3940218073336558e-21
624,20.65618,-103.28568,1,1,1,0.00082696024076224,0.0269449823211089,1.1739606033914288e-22
625,20.65584,-103.28337,1,1,1,0.0008263371031647346,0.026243880361052883,9.886937210422583e-24
626,20.655900000000003,-103.28176500000001,2,2,3,0.00166077499509704,0.027259787717907026,8.478741885240343e-24
627,20.65551,-103.27952,1,2,1,0.002347472627548052,0.02763832149472904,7.908016726982459e-23
628,20.65903,-103.26996,1,1,3,0.019614162263444222,0.029942668379558918,4.6446946659347e-19
629,20.65646,-103.26324,1,1,1,0.001478592221135445,0.027512897458851923,2.4669533443234777e-19
630,20.654090888888888,-103.24779777777778,9,10,11,0.02427848880295381,0.025969307377241638,1.8025571549188114e-19
631,20.54093,-103.335255,2,1,1,0.0,0.02250924861997519,1.9841955058023248e-13
632,20.543825,-103.33529999999999,2,2,2,0.0007045986761611687,0.02315996786873869,2.3597842287059152e-12
633,20.54576,-103.33528,1,1,1,0.0004688260688141046,0.022655618482591944,1.9841955058023248e-13
634,20.547092,-103.33476,5,6,5,0.008746670887385326,0.02380106123721309,2.786627170935847e-11
635,20.550855,-103.3306,2,2,4,3.9994103985350147e-05,0.022896159577534814,6.0507230658710005e-12
636,20.58759,-103.33278,1,1,1,0.0,0.027276554424409807,4.1665505328415253e-11
637,20.55984,-103.33225999999999,2,5,1,0.00919363049141424,0.023734394286218784,6.23250213985887e-10
638,20.56273,-103.33264,1,4,3,0.0053508825497793466,0.0254365997947805,4.921479400388868e-11
639,20.54741,-103.3328,1,2,3,0.002084112019293246,0.023240520310461713,5.697664758095779e-11
640,20.56182,-103.33237,1,1,2,0.009193007353816734,0.02328743147050342,5.240499905060775e-11
641,20.57034,-103.33307,1,1,1,0.005464435214706591,0.02180038693012456,3.7050362338190957e-13
642,20.57417,-103.33279,1,1,1,0.005463812077109086,0.021156048173597286,3.1153141956490756e-14
643,20.57597,-103.33225,1,1,1,0.0054631889395115795,0.020750179445714906,2.619454616166415e-15
644,20.624223333333333,-103.34706666666666,3,2,5,0.0013970461691709811,0.030732403696550243,4.470674155942313e-12
645,20.62552,-103.34488,1,1,1,0.00023509282087705823,0.0297613931379379,3.86647090455441e-13
646,20.62808,-103.34567,1,1,1,0.00023446968327955276,0.02869618274252822,3.3447559146980125e-14
647,20.6281554,-103.348826,5,6,6,0.02652668428144474,0.032104726440828076,1.2222415676959228e-11
648,20.629260000000002,-103.351385,2,2,3,0.0050206196231014555,0.0316110246024359,1.090679325068796e-12
649,20.631954,-103.359016,5,6,5,0.007685618622493537,0.03146573258975444,1.2955712708682467e-11
650,20.633533333333332,-103.36282666666666,3,3,3,0.0066256049202642565,0.03205011613904436,6.4888141088852e-12
651,20.636146666666665,-103.36956333333335,3,3,3,0.012022712950004009,0.03354940883648049,1.3705692721414158e-10
652,20.637715,-103.37381500000001,2,2,3,0.013876264058220237,0.035516417289178544,4.706614708105114e-09
653,20.6385086,-103.376353,5,6,7,0.24273360191696763,0.036405003934757464,5.581671204743262e-08
654,20.64089,-103.37649,1,1,1,0.00023509282087705823,0.03488496568070091,4.695083613148577e-09
655,20.64214,-103.37543,1,1,1,0.00023446968327955276,0.033850224286814126,3.949376347663281e-10
656,20.643590000000003,-103.37627999999998,4,3,2,0.012108923092471012,0.03568840363720195,1.8318867958102996e-09
657,20.648654999999998,-103.38067,2,3,3,0.0072774540546487135,0.03291876746888492,5.454487917465052e-07
658,20.65709,-103.379964,5,8,7,0.009652174789869504,0.03123332039640541,6.392018710752763e-05
659,20.63109,-103.35663,1,2,1,0.0012833802064987358,0.03041678419958029,2.180274863846321e-12
660,20.63022666666667,-103.35380333333335,3,3,3,0.004995637470328737,0.03126078184340398,3.724024802885878e-13
661,20.62565,-103.34779499999999,2,3,2,0.0008806350474564599,0.030989636848396545,2.5043919863326708e-12
662,20.61821,-103.34495,1,1,3,0.00042226069561869685,0.03077351813886358,4.2537196157879795e-12
663,20.733655,-103.3231,2,2,2,0.0008944856967828312,0.023470945110261612,1.4483418504657777e-20
664,20.72733,-103.32045500000001,2,3,2,0.0004936382749693217,0.024664863074273867,1.3880122116101797e-21
665,20.72623,-103.32988,2,3,2,0.007871270195747912,0.02620006839287709,1.176140280644157e-16
666,20.718145,-103.3243825,8,8,7,0.0033847040415533832,0.02787503304929275,4.167889374296923e-15
667,20.71818,-103.32913,1,1,1,0.00019365417064294544,0.02673177146192691,3.63156822076515e-16
668,20.71613,-103.33231,1,1,1,0.00083268177688479,0.027678302862629612,3.475919591947721e-18
669,20.7098125,-103.33455999999998,4,3,3,0.004741646585585513,0.030716879867987445,3.705298953645447e-16
670,20.70783,-103.33493,1,2,1,0.0004148396933211319,0.031015854078240337,3.537537036687318e-17
671,20.70327,-103.33539,1,1,1,0.0004142165557236264,0.029563016368397775,3.0849600300809596e-18
672,20.7004325,-103.336605,4,4,5,0.002781431315338101,0.03119600744500806,3.6366712138387384e-18
673,20.69757,-103.3372,2,3,3,0.0029226286300455873,0.03306686797551395,4.752916129632979e-14
674,20.6854,-103.3495,2,2,2,0.0009948958232899603,0.03283625582487321,8.10361403694167e-16
675,20.68861,-103.35076666666667,3,2,5,0.002114645761571014,0.03362092735168867,9.782509447496111e-15
676,20.69063,-103.34825000000001,2,6,2,0.0033466454407117996,0.035044605968990374,5.727587125975101e-14
677,20.70677,-103.33449,1,2,2,0.0017328701268326712,0.030622048960177586,4.146944378657015e-15
678,20.717346666666668,-103.33214666666667,3,4,3,0.005851955045116483,0.028312498340908033,3.988137881896198e-17
679,20.71714,-103.32788,1,1,1,0.0008729496837538926,0.026925258170680942,3.0297169573281977e-19
680,20.717576,-103.32275,5,5,6,0.00104970360743419,0.028253806218872534,1.5319819672201424e-14
681,20.727235,-103.321865,2,2,2,0.0003116254476252283,0.02467217182089155,1.639733510219243e-19
682,20.609213333333333,-103.28163666666667,3,2,3,0.00023514946974955873,0.026912364195923195,2.843163927822569e-16
683,20.611346666666666,-103.28451,3,4,5,0.0007417603365214941,0.027589239337909004,4.560523313137873e-16
684,20.6135875,-103.28801999999999,4,4,6,0.0029886812153811656,0.027239678573525154,2.972965890125221e-16
685,20.614565,-103.28953249999999,4,3,4,0.002208116401196832,0.026752103116334535,5.00798799983492e-17
686,20.614303333333336,-103.29398333333332,3,4,3,0.0015362607733409499,0.026460420482672897,2.372296896331512e-17
687,20.6144325,-103.2958575,4,4,4,0.0012521100288784622,0.02628009492063234,9.079948301519357e-17
688,20.61449,-103.29711499999999,2,4,4,0.0013743582957345324,0.026124657546014264,5.155264986735633e-16
689,20.61528,-103.2984,4,4,4,0.001599764159414006,0.02642365649893234,2.971012470361368e-15
690,20.6154825,-103.3000025,4,4,4,0.0021285813842061357,0.026697082943822868,1.7130687503205335e-14
691,20.615949999999998,-103.30329499999999,2,2,2,0.0011741045314452793,0.025847636627989442,2.884207936230776e-15
692,20.615573333333334,-103.30639333333333,6,6,6,0.0022293880528207683,0.02797474005979565,1.8199779232530736e-13
693,20.61732363636364,-103.30908,11,10,11,0.007009986403137622,0.028552313282701386,7.103895033111927e-13
694,20.617816666666666,-103.31106666666666,3,4,3,0.0,0.027973273804436892,2.391886608632333e-13
695,20.6184,-103.316135,4,5,4,0.0009366324579232002,0.028245421569586298,1.2994350195512229e-12
696,20.6184225,-103.3181,4,4,5,0.0021348127601811904,0.02862150326031158,7.470988869748246e-12
697,20.618602,-103.31948600000001,5,6,5,0.005670722083917147,0.028475574880487332,5.171358369373986e-12
698,20.66654,-103.348558,5,6,4,0.0033643482133682047,0.034197411237741525,1.1593099228529077e-10
699,20.6728,-103.3481,1,2,1,0.0020771725324119357,0.035092155699132925,1.2424528298279558e-12
700,20.665059999999997,-103.321995,2,1,1,0.001955235834354618,0.03256390952747651,4.216893684360722e-16
701,20.66298,-103.3152,1,1,1,0.0014723891695966407,0.032417459550158546,6.114402222072243e-18
702,20.6623175,-103.31323800000001,2,2,2,0.0020052284643363055,0.032047811693783956,2.886203557902725e-15
703,20.66071,-103.30851,1,1,2,0.0016651652827158285,0.029992598000332216,2.0454783141389396e-17
704,20.65965,-103.30861,1,2,1,0.0010897543602920408,0.030143867391096753,1.755489332579015e-18
705,20.65479,-103.30965,1,1,2,0.0010891312226945352,0.02810301414812019,1.4780473647159389e-19
706,20.64988,-103.31059999999998,3,3,3,0.0015596001088111543,0.026558097805121184,2.492644465296318e-20
707,20.644394000000002,-103.313788,5,7,6,0.00289212321220407,0.03338928670450684,7.282393441302433e-13
708,20.64178,-103.315675,4,7,8,0.004015640300506407,0.03226057409612584,2.4966258271135374e-13
709,20.639467500000002,-103.31657,4,5,7,0.013217938069413222,0.03211815024996827,3.8029131025818064e-13
710,20.61789333333333,-103.31420333333331,3,3,3,0.00020217982595427007,0.028096505774205253,2.317561559979238e-13
711,20.61434,-103.29211,1,2,1,0.0010525926999317154,0.025656906882031316,2.550911710797453e-18
712,20.61032333333333,-103.28317666666668,3,5,3,0.0007045986761611687,0.027422695772103337,1.6885230690595172e-15
713,20.58516,-103.2628,1,1,1,0.0,0.020917052131912372,1.0649234715646593e-19
714,20.58756375,-103.26541750000001,8,3,4,0.0006924191685735621,0.02149339601155028,1.2645786011546566e-18
715,20.593715,-103.26276999999999,2,3,4,0.0024002127278460136,0.02253016796153465,7.455469814835634e-18
716,20.59545,-103.26262,1,1,1,0.000581727271707593,0.02207002240553135,6.278051094728055e-19
717,20.60057,-103.26252,1,1,1,0.0005811041341100875,0.0210894773271255,5.286851120211941e-20
718,20.609345,-103.30679,2,2,2,0.0005226424976895757,0.02664017410270827,1.0502872678150786e-15
719,20.6103,-103.30417333333332,3,5,5,0.0032004347007880195,0.027528467742501915,7.354621104419482e-15
720,20.61112,-103.30177499999999,2,2,2,0.0011323543124124138,0.026761708542135738,6.235686722811377e-16
721,20.609085,-103.296345,2,2,2,0.0007811879517818392,0.025973551246410435,5.304683143221146e-17
722,20.60849,-103.29355,2,2,2,0.0006073325620778172,0.026077839446169232,6.573369372998807e-18
723,20.61554,-103.29088,1,1,1,0.00105196956233421,0.025210030300484965,2.1479375812123645e-19
724,20.609952500000002,-103.275205,4,6,7,0.018594510882871545,0.02638301904828095,1.0342018853674033e-15
725,20.612144999999998,-103.2856775,4,7,7,0.0065397157880747545,0.028056811651056196,1.7155236698094509e-15
726,20.60587,-103.2619,1,3,4,0.01061568713779419,0.02422395023314506,8.832850326959666e-17
727,20.622086666666664,-103.28917333333334,3,7,4,0.012238337441698397,0.030120743847714047,9.108018870906108e-14
728,20.62183,-103.282,1,1,1,0.016024861377376548,0.02991723290556947,7.69147757257594e-15
729,20.620265,-103.281995,2,2,2,0.016067008138516917,0.029400218467696096,7.814328239802575e-16
730,20.6144375,-103.28455749999999,4,6,6,0.01776477484735678,0.028732566514305984,1.8576039832597258e-14
731,20.61002,-103.29198,1,1,1,0.0003179701213452838,0.025828086644706438,2.5030896437813895e-17
732,20.60962,-103.30845500000001,2,2,2,0.0005616169219699169,0.026277504250748797,5.1220512403894885e-15
733,20.61564,-103.30975,1,1,1,0.0002939509994050735,0.024680683124131037,4.3118438884460073e-16
734,20.617712500000003,-103.3126625,4,6,5,0.004101718262270911,0.028249683009175196,1.544041072362419e-13
735,20.628875,-103.31985,2,6,5,0.0017959675293194735,0.0303766955856979,7.300625952173837e-12
736,20.633184,-103.31806199999998,5,9,7,0.01308849539574959,0.030864578201657184,7.605760703747466e-13
737,20.63626,-103.31698,2,3,3,0.0018720469650876396,0.03071395795561819,7.210542771355632e-14
738,20.64158,-103.31705,2,4,2,0.00023056091107701856,0.03125325292264644,7.471542204011471e-14
739,20.64356,-103.31864,2,4,4,0.0046680653650946185,0.03158804157866055,1.2693751708147848e-14
740,20.645715,-103.320235,2,2,3,0.004627278176894262,0.031595667765122605,1.3568184444069402e-15
741,20.647146666666668,-103.32122666666667,3,3,3,0.004837162249508599,0.03213108594086725,3.4230168475381134e-15
742,20.65343625,-103.32632625,8,10,7,0.03970328189200286,0.034594692183581396,1.2525407114666622e-14
743,20.656010000000002,-103.32791999999999,3,3,4,0.005541081139199762,0.03446361205341183,1.0932989655453665e-14
744,20.67215,-103.33903,1,1,1,0.001793729898855704,0.03294142605972386,3.835058936358172e-16
745,20.66272,-103.34595,2,3,2,9.012835614828907e-05,0.03291963956260434,2.0317431715092222e-10
746,20.65518,-103.34492,1,2,1,0.00016909688441398043,0.03195662704522729,1.2119643253003935e-12
747,20.65064,-103.34183,2,3,3,0.0010288568223540077,0.03324081884061923,1.296136073717423e-13
748,20.64132,-103.33596,1,1,1,0.0,0.030502618360796367,1.7908012844719412e-15
749,20.63473,-103.33017,1,3,2,0.00393381100417944,0.028370054261346218,2.250750996614394e-16
750,20.630675,-103.32665,2,3,2,0.004167714198733988,0.027143947720418195,5.566132635335546e-17
751,20.61455,-103.31915,2,2,2,0.0,0.02736001979603418,3.8984464313043245e-12
752,20.6108,-103.31105,1,1,1,0.00021430268466937622,0.026882659112840223,5.979716521580832e-14
753,20.68256,-103.21995000000001,2,1,1,0.0004695058552841105,0.01927206302120917,6.308194038040027e-23
754,20.67639,-103.22965,1,1,1,0.000468882717686605,0.01797063424114683,8.075530503388998e-24
755,20.679985,-103.26027500000001,2,4,3,0.00024840530591467477,0.023428654466693982,5.700295041555546e-22
756,20.69042142857143,-103.26453571428571,7,8,7,0.015322188762880395,0.024510500512291877,1.238026381469975e-22
757,20.692345,-103.2676525,4,5,8,0.010553599973533646,0.024114155593134977,3.454977847649365e-23
758,20.69539,-103.272915,4,5,5,0.009696672479218644,0.023783467345579054,9.182579337385411e-24
759,20.69383,-103.27443,2,3,3,0.002240434582958365,0.024225982427727,1.2075447649322901e-24
760,20.696023333333333,-103.28004666666668,3,4,4,0.0018907694174490537,0.024634524345338835,1.0183372930661637e-25
761,20.6912775,-103.278685,4,5,2,0.0026413103292081247,0.02534489498572363,4.580109799280496e-25
762,20.69,-103.27842,1,2,4,0.0012366448866858268,0.02486574921092485,6.893979936671143e-26
763,20.68528,-103.28155,1,3,1,0.0024777650342991927,0.025146562856754016,7.995984850915576e-26
764,20.68429,-103.28324,1,1,1,0.0024771418967016873,0.024574323055365905,9.511906660660368e-27
765,20.68297,-103.28594,1,1,2,0.002476518759104182,0.023901557879902238,1.1548317573898153e-27
766,20.679295,-103.286305,2,4,3,0.008464436763109104,0.027272536152259896,1.1435762949137379e-23
767,20.67768,-103.28634,1,1,1,0.0008129679692546175,0.026636145038700616,1.4530705620841962e-24
768,20.67238,-103.289,1,2,1,0.001940374946801988,0.025808555383554924,4.2787992196592534e-27
769,20.67234,-103.29119,2,2,3,0.007017133602551435,0.029455740028091416,1.3488725323898768e-22
770,20.672505,-103.29373,2,2,2,0.0034323646262838007,0.028471350452377486,4.922128647098975e-24
771,20.673225000000002,-103.29817,2,2,2,0.0009279085315581238,0.03039891433660816,2.187394529671018e-21
772,20.67424,-103.30158499999999,2,3,3,0.0012568118852960034,0.029489346718684882,4.875764662334778e-22
773,20.67743333333333,-103.31187666666666,3,4,4,0.018860892764326377,0.03154239400854224,1.106481113060341e-20
774,20.67907,-103.32908400000001,5,7,8,0.02717916599490545,0.03437404936673295,5.963142135025804e-13
775,20.6785975,-103.3332225,4,5,4,0.006932575718865694,0.03428607851934944,3.122266977464569e-13
776,20.678379333333336,-103.33972,3,3,4,0.0051422447523600204,0.032206638469263825,1.4852104441939646e-14
777,20.67359,-103.34483,1,3,1,0.0014601530131365336,0.03300847780064189,1.4044816234939046e-15
778,20.6826,-103.327178,5,9,6,0.022647284519302025,0.033340489090416495,1.8990995757456565e-12
779,20.68168,-103.32474,1,1,1,0.0006124026361666115,0.032148467364679786,1.6553196822631622e-13
780,20.681356666666666,-103.32158666666665,3,4,3,0.0029337318090556846,0.03227947648196863,1.4686289528448843e-14
781,20.68061,-103.31924,1,2,2,0.0018064192462958152,0.03115996739302773,2.560410839005367e-15
782,20.68007,-103.31745,1,1,1,0.0008509510382662001,0.03031722176687003,2.231994195683729e-16
783,20.67758,-103.30918,1,2,2,0.001790755833049428,0.030527426794543365,6.401657211400768e-19
784,20.67647,-103.30548,1,2,1,0.0016568945473307561,0.028932012444226236,3.096099850443614e-19
785,20.67469,-103.29977,1,1,1,0.0007350474451301853,0.028072260721517202,9.066580303416736e-22
786,20.6741,-103.29777,1,1,2,0.0007344243075326799,0.027348198665720653,7.869520732851915e-23
787,20.67386,-103.2939,1,2,1,0.0006966678340110993,0.03002947197451459,7.682401551695987e-22
788,20.67391,-103.29248000000001,2,2,3,0.0007914980465769296,0.029371964544245916,6.740394444647893e-23
789,20.673750000000002,-103.29115,3,3,3,0.003495518677643103,0.02909147550470244,2.328571399110226e-23
790,20.67378,-103.28906,1,2,1,0.002444568795013902,0.028300933784937463,4.0331910830535455e-24
791,20.67378,-103.288,1,1,2,0.002443945657416397,0.027732743983962662,3.5077589519697734e-25
792,20.674475,-103.2844575,4,3,4,0.003230968443065787,0.02722801541906679,9.315748221802875e-26
793,20.67919,-103.28298,1,1,1,0.00012173842700356581,0.02585269649232929,1.0695167394965662e-26
794,20.69335,-103.2699,1,2,1,0.005159607631781422,0.02307910373704986,1.180753775813278e-24
795,20.687155,-103.26413,2,2,4,0.0006877739610285214,0.023726168391157418,3.169721909294698e-23
796,20.67603,-103.23267,1,1,1,0.00047012899288161595,0.021019915110935185,4.927641028737354e-22
797,20.66956,-103.22401,1,1,2,0.003201511029365529,0.015755119125774188,8.701787497282561e-28
798,20.67427,-103.23735333333333,3,3,3,0.002243521946509642,0.02135628012548664,1.942317728341699e-21
799,20.675493333333332,-103.23796,3,6,5,0.005970281321699769,0.02170581985966229,3.3974635029633806e-21
800,20.67909,-103.24109,2,2,2,0.00020569205604930083,0.020976590798634856,8.698629904547035e-22
801,20.683065,-103.245195,4,4,4,0.0006766707820184242,0.021415383138001242,2.260625905949744e-22
802,20.68872,-103.26187,2,3,3,0.009209832068949382,0.023898319206870525,4.754582863942047e-23
803,20.68671666666667,-103.25876,3,3,4,0.003877445376041447,0.0232218227509309,1.268154642668091e-23
804,20.68338,-103.25153,2,3,4,0.003272662013226152,0.02217671429260076,1.3079956524751162e-23
805,20.67956,-103.24201,2,2,2,9.199776894080543e-05,0.020734198329362512,5.787949965574364e-23
806,20.68462,-103.24832,2,2,2,0.0027927894142744506,0.021028204262218124,1.5509095648231167e-23
807,20.672163333333334,-103.23633333333333,3,4,6,0.0037917356319481965,0.02100667573836508,1.171705506215927e-20
808,20.668561999999998,-103.234492,5,7,7,0.01834726687884313,0.021098771289918893,3.9709242166487823e-20
809,20.66908,-103.23234,1,3,1,0.00905430258949927,0.02072384535551033,1.1666854587215385e-20
810,20.6649,-103.22041,1,2,1,0.002749226431321569,0.018974428063832465,2.4887428410008225e-23
811,20.65776,-103.21411,1,1,1,0.002748603293724064,0.018083869547472525,3.1860024165335575e-24
812,20.68608,-103.25649,2,2,4,0.0027921662766769452,0.02007447153016193,3.970841460096072e-24
813,20.68838,-103.26098,2,3,2,0.009244246258993434,0.025033863308816524,1.2916135491123998e-22
814,20.69654,-103.27423999999999,2,3,4,0.00761510965918792,0.023607478358990713,1.4549881593117907e-24
815,20.692005,-103.28924,2,6,7,0.008414935090022422,0.026904262452513348,2.6497158214025214e-22
816,20.689235,-103.29022,2,3,2,0.004786631455238157,0.02752738051366855,1.8901080963727085e-21
817,20.68808,-103.29079,1,1,1,0.00020569205604930083,0.026927574386308283,1.639085477340394e-22
818,20.688873333333333,-103.29579000000001,3,8,10,0.017227243137678323,0.02881978644217348,1.5353692900480946e-20
819,20.688745,-103.29943,4,6,6,0.011180108178952881,0.029463849596268625,1.2120061907970732e-19
820,20.68686,-103.29985,1,2,2,0.0035763849431375613,0.02876416575729131,2.1008860553573442e-20
821,20.68464,-103.30066,2,2,3,0.006099639022054652,0.0290887789661471,1.991720206424536e-21
822,20.683365000000002,-103.300895,2,2,3,0.006062732281620579,0.0287360532290537,1.7406251235358826e-22
823,20.68227,-103.30129,1,1,1,0.00019113329581667336,0.028150264418929094,1.5097824872226266e-23
824,20.680066666666665,-103.30178000000001,3,3,3,0.002344300290688024,0.02861169779646446,1.280545527508226e-20
825,20.67932,-103.3031,1,1,1,0.0007399475726014782,0.02784652536394795,1.111231266465427e-21
826,20.67986,-103.30493,1,1,1,0.0007393244350039727,0.02715850350726736,9.64473961399082e-23
827,20.680272666666667,-103.30658333333334,3,3,3,0.0018940550520540824,0.028650656409424696,3.972224532531336e-17
828,20.68097,-103.30863,1,1,1,0.0004797593012067003,0.02792323353276152,3.4629633919017142e-18
829,20.68153,-103.31047,1,1,1,0.00047913616360919484,0.02723183370827545,3.0190921056183015e-19
830,20.682883333333333,-103.31287333333334,3,4,4,0.0017822585021743536,0.030157109465231063,7.10103193784585e-18
831,20.68289,-103.31505,1,1,1,5.200366495545529e-05,0.029351966965816826,6.190855887374422e-19
832,20.68263,-103.31641,1,2,2,0.0009495484008533133,0.029968169041902845,4.5554950296762e-16
833,20.682509999999997,-103.318695,6,4,4,0.003845722007441169,0.030777960584563037,7.18408188204362e-16
834,20.68357,-103.31986,1,1,1,0.00023509282087705823,0.029939691514084647,6.262842716272334e-17
835,20.68394,-103.3222,1,1,1,0.00023446968327955276,0.029060114465087147,5.459922916559394e-18
836,20.68494,-103.32228,1,1,2,0.002406189183894816,0.03135850532968252,2.889864351680743e-14
837,20.684435,-103.315755,2,3,2,0.0010872901343382691,0.030697296045999224,9.109964054402973e-16
838,20.68363,-103.31417,1,1,1,0.0005211979514408131,0.029863185289406596,7.941753297320394e-17
839,20.682570000000002,-103.31097666666666,3,3,3,0.02094223276545859,0.031543045072233086,9.44511924605243e-19
840,20.68197,-103.30864,1,1,1,0.002368262763755734,0.030663212398605613,8.233917157999365e-20
841,20.68141,-103.30677,1,2,2,0.0030595489548792864,0.029922275785234907,3.4701416760598845e-18
842,20.6823725,-103.3059025,4,3,3,0.003513249774735758,0.029928725579979342,3.115327393724199e-19
843,20.684696666666667,-103.30488666666668,3,3,4,0.0010685110331043548,0.029665717763103786,1.0366128945879776e-19
844,20.686486000000002,-103.304742,5,5,5,0.0068571194206950336,0.030349495633897397,2.260237620828135e-20
845,20.690312499999997,-103.30329125,8,12,8,0.030974546037651176,0.030183543380809776,8.603370362307461e-19
846,20.69595,-103.28659999999999,2,2,2,0.005464491863579091,0.025814729366852012,5.298803872916773e-24
847,20.69473,-103.28294,1,1,2,0.002294930798303842,0.024666480271438824,4.0078010829259613e-26
848,20.7155,-103.2948,1,1,1,0.0,0.025451629905723312,1.8051586865205805e-22
849,20.712094285714283,-103.2951357142857,7,8,9,0.00898464335928116,0.02642734902136911,2.0712885909912793e-21
850,20.71049,-103.29487,1,1,1,4.135367692536205e-06,0.025885488256274913,1.8051586865205805e-22
851,20.70909,-103.28911,1,1,1,0.0014099337876648439,0.024257690124952734,4.549633426686833e-24
852,20.7079,-103.28855,1,1,1,0.0014093106500673385,0.02378234086118335,3.9682888042747776e-25
853,20.7066,-103.28795,1,1,1,0.001408687512469833,0.023325263263828652,3.462633216059903e-26
854,20.70512,-103.28953,1,1,1,0.0014080643748723275,0.02272743046870847,3.0229922977603247e-27
855,20.7046,-103.29089,1,1,1,0.0014074412372748221,0.022301250345449625,2.640970865229638e-28
856,20.70383,-103.28942,1,1,1,0.0014068180996773165,0.021866525674705005,2.3092918231877788e-29
857,20.70372,-103.28723,1,1,1,0.0014061949620798112,0.021417416979115096,2.021658239348838e-30
858,20.701763333333332,-103.28579666666667,3,3,3,0.003061276745490551,0.024713630287808177,6.786295299892792e-25
859,20.697985,-103.28708499999999,2,3,4,0.004466140459066601,0.02570845779406676,1.0661069993715167e-23
860,20.695877499999998,-103.28790749999999,4,5,6,0.008587317609041432,0.026245131725062647,6.088645937880917e-23
861,20.698576666666668,-103.29374666666666,3,3,3,0.0010380905885715884,0.026957759891637532,2.5418974525873226e-23
862,20.696835,-103.294355,2,4,4,0.0003941628548584509,0.026435799441601304,2.077917032868012e-23
863,20.692886666666666,-103.29434666666667,3,3,6,0.0009787225701910686,0.027332789069756884,1.0885566136002207e-21
864,20.686072499999998,-103.29455999999999,4,7,7,0.009732351827415206,0.02860186247410396,3.070770770544016e-21
865,20.6841025,-103.29477250000001,4,7,6,0.0111024048088397,0.029040014694555333,8.443665452431455e-22
866,20.682425,-103.29655,2,2,4,0.001001948607916272,0.02806509748553026,1.7787562973804223e-22
867,20.6827,-103.29801,1,1,1,0.00047961767902544904,0.02744238743263701,1.5440868958673533e-23
868,20.68439,-103.30351,1,1,1,0.0013341659206954305,0.027833168673791472,1.5097824872226266e-23
869,20.68548,-103.30715,1,1,1,0.001333542783097925,0.026850789382159602,1.3098136632653807e-24
870,20.68063,-103.31146,2,3,3,0.037713008730006686,0.031997659510902624,6.130316257770249e-20
871,20.67902,-103.31732,2,2,2,0.0005142584645595023,0.030434479318365775,1.2770468181634206e-19
872,20.67959,-103.31921,1,2,2,0.0005136353269619969,0.029601159258759443,2.2268357670911567e-20
873,20.68151,-103.33798,3,3,3,0.0017464280903177899,0.03261949920152642,3.15304233690516e-14
874,20.678348,-103.34867333333334,3,5,7,0.007697930310783645,0.03434691308449185,2.0449045660922727e-11
875,20.679288,-103.32653599999999,5,6,6,0.006716800163511305,0.03385281853134534,5.291185299279797e-14
876,20.6798,-103.32533,1,1,2,0.0003878181811383953,0.032949971341521805,4.611917913035019e-15
877,20.67992,-103.32244,1,1,2,0.00010536690285092248,0.03178487362154261,4.020011950205824e-16
878,20.6796,-103.31224,1,2,1,0.02354414380384262,0.03155001839593672,6.401657211400768e-19
879,20.683735,-103.310755,2,3,2,0.021344921275628367,0.03143167682196058,7.03792298926403e-19
880,20.686446666666665,-103.30919999999999,6,6,6,0.034208199637273486,0.03148563658536851,1.8114354830226385e-19
881,20.686335,-103.30668,2,2,1,0.005589827493986439,0.03079928599722814,3.1582641621233115e-20
882,20.685209999999998,-103.30301,2,1,1,0.002822246827974709,0.029534278654597516,1.9630020403634393e-21
883,20.6837,-103.29798,1,1,1,0.0002987095046951152,0.028164094901122462,1.7272163468052695e-22
884,20.68865166666667,-103.29420166666665,6,8,8,0.007947440269712079,0.028255655728256675,6.181487363821618e-21
885,20.694695,-103.29435000000001,2,3,2,0.0005728333987250152,0.026776230155648846,1.906259204444231e-22
886,20.69952,-103.28639,2,4,2,0.0035715414645387687,0.025249899267843056,1.0024681163979152e-24
887,20.71416,-103.29544,1,1,0,0.0,0.02580707191624488,1.8051586865205805e-22
888,20.524470401733335,-103.44961546583,3,3,3,0.000469562504156611,0.016009580577649174,1.3747881852134534e-11
889,20.520989999999998,-103.45160000000001,4,4,4,0.001408007725999827,0.016403537819508266,1.486857062733345e-10
890,20.522234,-103.463022,5,5,5,0.0028151657189121465,0.01717686995291115,5.027300572036822e-09
891,20.522750000000002,-103.466725,4,4,4,0.0035156856762532797,0.01756758640215598,5.542011645301162e-09
892,20.522933660166668,-103.468545046785,6,6,6,0.0028089343429370923,0.017693044364968893,9.556553499630253e-09
893,20.52421,-103.4688,3,4,3,0.0028067816857820734,0.017443286642770693,3.2142284492767707e-09
894,20.526539999999997,-103.46901000000001,4,4,5,0.0028150524211671456,0.018111917363335384,5.090364214409471e-08
895,20.529925000000002,-103.46907499999999,6,6,6,0.007253264986091002,0.01853447849005984,5.485562760176086e-07
896,20.533990000000003,-103.46977499999998,6,6,6,0.008186555160536672,0.019115870564798902,3.080196671077374e-06
897,20.534479274833334,-103.47168046016999,3,3,3,1.0196797050089272e-06,0.018759319302469196,5.277322439654421e-07
898,20.537224000000002,-103.472172,5,5,5,0.004904036243495434,0.0190893918616828,4.250907279658429e-07
899,20.539888,-103.46920799999998,5,5,5,0.005369066837852006,0.01962799079900519,6.658792690781813e-07
900,20.541359999999997,-103.46774999999998,5,5,6,0.006187416449994171,0.020001624232830036,3.321972227806362e-06
901,20.545234999999998,-103.46245,4,5,4,0.005459081896255294,0.02054516460350321,3.2690446048806384e-05
902,20.547555000000003,-103.46038999999999,4,4,4,0.005682391751652249,0.02075264551712689,6.439891203407989e-06
903,20.555253333333333,-103.45409333333333,9,7,9,0.010885949467015306,0.02208899456804096,2.7727195585858108e-05
904,20.56055,-103.44920833333333,6,6,6,0.009614531614092925,0.022337273644080335,9.094302751114637e-07
905,20.5617,-103.44788,1,1,1,0.009444415049973936,0.021851866836475744,7.646832149413039e-08
906,20.565616666666667,-103.44428333333333,9,7,7,0.013340158011833043,0.023145753664134808,3.6263269797041944e-08
907,20.60426,-103.4018,3,5,3,0.023702568040677514,0.030808129195474647,4.5474995705447325e-05
908,20.604375,-103.39859,2,5,5,0.0002297678268620116,0.030785435564098143,0.0001869232174397799
909,20.601198333333333,-103.40377000000001,6,7,6,0.016100006106748454,0.03215569836566557,9.466514978549522e-05
910,20.59823,-103.4052,1,2,1,0.006784807134948151,0.031517818837227124,7.216092105327704e-05
911,20.597127607959997,-103.40609352445999,5,6,6,0.006841512656321147,0.03090324842805356,5.0193676887129896e-05
912,20.5501,-103.45803,2,2,2,0.0006183790922154139,0.021206264648313253,5.604026926138996e-06
913,20.5437555222,-103.46550863594499,4,4,4,0.005684544408807268,0.020468772235207038,3.4343174055320876e-05
914,20.535163153866666,-103.47333914327665,3,3,3,3.2289857325282697e-06,0.01872802325771383,1.1586063026996922e-07
915,20.52092,-103.455175,4,4,4,0.0018768904436864322,0.016760081350241835,8.704398307032253e-10
916,20.48095,-103.39803,1,0,1,0.0,0.0,1.1308881024556818e-104
917,20.48239,-103.39765,1,1,1,0.00023463962989705425,0.0002855782960495002,1.0630348163083404e-102
918,20.48341,-103.39738,1,1,1,0.00046916596204910754,0.0004138815884775366,4.944242783936239e-101
919,20.48393,-103.39868000000001,2,2,2,0.0011735380427202744,0.016071051245223827,1.736192224579866e-12
920,20.48436,-103.400245,2,2,4,0.0016438936310918923,0.01629602057978723,2.0648147075571483e-11
921,20.48484,-103.40232499999999,2,2,2,0.000939464901548225,0.016545652109793637,2.438282283984052e-10
922,20.4877225,-103.40394749999999,4,7,10,0.014800226051660825,0.01700990300200909,2.8791599009881133e-09
923,20.490643333333335,-103.40247333333333,3,2,3,0.0009169186502930276,0.016690098659370163,2.8692155203370223e-10
924,20.4924975,-103.4019275,4,5,3,0.001319352240536551,0.016592714757059385,5.331486537163651e-10
925,20.49344,-103.405865,2,4,3,0.001978065329972318,0.01675222671964936,5.008357640534649e-11
926,20.493405,-103.40895499999999,2,3,3,0.0014945105543080844,0.01684627767207544,4.94256141063255e-11
927,20.49319,-103.41157,1,1,1,0.0,0.01653624648094255,4.155938025871216e-12
928,20.49313666666667,-103.41414666666667,3,4,4,0.0031480911425975614,0.0170872272295258,4.576741210339153e-12
929,20.493283333333334,-103.41649666666666,3,4,3,0.011021406362642741,0.01720349115625119,7.816069241158293e-13
930,20.514315,-103.41153,2,4,4,0.011057208450063055,0.019332982311215694,1.0737670452628292e-12
931,20.528235000000002,-103.40729,2,3,3,0.018330782056945487,0.02076938442484042,9.992996334210379e-13
932,20.530515,-103.406545,2,3,2,0.004576039271717563,0.02114429753969962,9.42696919345762e-14
933,20.534195,-103.405405,2,3,2,0.014353917909665668,0.02145252283323436,9.42696919345762e-14
934,20.54499,-103.40187,2,2,3,0.006081256462928241,0.02286745231995262,2.1289659758816006e-13
935,20.55828,-103.39468500000001,2,3,2,0.022335347502878043,0.024911755273220072,2.978490027947487e-11
936,20.562975,-103.392285,2,2,3,0.022022475780057806,0.025618461193619387,3.25699772505514e-10
937,20.56981,-103.39119,1,1,1,0.013481921815265533,0.02428626094307491,2.738598039994105e-11
938,20.57982,-103.387235,2,2,2,0.006139888045966255,0.029080891709816654,5.436378643162118e-07
939,20.58839,-103.38369,2,5,2,0.05474019259785799,0.02926199884437324,1.8732180737539111e-06
940,20.591142400000003,-103.38626400000001,5,6,8,0.12326870187937922,0.032431026516060196,6.988030971950589e-05
941,20.598005,-103.39199500000001,4,6,4,0.0018202415711859362,0.03142966119435394,0.0001529234644787156
942,20.600645,-103.39477,4,5,6,0.0006501307852519419,0.031970272064591146,0.00022002894063569736
943,20.593813333333333,-103.38910333333332,3,2,3,0.001559345188884902,0.029908032030970467,2.5716726741617205e-05
944,20.538165,-103.404145,2,3,5,0.020359094936825743,0.02202006651180972,2.7550690696790682e-14
945,20.50162,-103.41519,1,1,1,0.003921065007866828,0.018108352818272222,1.461529186424855e-14
946,20.498835,-103.416335,2,2,3,0.01318794249142421,0.017853702248639223,6.695063510328274e-14
947,20.48195,-103.39934,1,1,1,0.0002352061186220592,0.015825567088147377,1.4598755245298532e-13
948,20.48065,-103.39968,1,1,0,0.0,0.015632840599307547,1.2275393050634648e-14
949,20.47269607365,-103.45021067753001,2,3,2,0.00914346791481505,0.016024188668805287,7.88216593681577e-13
950,20.47221,-103.4472,1,1,2,0.001702468565257405,0.015725041189387917,1.1239439414394988e-14
951,20.47205,-103.44602,2,3,3,0.008549929353191104,0.01566380835494748,4.437829859221824e-14
952,20.47189,-103.44482,1,1,2,0.005205861436178077,0.015480262056212255,3.731767032833331e-15
953,20.47102,-103.43876,1,1,1,0.001030499639656522,0.015201956199975969,3.938157067459009e-13
954,20.465685,-103.426715,2,2,2,0.002411769097836115,0.014981077338391133,3.3515340050366695e-12
955,20.465874999999997,-103.423485,2,2,2,0.002050037722484198,0.015154013566424441,3.9465234339586744e-11
956,20.4677,-103.41808499999999,2,2,3,0.002365401995694459,0.015423571687712877,4.660009928898678e-10
957,20.485570000000003,-103.40483,2,5,3,0.0033016095870739056,0.01672593434793225,9.84823892401831e-10
958,20.47591,-103.40682000000001,2,3,2,0.0007031258054761558,0.0161668399602488,3.0542169287870815e-09
959,20.47171,-103.408375,2,3,5,0.0062751372290611885,0.01585432228346917,3.245936471707421e-08
960,20.468893333333334,-103.41515,3,4,2,0.0027659095242729653,0.015609627596383863,5.502607319254828e-09
961,20.47128,-103.43681,1,1,1,0.0016624461368358046,0.014339940354701491,2.818133791675645e-13
962,20.47274,-103.4402,1,1,1,0.0016618229992382992,0.014078128194703466,2.3696332491339144e-14
963,20.473213333333334,-103.44419,3,3,3,0.0027014714318036514,0.015202808180978128,2.0237246476453406e-13
964,20.47338,-103.44539,2,3,2,0.0027008482942061456,0.015037474296975922,5.105088631978092e-14
965,20.47356,-103.44666,2,2,2,0.0027002251566086402,0.014864503285006495,8.585546203309213e-15
966,20.47371,-103.44779,2,2,2,0.002699602019011135,0.014702758649259549,1.4439009538628453e-15
967,20.47385,-103.44878,2,2,2,0.0026989788814136295,0.014548066857162463,2.4283576958305446e-16
968,20.47405611223333,-103.45013798059,3,4,4,0.003135571741774952,0.01614837588646132,1.7244572980108418e-12
969,20.47497555555556,-103.4518811111111,9,8,7,0.016159204178511473,0.016485965288304132,6.096493492202086e-11
970,20.47304,-103.45226,1,2,2,0.00877672311424684,0.01623628995915944,5.924335527137148e-12
971,20.517445000000002,-103.415015,2,2,2,0.002524868571783355,0.018799327563783993,9.800545988961505e-14
972,20.519975,-103.41945,2,3,2,0.002413723483937382,0.01847857739566953,9.178059971723432e-14
973,20.522154999999998,-103.42305999999999,2,3,2,0.0021797164331165838,0.01870192928844817,9.153727182943375e-13
974,20.525955000000003,-103.42454000000001,2,4,4,0.006661831874228323,0.019027945547873865,7.81394212622852e-14
975,20.52805,-103.42412999999999,2,2,4,0.0036517940339144714,0.01906348269776685,6.626820426085094e-15
976,20.52979,-103.42391,1,4,3,0.006371865178855785,0.019307971729658664,6.709508976172206e-16
977,20.533873333333332,-103.42396333333333,3,2,4,0.01092065634290061,0.019703669467294103,6.682583811081657e-17
978,20.537444999999998,-103.42272,2,3,2,0.01144386532931519,0.020124731553899534,1.754721255939363e-16
979,20.54184,-103.421325,2,2,2,0.011974042127047332,0.020594514002440268,2.014439940224586e-15
980,20.552475,-103.41920999999999,2,2,2,0.012514472370702063,0.021833795659901508,2.828411493074818e-13
981,20.55885,-103.41688500000001,2,2,2,0.013067705259541908,0.022597785370840843,3.361804160958753e-12
982,20.56357,-103.41337,1,1,1,0.006212625198256891,0.021696605325165933,2.826717688248667e-13
983,20.566125,-103.41071,2,2,2,0.013635157015379375,0.02373871321801674,3.969893872560067e-11
984,20.57391,-103.405355,2,2,2,0.014012098612997676,0.025014415630206226,4.718546943936901e-10
985,20.57948,-103.40301500000001,2,2,2,0.014431696811608849,0.026107010431083835,5.572041118365652e-09
986,20.582255,-103.402335,2,2,2,0.014859679043350095,0.026810864765860018,6.579607241726485e-08
987,20.586910000000003,-103.40048999999999,2,3,2,0.015740115819752803,0.027965140628352467,7.76936108663038e-07
988,20.59304,-103.39891,1,1,1,0.007681077271214747,0.02651484283300458,6.532755574481565e-08
989,20.597395,-103.4002,2,3,3,0.01661579409086547,0.030543457332315192,2.7277156075665314e-05
990,20.600258571428572,-103.40089142857141,7,5,7,0.017057315403134335,0.0314925926084732,0.00016216984352150174
991,20.60735,-103.40414,3,4,5,0.05972397157087663,0.032939392962048335,0.001072050909718266
992,20.594665,-103.399205,2,2,2,0.008489909872776829,0.029554752720807195,4.58712405658471e-06
993,20.54586,-103.42083,1,1,1,0.006463239810199086,0.020887863322424715,2.378221646762168e-14
994,20.531355,-103.42455000000001,2,3,3,0.008527354777499656,0.01938456668776596,6.192605973280786e-16
995,20.51527,-103.41120000000001,2,3,4,0.007128864062079913,0.01958557600423822,9.933521265030884e-13
996,20.50678,-103.41388,1,2,1,0.003921688145464335,0.018684270018741535,1.738143092565759e-13
997,20.49284,-103.404455,4,3,3,0.002052671895055471,0.01651471104104241,8.482933034069653e-12
998,20.47235,-103.44832,2,3,2,0.009735533605753985,0.015914628928647975,1.3365007532331517e-13
999,20.47141624214,-103.44156425894201,5,8,6,0.006905440908937957,0.015467212790019978,4.683480366856959e-12
1000,20.60798,-103.32822,2,4,2,0.020671286873175976,0.027688413659333708,7.122617599984977e-12
1001,20.59696,-103.32476,2,2,5,0.020670663735578472,0.025899652255693004,1.1990332290301021e-12
1002,20.5877572,-103.32662599999999,5,6,7,0.07681391672457125,0.029072469379246554,8.643217921656561e-09
1003,20.58576,-103.33096,1,1,1,0.0,0.02780466481195371,7.26758196382014e-10
1004,20.54678,-103.33907,2,3,3,0.0072625554011810835,0.023889993230967015,8.84793875415366e-13
1005,20.529252500000002,-103.3766575,4,5,5,0.0008674641846000946,0.02206098470368018,3.383582311357561e-13
1006,20.526159999999997,-103.38607,2,4,3,0.0005795746145525741,0.020684167605362045,4.812509479975469e-13
1007,20.52477,-103.38784,1,2,1,0.009588539223093946,0.020722005676416716,1.5909626203522942e-13
1008,20.52226,-103.390455,2,2,4,0.016356946509453206,0.020316600414330126,3.493516718772369e-12
1009,20.515335,-103.391895,2,3,4,0.015742192945077824,0.019602531775401107,4.138851622066789e-11
1010,20.50795,-103.39363,2,3,3,0.0006971776738636038,0.01886752140947953,4.225517295886245e-12
1011,20.50971,-103.40152,2,6,7,0.009862351548325096,0.018953718497754842,1.0716366778066703e-11
1012,20.508123333333334,-103.39858666666667,3,3,3,0.0045939119909914694,0.018640583748395046,4.199584906542212e-11
1013,20.50763,-103.39485,1,2,2,0.00037031367953574207,0.018304520672311437,4.432291612074519e-12
1014,20.532045000000004,-103.367175,8,7,5,0.00685442859925126,0.022870347442709712,1.2952397800627974e-12
1015,20.542437500000002,-103.3597575,4,6,5,0.0008640086033775644,0.02420180188241935,5.3409635213050954e-11
1016,20.54656,-103.34183,2,2,2,0.0024702307342566268,0.023849677763629656,5.155521873671131e-13
1017,20.546975,-103.33693,2,3,2,0.0023857955897946376,0.023807208088332817,4.760597253477503e-12
1018,20.58962,-103.32285,1,1,2,0.0,0.027949212298500836,7.26758196382014e-10
1019,20.59297,-103.322642,5,7,5,0.05669699571768513,0.028142639621028625,8.773565061137118e-10
1020,20.60594,-103.315635,2,5,3,0.059873977785257944,0.027589137246048785,2.2498526305324234e-10
1021,20.60929,-103.31521,1,1,1,0.0,0.02623555497069539,1.893571473230825e-11
1022,20.62494,-103.30511,1,2,1,0.0,0.027041345191488805,3.4744841880935424e-12
1023,20.62769,-103.29059,2,3,5,0.012662297603492108,0.029993570575604474,1.5963007447688093e-13
1024,20.618246666666668,-103.28232666666668,3,3,3,0.015692955633396143,0.028769244503582838,1.5906459796178743e-15
1025,20.617104000000005,-103.273308,5,4,6,0.008489371708488075,0.026191221501641944,8.713078844770724e-17
1026,20.616813333333333,-103.27631666666667,3,4,3,0.0023502767467368266,0.02691992590669269,5.171012525055644e-16
1027,20.61659666666667,-103.28011,3,3,3,0.002751464061785339,0.027782793422456854,2.9838791968011446e-15
1028,20.62397,-103.31429,2,4,5,0.009069881029436906,0.028775876479997263,1.658832303461829e-13
1029,20.469537693600003,-103.44046691300703,10,8,6,0.008204852746354333,0.015356722092990093,2.7034157698836853e-11
1030,20.4682,-103.43882333333333,6,5,6,0.0049513380520333486,0.015152007082765089,7.686367327924523e-11
1031,20.467325,-103.43775500000001,4,4,4,0.002939340047433234,0.014974415839895392,8.64119160380305e-11
1032,20.60935,-103.41240999999998,3,3,3,0.05939512486601125,0.03162498575900222,0.006713326770864474
1033,20.608204999999998,-103.4072725,4,5,5,0.05959600176789801,0.03212874885998045,0.0039954214818778465
1034,20.5868435,-103.38291,2,4,3,0.0006082389440378251,0.03126694745790449,1.2362150091277968e-05
1035,20.466540000000002,-103.43662499999999,4,5,4,0.0024766887057216832,0.014798170756504303,4.3697355082212384e-10
1036,20.583125,-103.377285,2,2,3,0.00027248107672738555,0.02975470578941604,1.6490393192861568e-06
1037,20.579390999999998,-103.369294,5,7,7,0.0964475001098044,0.03136779659415016,7.249744479602881e-06
1038,20.57834,-103.36592,2,2,2,0.00016581124980895166,0.030140266997236854,1.219169636410599e-06
1039,20.5687125,-103.3651025,4,4,5,0.016280281702002537,0.028333254195383486,3.340899462498189e-08
1040,20.5646275,-103.365945,4,4,4,0.016095153186670916,0.027469935228457996,1.6323008844674913e-08
1041,20.5617075,-103.3665525,4,6,4,0.05079924383574349,0.02838167866100702,6.365523641188001e-08
1042,20.46564,-103.43516499999998,4,4,5,0.003559248659206161,0.014614343776758923,6.872274596366057e-10
1043,20.527313999999997,-103.346046,5,6,5,0.013772209520915573,0.02179170763427212,7.333763432187883e-13
1044,20.464675,-103.43404,4,5,5,0.003101639067147155,0.014422123260727414,3.6495525192360587e-09
1045,20.50708,-103.345535,2,3,2,0.0026238813594354716,0.018495931844314917,5.942913613887067e-17
1046,20.507086,-103.34821199999999,5,3,2,0.001956161099272126,0.018180928310888418,5.068658610709375e-18
1047,20.505483333333334,-103.34926999999999,3,2,3,0.001575197431706291,0.01798046691274273,4.26439560728654e-19
1048,20.502555,-103.349585,2,2,2,0.0009875031454286455,0.017685552161836704,3.6113042299463267e-20
1049,20.50236,-103.35104999999999,2,2,2,0.0003868929162208872,0.01747581984790101,3.058091269482299e-21
1050,20.50437,-103.35245499999999,2,2,2,0.0006805040223909579,0.017228999301518638,2.5738354164622903e-22
1051,20.506565000000002,-103.35672,2,3,2,0.0027766256026543097,0.01742792829344153,5.0907718031366435e-21
1052,20.505105,-103.35582500000001,2,2,2,0.0007104901589012203,0.017159574703281895,1.054213143046862e-21
1053,20.498325,-103.362545,2,3,2,0.0007690650930667331,0.017676852082557783,5.700688862970428e-20
1054,20.500149999999998,-103.363905,2,2,2,0.000993394628168697,0.017845655297441167,4.900758697220283e-21
1055,20.501330000000003,-103.3648,2,3,2,0.0014480018299851771,0.017948714654387018,1.2785374794836477e-21
1056,20.503116666666667,-103.36597333333334,3,3,3,0.002366449999835718,0.01810200702983189,5.152289525671358e-21
1057,20.504705,-103.36732,2,2,2,0.0028071782278895766,0.018283708691550844,8.366046516513239e-22
1058,20.506585,-103.368955,2,2,2,0.003262635162793564,0.01848041645396624,4.797025262295595e-21
1059,20.462725,-103.42961499999998,4,4,5,0.00234951198695807,0.014107390661285104,3.0532371961682305e-08
1060,20.50707,-103.371095,2,2,2,0.0037197349150000663,0.01866655909402567,5.621205820675524e-20
1061,20.50995,-103.37107,2,2,2,0.0041804601950466,0.018913000221956005,6.637096607606881e-19
1062,20.514905,-103.3786,4,5,5,0.000993394628168697,0.01930704143594779,8.341228964532795e-17
1063,20.46054623848,-103.42598239597001,5,8,7,0.00372704261955263,0.0139412946729742,3.219796716049672e-07
1064,20.52703,-103.37804666666666,3,3,3,0.011270633077208674,0.021383596621050105,5.73976180917347e-14
1065,20.528515,-103.378005,2,4,3,0.0016309210392892787,0.021640996589630007,1.5235052175874977e-13
1066,20.49911,-103.39653,1,2,1,0.006780076954094359,0.018129491305598017,3.835441514679942e-12
1067,20.45892,-103.42346500000001,6,7,8,0.0028073481745070784,0.013836863232422034,1.861659535257271e-06
1068,20.46904,-103.40486,1,2,1,0.003227739457333259,0.015591466105175639,2.812124892613256e-09
1069,20.46716,-103.40143,1,1,1,0.0032271163197357534,0.015270838612867467,2.364554196851097e-10
1070,20.4646,-103.40236,1,1,1,0.0032264931821382476,0.015001011467785997,1.988221750069792e-11
1071,20.462207999500002,-103.40333,2,2,2,0.003462492384975314,0.014787086346818258,2.0687537907174592e-11
1072,20.454070051766667,-103.40857062540665,3,4,4,0.0061648701987389734,0.01428779471430241,3.77478205844284e-07
1073,20.455645842277775,-103.41393927424112,9,6,4,0.003953694758427114,0.014085540681883505,4.082320827957604e-06
1074,20.458235000000002,-103.42161499999999,6,7,8,0.0008227682241972033,0.013749712722298245,6.950861686889521e-06
1075,20.456657122099998,-103.41626489323,3,3,3,0.0012949932253613376,0.01396182830448019,2.3068283654443365e-06
1076,20.457279999999997,-103.419,8,10,9,0.0033145255300040186,0.013835479784039463,1.9270226757221114e-05
1077,20.463775,-103.432275,4,4,4,0.001793616601110703,0.014263104435057409,5.74832567064353e-09
1078,20.47285,-103.44220999999999,4,5,6,0.00892633278652065,0.015411797406886784,8.022374469388396e-13
1079,20.524345,-103.37747999999999,2,2,3,0.01113767817345001,0.020879133366497396,5.272597090378755e-15
1080,20.518685,-103.37806499999999,2,3,2,0.0007222731243813234,0.01996523647544409,4.644181573460455e-16
1081,20.50124,-103.35632,1,1,1,2.928746708275641e-05,0.016942007754370894,8.751419865635382e-20
1082,20.503475,-103.35586,2,2,2,0.00026613640300733,0.01689835480593598,7.446967281637057e-21
1083,20.50804,-103.357615,2,1,3,0.0023081394270752075,0.017165624137350118,4.280630143438284e-22
1084,20.50772,-103.35477,1,1,1,0.0003495235433280601,0.016829678273155423,3.599437981454424e-23
1085,20.50673,-103.35402,1,1,1,0.0003489004057305546,0.016603756664366195,3.026671198200683e-24
1086,20.50362,-103.34908,1,1,1,0.0004626135757965502,0.017451377018417095,3.0364501407493788e-21
1087,20.580855,-103.36196,2,3,3,0.0,0.028286321449820885,2.1172646378347306e-07
1088,20.60822,-103.40478,3,5,8,0.07822772151852363,0.03295326799625102,0.00027530535996551393
1089,20.61027,-103.4133,1,1,2,0.0,0.030575565168926396,2.314868305396819e-05
1090,20.610263571428572,-103.41505,7,11,8,0.13604375906358354,0.03279653415055486,0.02661365099643226
1091,20.653835555555556,-103.43235333333334,9,4,6,0.008141377684717527,0.024836155525301423,3.5433910083249857e-10
1092,20.64873,-103.43270333333334,3,3,3,0.005620247938519205,0.02488745834710126,3.563070741720429e-11
1093,20.6464125,-103.43270749999999,8,5,5,0.007591883621462717,0.02481617765069656,3.1256253518820623e-11
1094,20.64393,-103.433035,2,2,2,0.005743544209516534,0.0246535189847932,2.898373377749351e-10
1095,20.64145,-103.43306,1,1,1,0.0029970935729474895,0.0240063917085269,2.4370741430654535e-11
1096,20.63906,-103.43098750000001,4,3,3,0.0034602830789477947,0.025456701836868826,5.0712226235129534e-08
1097,20.638405,-103.429265,2,3,2,0.0008811732117452146,0.025678950671961707,5.210278971948222e-07
1098,20.63696,-103.42793,3,3,2,0.0014177513320699124,0.026026780207125105,6.0900612026581455e-06
1099,20.63567,-103.42725,1,1,2,0.0008974597625891072,0.025500764540279344,5.124932361958395e-07
1100,20.669725,-103.431295,2,3,4,0.003307727665303959,0.02414012931636165,8.149323163396488e-14
1101,20.66811,-103.431685,2,2,2,0.0005564901990086221,0.023931204036156853,2.67509922346467e-14
1102,20.6663,-103.432,1,2,1,0.0015564560963873767,0.023620734708761543,9.316000558718775e-15
1103,20.66455,-103.43156,2,2,3,0.0020166432121451554,0.02365203641723443,2.342903037662227e-13
1104,20.661505,-103.43078,4,5,5,0.0034281065193675127,0.0238391795383553,3.028779150567891e-11
1105,20.65761,-103.43224,2,2,1,0.0010454266175604027,0.02302479119221322,5.094178223906301e-12
1106,20.6340775,-103.42594375,8,8,11,0.014797818474579554,0.026622990574114005,3.5925247597557744e-05
1107,20.673939999999998,-103.4302675,4,5,4,0.005106555962684708,0.024499710225860324,8.346022433651776e-13
1108,20.67832,-103.42906,1,1,2,0.0024918706035518164,0.02441891889323181,7.118861494267247e-14
1109,20.679690000000004,-103.42882333333334,3,5,4,0.006838113723971117,0.02526244223191418,7.839793560039718e-12
1110,20.631785,-103.42453499999999,2,4,2,0.007658106153415796,0.026643171455458234,4.316008935093531e-05
1111,20.67804,-103.41268,2,2,2,0.00023509282087705823,0.026386343659782645,1.7246600872279447e-11
1112,20.675587740995834,-103.38579157151791,24,17,19,0.03906289754526462,0.03308845824973163,3.5803528007421303e-07
1113,20.629413333333332,-103.42343666666666,3,3,3,0.004235013059264578,0.02673950808877364,5.206520563543457e-05
1114,20.675595,-103.38283000000001,2,2,2,0.00018427878224411336,0.03279496913904757,3.169090540881531e-08
1115,20.675584999999998,-103.379805,2,2,2,0.00031457118899525405,0.033065432588134124,5.677851493999465e-09
1116,20.67558,-103.3771,2,3,3,0.0005996283154177497,0.0337042394570493,3.346954237126329e-08
1117,20.675500299915786,-103.3735178958079,19,19,19,0.040412335057838304,0.03456654607536466,2.040961610262119e-08
1118,20.67531,-103.3715,1,1,1,0.0002829611181399773,0.03317494993258833,1.7786369624479722e-09
1119,20.67537,-103.36896,1,1,1,0.00028233798054247183,0.03206362384378579,1.5500991590831467e-10
1120,20.67579,-103.366045,2,2,2,0.0005150515487745092,0.03457687379173491,1.4510943295993795e-11
1121,20.675829999999998,-103.36409499999999,2,2,2,0.0010533857841467224,0.0355457778506663,1.1485630495386229e-11
1122,20.67551,-103.3626,1,4,1,0.012435957033416377,0.034667121797565724,8.418382895801781e-09
1123,20.629125000000002,-103.42094,2,3,3,0.008625045758126762,0.027140285763638413,0.0004053723833475478
1124,20.67562,-103.3576,1,1,1,0.0,0.03649691676642239,1.17270777938332e-10
1125,20.67568,-103.35351,1,1,1,0.0,0.03757880268446287,6.13612814368084e-11
1126,20.67639,-103.35435,1,1,2,0.006933935291805706,0.036777879958289,1.8606923817625793e-11
1127,20.6756318309875,-103.355477149105,16,15,16,0.40090730156003834,0.039115415897444245,7.040291856164585e-10
1128,20.62848,-103.419105,2,3,4,0.008866738172650128,0.027422964743782363,0.004716170015605676
1129,20.676619835874998,-103.36893500189001,4,7,6,0.014621547954611257,0.03414528171050937,4.410816161717295e-09
1130,20.676481999999996,-103.37028733333334,3,3,3,0.007606013738560092,0.033590847883515955,3.9416843988284436e-09
1131,20.668135,-103.38467499999999,2,3,3,0.005897682014998887,0.03194523743834769,1.0761296282903402e-07
1132,20.627481250000002,-103.4181475,8,9,9,0.00901889704418646,0.027924158929558577,0.015570594895969373
1133,20.655555,-103.38583,2,2,2,0.0003462379087230313,0.030582900332495482,2.9685164283500406e-05
1134,20.65096,-103.386405,2,2,2,0.00032284192438032644,0.029567873016911262,2.5894180923586292e-06
1135,20.64691,-103.389115,2,3,2,0.001246275195010911,0.029838373129701563,6.554146710182968e-07
1136,20.629205,-103.417345,10,10,13,0.002112294833362243,0.027417329667402356,0.01911524297636901
1137,20.65164,-103.39742222222223,9,13,16,0.012754748563412917,0.02888738701217199,0.009235332024147261
1138,20.645986470588237,-103.40669411764705,17,24,18,0.017201090241540595,0.028675750859956328,0.0187032986362072
1139,20.643965,-103.407565,10,11,10,0.00604687059732044,0.02817600605594214,0.01137467373027338
1140,20.640932727272727,-103.40955181818181,11,11,11,0.00620905631928936,0.027889517443325518,0.00624090278010358
1141,20.631115,-103.41608,10,15,11,0.00186522077595133,0.027404906459497683,0.029884800619271068
1142,20.63954,-103.41069999999999,5,5,5,0.0016909688441398044,0.027249235996632815,0.0026942687792534145
1143,20.63733,-103.41217000000002,5,5,5,0.0016903457065422988,0.026459282241941696,0.001163469747447752
1144,20.635759999999998,-103.41300000000001,10,10,10,0.00190062632126414,0.02684523759439709,0.005124346115875829
1145,20.632604999999998,-103.41508999999999,10,11,11,0.0017827683420268581,0.02710661100485689,0.01810175288655525
1146,20.63414,-103.41388000000002,5,6,6,0.0031501871508800797,0.0268460284740338,0.010987774895554199
1147,20.63861,-103.41092,5,6,5,0.0034956886242606044,0.026162348966599788,0.0030855938084092963
1148,20.65216,-103.39447,1,1,1,0.000525304994697099,0.02790924279898807,0.0008046931840199687
1149,20.64983,-103.39367,1,1,1,0.0005246818570995936,0.027032114188542202,7.011812872650872e-05
1150,20.64751,-103.39341999999999,2,2,3,0.001735834751160197,0.028240124129598154,6.647220832560317e-06
1151,20.64737,-103.39151,1,1,1,0.0,0.027597724883849203,5.792738130212623e-07
1152,20.647589999999997,-103.38709666666666,3,4,3,0.0037539225095541153,0.030546710970598294,2.9437447820043404e-07
1153,20.66082,-103.3836,1,1,1,0.0020697798545506207,0.02990022118660211,2.966529809456939e-05
1154,20.66286,-103.38389,1,1,1,0.0020691567169531153,0.029067028901071983,2.585450065148305e-06
1155,20.6653,-103.38441,1,1,1,0.00206853357935561,0.02819827171344901,2.2534195512001782e-07
1156,20.669964,-103.38445199999998,5,7,5,0.01801583887368748,0.032340150658351496,9.895718192262724e-08
1157,20.672615,-103.38567333333333,6,4,6,0.016106611365282006,0.03259276434039371,4.844381197457357e-08
1158,20.67569,-103.3887,1,1,1,0.0006599593646307779,0.03196601037847256,3.119613301585943e-08
1159,20.67704,-103.39049,1,1,1,0.0006593362270332724,0.03098187512252694,2.7183038792666725e-09
1160,20.67882,-103.39283,1,1,2,0.000658713089435767,0.029950187873441485,2.3687367540894823e-10
1161,20.67777,-103.41554,1,1,1,5.1210580740448344e-05,0.02563386729760233,1.4995093869476255e-12
1162,20.678763333333332,-103.420665,6,7,7,0.010416169808847443,0.02658494070047889,3.268972456188038e-10
1163,20.676665,-103.42962,2,3,3,0.0055092161484182325,0.024859051204279763,8.226594844057094e-13
1164,20.671315,-103.430905,2,3,3,0.0022451647638121563,0.024231556015826654,8.097707866422526e-14
1165,20.66626,-103.19982999999999,2,1,1,0.00023446968327955276,0.016280233120072495,1.1162926942393916e-28
1166,20.663035,-103.200355,2,2,2,0.0009389550616957205,0.01676816505026427,6.811549305247592e-27
1167,20.6662225,-103.215855,4,2,2,0.011678165065977242,0.018556145509310135,3.186605957850123e-24
1168,20.67055,-103.22421,1,1,2,0.006060749571083062,0.017614046402956506,5.22228453560735e-26
1169,20.670205000000003,-103.225505,2,3,4,0.011757360189732936,0.019720348315976268,1.943916510620378e-22
1170,20.66977,-103.2286,2,2,2,0.009056172002291786,0.020201208100923237,1.5184355546666457e-21
1171,20.626795,-103.25406,2,4,2,0.0011420412696099985,0.02363772521213109,1.4125941573091843e-17
1172,20.638822,-103.25297028571427,7,6,6,0.0043530693095556105,0.024488488261921307,4.053788663439761e-17
1173,20.641713250000002,-103.252735,8,6,6,0.004449032499571451,0.024084639389160986,1.8627971688703775e-17
1174,20.6458,-103.25356,2,2,2,0.0,0.024250046418759646,1.340259567555909e-18
1175,20.647141666666666,-103.25338333333333,6,6,6,0.005461744393262817,0.024598808943236843,2.5029860526803092e-18
1176,20.649745,-103.25313666666666,6,7,6,0.006217100459184431,0.024933385664332494,1.070908773110026e-18
1177,20.65153,-103.25285,1,1,2,0.0013924859349346912,0.024359845100454955,1.3709392101316174e-19
1178,20.65312666666667,-103.25270333333333,3,3,3,0.0018137835997208795,0.02506326903409549,3.5512145645565716e-20
1179,20.658913333333334,-103.25095700000001,6,6,7,0.024593371560747816,0.02706444881586173,1.1169570584098064e-19
1180,20.659107249999998,-103.25325624999999,8,11,8,0.046128497090683854,0.02745761446059079,1.0062912883411707e-19
1181,20.66088,-103.2529,1,1,1,0.008065524844439363,0.02692170211140436,1.288182948981397e-20
1182,20.667098,-103.253902,5,3,3,0.012609274258831644,0.02586236000640798,6.537813072915799e-21
1183,20.683630000000004,-103.25799666666666,3,3,3,0.0030788662204019553,0.02307374902489687,7.6811021491656e-23
1184,20.6692,-103.2207,1,1,1,0.006312157267240263,0.019128946369318226,2.488534570839775e-23
1185,20.660715,-103.20574500000001,2,3,3,0.010056024601925541,0.017402513736001223,5.309672390498205e-26
1186,20.66518,-103.19977,1,1,1,0.00023509282087705823,0.01649300828537293,8.71990981026844e-28
1187,20.684453333333334,-103.24598666666667,3,5,3,0.0038848097294665114,0.021461411356065843,6.057457950961374e-23
1188,20.68471,-103.25853,1,1,1,0.0022118552267818645,0.019519946807241,5.083333818210033e-25
1189,20.67932,-103.25789,2,3,3,0.0010649421541368235,0.023855063336530775,5.678033933384371e-22
1190,20.674104999999997,-103.25735499999999,2,4,3,0.0030967389396758618,0.024663139781042547,7.353627472339238e-22
1191,20.671456666666664,-103.25653666666665,3,3,3,0.011867797166672652,0.025398069032411635,9.922906301300383e-22
1192,20.669649999999997,-103.255665,2,3,2,0.0001850152175866198,0.02518225355718832,9.922906301300383e-22
1193,20.656156,-103.24756333333333,6,6,6,0.02037481499894463,0.026343581023128875,1.2431856435052666e-19
1194,20.64836,-103.25329,1,1,1,0.0,0.024399882209736424,1.3709392101316174e-19
1195,20.644457666666668,-103.25374166666666,6,6,6,0.004693698979901093,0.024336388453137785,7.966460516599448e-18
1196,20.62707,-103.24943,1,2,1,0.00023446968327955276,0.023224455346718156,1.7856454786448034e-17
1197,20.6308,-103.28276,1,1,2,0.0033007881784226484,0.02844521128450065,7.042285392458405e-16
1198,20.63308,-103.279905,2,3,4,0.0010830131444644817,0.028619219378265847,7.165174952002341e-16
1199,20.638455,-103.27802,4,4,4,0.00398972344133743,0.02808165820414786,2.5718876128442815e-17
1200,20.608130000000003,-103.15930499999999,2,1,3,0.00023514946974955873,0.014284875538433911,1.1644084086208052e-30
1201,20.609565,-103.166515,2,3,2,0.0007045986761611687,0.01472481320607995,9.095775085079931e-30
1202,20.612915,-103.17232,2,2,2,0.0011738212870827768,0.015157536930593962,6.872286086405349e-29
1203,20.61551,-103.18388,2,2,2,0.0016428173025143829,0.015896510180365284,5.277335683347315e-28
1204,20.617985,-103.192005,2,2,2,0.002111586722455987,0.01655704480752893,4.053679018110136e-27
1205,20.620579999999997,-103.19700499999999,2,2,2,0.002580129546907589,0.017051349140786865,3.113773153859302e-26
1206,20.62115,-103.199435,2,3,3,0.0030485024247416895,0.017350009731985017,2.391806534573858e-25
1207,20.621270000000003,-103.203965,2,2,2,2.0960082825183504e-06,0.017374845280048432,5.781296973220251e-26
1208,20.623745,-103.206485,2,2,2,0.000469902397391614,0.017811716404221294,2.1242908353078683e-25
1209,20.62489,-103.20738,2,2,2,0.0009375388398832081,0.018082322520492317,1.6015991384187406e-24
1210,20.623575,-103.211415,2,2,2,0.0028128997640121268,0.018389279461879453,1.7794330774739735e-24
1211,20.6238,-103.21443,1,2,1,0.0025724253002475214,0.01802177312880204,2.5841235814837966e-25
1212,20.62384,-103.21667,2,2,3,0.007023837052463993,0.018970002579638948,1.2298732004658067e-23
1213,20.61836,-103.22982,1,1,1,0.003973578512674788,0.01764904824352134,1.574404964305019e-24
1214,20.62063,-103.23457,1,1,2,0.003972955375077283,0.017134639092238082,2.015468311635781e-25
1215,20.62251,-103.23712,1,2,2,0.005523378366543357,0.021612777816883887,5.847464900964027e-21
1216,20.623559999999998,-103.236875,2,2,2,0.005522755228945852,0.021271830548360453,1.4970235203221331e-21
1217,20.62318,-103.23876,1,2,2,0.00199772248872999,0.022036398586641227,3.7996406853252357e-20
1218,20.62075,-103.23939,1,1,2,0.00199200095260744,0.02153307957227067,4.864165571032343e-21
1219,20.6192,-103.24246,1,2,3,0.005393085959792216,0.020993350929596387,1.6072260693888034e-21
1220,20.6185,-103.2525175,4,4,6,0.004938337135794485,0.023130586999282048,1.740017826400432e-18
1221,20.61814,-103.2580775,4,6,5,0.0058029405523333044,0.023883928761442286,7.45340410416568e-19
1222,20.62866,-103.265675,2,6,4,0.012081420064872022,0.02647144371723053,1.2028137805781827e-16
1223,20.636245000000002,-103.27374,2,4,3,0.0017324358188101673,0.0268382974278831,2.601868008904567e-19
1224,20.630793333333333,-103.28066166666667,6,8,7,0.01589162322925538,0.029258689524806102,8.365076032402204e-15
1225,20.627692500000002,-103.2856475,8,8,6,0.010983763186866162,0.030221363801868333,3.120694674205673e-14
1226,20.62305,-103.28399,2,3,1,0.00042243064223619836,0.02987779996303499,1.5448744399901233e-14
1227,20.631475000000002,-103.28511499999999,2,2,3,0.0018469231901336698,0.029456025674282682,5.254389519831728e-15
1228,20.6253,-103.2623,1,2,2,0.005725643165806378,0.025463963008040765,1.0304832842597497e-17
1229,20.62163,-103.25885,1,1,3,0.0047847620424456404,0.024395614475144246,8.765338860305638e-19
1230,20.61827,-103.256055,2,2,2,0.0005709356614962485,0.023538198543186433,3.093396375582754e-19
1231,20.618703333333332,-103.24902333333334,3,5,4,0.004835774352132337,0.02293831219620309,1.824607723697017e-18
1232,20.61902,-103.24533500000001,2,2,2,0.00576470256339547,0.02275493045787119,1.3805656100213792e-18
1233,20.62008,-103.23785,1,2,1,0.0020645115094080745,0.021385981332978338,2.360909582938663e-20
1234,20.6204,-103.23335,1,1,1,0.004218754832856935,0.02131745550782005,5.8474390998924795e-21
1235,20.61974,-103.23225,1,1,1,0.00421813169525943,0.020949682835399448,7.485084572187498e-22
1236,20.61866,-103.23077,1,1,1,0.0042175085576619245,0.02055865987275452,9.581637020625581e-23
1237,20.59893,-103.16895,1,1,0,0.0,0.012522748486456552,1.4906343126005195e-31
1238,20.73015,-103.32477,1,1,1,0.001537308777482209,0.0204238690646924,1.4590597733707827e-24
1239,20.729576666666663,-103.32720888888889,9,3,3,0.005224691521397241,0.025139163034885358,9.35888809658133e-19
1240,20.723172499999997,-103.3303925,4,5,6,0.005994659219832483,0.028301861596881427,1.1065347282337303e-17
1241,20.7140575,-103.330615,4,4,4,0.004433482384070065,0.02881595200706203,1.5758286903618474e-17
1242,20.710527499999998,-103.33121750000001,4,5,7,0.010467572995754394,0.029852586816345637,6.763510416894838e-17
1243,20.707863333333332,-103.33167666666668,3,3,3,0.029460359441627924,0.03192828632720532,4.161225623365431e-17
1244,20.706,-103.33202,1,2,1,0.0005790647747000697,0.030992611451049167,9.524552517273763e-18
1245,20.70421,-103.3323,1,1,1,0.0005784416371025642,0.03014354239715758,8.304689091112471e-19
1246,20.70077,-103.33289,1,1,1,0.0005778184995050588,0.029009400628607355,7.241960019638359e-20
1247,20.692945,-103.342435,2,4,4,0.0029660499908172175,0.03424126811867641,6.269032555196253e-15
1248,20.69161,-103.34372,2,3,3,0.0017152145615700167,0.03320657437587154,4.6970469492828906e-15
1249,20.68563,-103.34633,1,2,1,0.0010970337404083545,0.03171775605964581,2.037875986812902e-14
1250,20.68509,-103.34541,1,3,2,0.0006384611175168397,0.03259864596356541,6.664190595252157e-13
1251,20.68853,-103.34566,1,2,2,0.00042073117606118346,0.03175144737093839,2.037875986812902e-14
1252,20.69465,-103.33726666666666,3,3,3,0.003050966650695461,0.032557010756536026,7.799870797706704e-17
1253,20.697557500000002,-103.3308225,4,6,4,0.005241729613949641,0.03190889898978203,4.809804052353866e-15
1254,20.70076,-103.32942,1,1,1,0.0005011725750118877,0.030593221125061406,4.190631359601085e-16
1255,20.70307,-103.32998,1,1,1,0.0005005494374143823,0.029484077700795353,3.651360798949538e-17
1256,20.70469,-103.32998,1,1,1,0.0004999262998168769,0.028631258806408155,3.1816508970479567e-18
1257,20.70776,-103.32832,1,1,2,0.003555084967077375,0.03100683262951322,3.5446659894697897e-17
1258,20.71209,-103.32736,1,1,1,0.0020696948812418702,0.02961378969287568,3.0886604451869703e-18
1259,20.713659999999997,-103.327342,5,4,3,0.005153262958061367,0.02908007022337111,4.1990605750887675e-17
1260,20.72527,-103.33009,1,2,1,0.0036747783697836725,0.026443854516847644,1.3382462012367374e-15
1261,20.73307,-103.31132,1,1,0,0.0,0.02132536453591278,9.287256492015237e-19
1262,20.673105,-103.2751275,4,3,3,0.005152073331738856,0.02697141291411189,8.855901501883597e-24
1263,20.67904,-103.2741075,4,4,3,0.0034701399827628807,0.026122954444240128,2.32845359037967e-23
1264,20.682573333333334,-103.27185000000001,3,2,2,0.00178528921685313,0.025055293008215088,9.869678470900903e-24
1265,20.690475,-103.272865,2,3,2,0.0011668251513289654,0.024065727024676187,4.842776776858469e-24
1266,20.62914,-103.34613999999999,2,2,2,0.0055007471419794085,0.0312830841097277,1.0668858516856636e-12
1267,20.629495,-103.342815,2,2,2,0.005282535685107498,0.030377220654157575,9.245857489300124e-14
1268,20.62961,-103.33917,1,1,1,0.0027387463899089777,0.029195749960888494,8.013403747048658e-15
1269,20.629820000000002,-103.337695,2,2,2,0.004949723559167085,0.029038859631691907,1.427870769067233e-15
1270,20.62459,-103.32482,3,7,9,0.010292023804762606,0.029399308582143336,3.5384165336385224e-12
1271,20.69153,-103.27285,1,1,1,0.0004494521544189349,0.023615540544104502,6.198730644990372e-25
1272,20.64968,-103.30353,2,4,2,0.025886788059157884,0.03474071866812912,2.6544833847594554e-13
1273,20.650808,-103.300494,5,3,3,0.025953945297507223,0.033923532933178964,2.269439596121205e-14
1274,20.65332,-103.299875,2,2,2,0.025571499317777628,0.03344589114780135,1.924374051709842e-15
1275,20.6555375,-103.29958250000001,4,4,6,0.02787894007542533,0.0327521598129896,1.644626557450725e-16
1276,20.69382,-103.27289,1,1,2,0.0004488290168214295,0.023055614722873635,7.93468130813862e-26
1277,20.658002,-103.29901199999999,5,5,5,0.02267633594941603,0.03321149606508595,2.872807003595579e-17
1278,20.662346666666668,-103.29858,3,5,5,0.029749202601029204,0.03405922135448321,6.179899055296688e-18
1279,20.66135,-103.28995,1,1,1,0.0018416548449911236,0.030757314473870073,2.678019639615825e-20
1280,20.660256666666665,-103.27756666666666,3,4,6,0.012652525672985773,0.031007579006022027,3.8927148742528684e-19
1281,20.662805,-103.27704,2,2,3,0.008809551135860877,0.03007307748153764,4.961566974483154e-20
1282,20.664055,-103.276855,2,2,3,0.0077616036434742025,0.029359735699331188,6.366327285930675e-21
1283,20.665399999999998,-103.276675,2,3,2,0.007572623004812548,0.02878911592345419,8.206875652180668e-22
1284,20.668053333333333,-103.27618,3,2,2,0.005765297376556725,0.028133220587687587,1.0624778102997625e-22
1285,20.6708,-103.27561666666666,3,2,2,0.005438716626591365,0.02742497608562002,1.4674537661016704e-23
1286,20.693793333333335,-103.27612333333333,3,3,3,0.003226068315594494,0.02458151438010345,2.102043626742393e-25
1287,20.69384,-103.27775,1,1,2,0.0014624472924728038,0.024033617316108185,2.679098911901213e-26
1288,20.690505,-103.28443,2,2,2,0.0015825995510463555,0.025961420974590373,2.315899141552322e-23
1289,20.69129,-103.29291,1,2,1,0.003976467605172314,0.02663953663919793,1.1980200391578485e-22
1290,20.689813333333337,-103.30075333333333,6,12,8,0.024384960358818493,0.029975810913032735,2.4491438182526096e-19
1291,20.6911175,-103.30681916666667,12,10,9,0.03368318355182614,0.030514546352834467,1.1416763053083647e-18
1292,20.691991999999995,-103.311286,10,7,12,0.03812488379900029,0.031266800440083835,2.6292403512859356e-18
1293,20.692439999999998,-103.314595,2,2,2,0.014926722983954433,0.031019846610773966,6.65237127467074e-19
1294,20.692815,-103.31688,2,2,2,0.014888938185996603,0.0310348561483385,5.001343671024593e-18
1295,20.693345,-103.3202,2,2,2,0.015043929501157958,0.031299468365581284,5.670264590954979e-17
1296,20.69347888888889,-103.32316444444444,9,8,7,0.023968307901577342,0.03169748409662939,6.454283223612295e-16
1297,20.69532,-103.32621666666667,3,2,2,0.012097876562333416,0.03196968217283595,1.2139140371456467e-16
1298,20.696,-103.32767750000001,4,5,6,0.013241768361778431,0.03242428220805567,7.472861393310212e-16
1299,20.69878,-103.333145,2,2,2,0.002164902752957704,0.031039953928699276,4.1906945214238315e-16
1300,20.699426666666668,-103.33494333333333,3,4,4,0.002779118153044331,0.031140997105387782,3.746517916836406e-17
1301,20.70208,-103.34012,1,1,1,0.00024353350287963213,0.029860742444145626,3.1700673336911817e-19
1302,20.70274,-103.341965,2,2,2,0.0016461879104281622,0.032086885924916965,6.703595127795753e-18
1303,20.70344,-103.34316,1,1,1,0.0005010592772668867,0.03145737663312673,5.871241395485861e-19
1304,20.704435,-103.34570500000001,2,3,3,0.0020371784284265856,0.0332470580061967,7.631000611916795e-17
1305,20.706615,-103.35177999999999,2,2,2,0.003342783875903016,0.035125882933882115,4.946204043402738e-15
1306,20.70697,-103.35327,1,1,2,0.0014610310706602912,0.0342929982814834,4.328167115018884e-16
1307,20.70745,-103.358225,2,4,2,0.001254489281523483,0.03487247593027085,1.473438712830248e-14
1308,20.70783,-103.36005,1,1,2,0.000567451755837468,0.0341108423187603,1.3563909042836356e-15
1309,20.704085,-103.364865,2,2,1,0.0004991615400381202,0.03207512312933478,1.151338862010006e-14
1310,20.701140000000002,-103.36698,2,2,2,0.0005691228975762327,0.03117331169827487,5.2509657775633216e-14
1311,20.699044999999998,-103.36914999999999,2,2,2,0.0006961579941585948,0.030660728620410835,5.908355419450406e-13
1312,20.696745,-103.37227999999999,2,5,5,0.0017530843328365981,0.03097779094927828,6.725422617401368e-12
1313,20.69416125,-103.3738525,8,11,11,0.013694519368872645,0.0319529831473978,3.209201515771493e-11
1314,20.692243333333334,-103.37581999999999,3,3,3,0.005409032617401106,0.0312954433408263,8.391915251450841e-12
1315,20.689767142857143,-103.37733285714286,7,7,7,0.01205022919567325,0.03136358605772722,2.442424755308843e-10
1316,20.685878,-103.37986800000002,5,5,5,0.005416000428718667,0.03143492967463003,4.0630978713663724e-10
1317,20.681665,-103.38256125000001,8,6,6,0.012003867758418843,0.03260344524751969,7.379597959087885e-09
1318,20.673025000000003,-103.38833,8,9,7,0.009593996397811494,0.032081978134008,1.2174958643885556e-06
1319,20.66971,-103.39063800000001,5,5,7,0.0043328173376366835,0.031028096928921854,7.649142646389283e-07
1320,20.667465,-103.39202,8,8,8,0.009244132961248432,0.030221285846572646,3.909780974218464e-06
1321,20.66541,-103.39359,4,5,4,0.005098143605118384,0.029243377577756472,1.3633300635053297e-06
1322,20.662487470400002,-103.39534533053288,7,7,8,0.005221468200551964,0.02888969354392869,1.7848367196491044e-05
1323,20.65730333333333,-103.39866999999998,12,9,9,0.008927239168480658,0.028327829175516475,0.000417439936704767
1324,20.654485,-103.40060500000001,8,9,9,0.00916612746381525,0.02801766343332435,0.0010785397093149274
1325,20.65193230769231,-103.40225461538463,13,10,10,0.01063052914238932,0.027815380720655696,0.0025744963457791877
1326,20.65078,-103.40327,4,4,5,0.001816559394473404,0.027190855908272478,0.0008967522589600523
1327,20.64392,-103.40041,1,2,2,0.0035272986951158814,0.027002757757006734,0.0023369120874275518
1328,20.64226,-103.399,1,1,1,0.0027346110222164414,0.02620520299867963,0.00020358426596023412
1329,20.64188,-103.39639,1,1,1,0.002733987884618936,0.02544248131577349,1.77366165060033e-05
1330,20.6418,-103.3924,2,2,3,0.0039485963599020695,0.030401292015243483,1.5728899307602124e-06
1331,20.640212499999997,-103.3847725,4,3,2,0.010428151045381298,0.03286612674490134,5.5619917153461e-08
1332,20.6393925,-103.38112000000001,4,3,4,0.013502655302600716,0.034073069810637895,5.767227109255981e-09
1333,20.63907,-103.37824499999999,2,4,3,0.013839149605253662,0.0353618544661678,1.0390430520694339e-08
1334,20.6612,-103.27939,1,2,1,0.0006173594125104049,0.03059978076668754,4.3086778860950134e-19
1335,20.66203,-103.281215,2,2,2,0.0016163622790566511,0.02979691375488002,5.417228213119259e-20
1336,20.69659,-103.3292,1,1,1,0.002244909843885904,0.031024125744422645,4.190631359601085e-16
1337,20.66249,-103.28563,2,3,3,0.12141535848369549,0.03311878999750856,3.221082120388462e-18
1338,20.690044999999998,-103.28294,2,2,2,0.0012870623832112681,0.0255552164301263,2.0118519460737404e-24
1339,20.6884,-103.27867,1,3,3,0.0014619941014927997,0.02500649607872983,1.8371986179730698e-25
1340,20.69372,-103.27994000000001,3,7,5,0.006864002258703844,0.02512437901424176,9.666093395478139e-26
1341,20.68348,-103.27283,1,1,1,0.0004981701847693614,0.022550326330717636,4.362164493437715e-27
1342,20.68081,-103.27282500000001,2,4,4,0.0026616472744358027,0.025731117722529194,7.709331295581801e-23
1343,20.66284,-103.28946,1,1,1,0.0012582281071085158,0.03123957434472837,8.583068219642121e-20
1344,20.6639128,-103.297806,5,6,7,0.16103614639926736,0.034417421911160116,3.254504965572398e-17
1345,20.64876,-103.30551,1,1,2,0.005063512261063081,0.033790707977042984,2.2345800526358348e-14
1346,20.63078,-103.31904,2,3,2,0.0009507946760483241,0.030572829635933958,7.425430143522655e-13
1347,20.62913,-103.32241333333333,3,4,3,0.0030417328844778804,0.02944652826462751,1.5977456569913025e-12
1348,20.62744,-103.32379,1,1,3,0.00015026113430756553,0.028761936384155785,1.3448886694079176e-13
1349,20.625595,-103.32777,2,3,2,0.0023612383035656725,0.028513416603591364,6.096267638472701e-13
1350,20.626686666666668,-103.33028333333334,3,5,4,0.0077833568105143925,0.029312158153274592,1.0269363705880097e-13
1351,20.62977,-103.34034,1,1,1,0.0022476856386384283,0.028183393902148877,1.2195697594795163e-16
1352,20.64232,-103.39482,1,1,1,0.0008371003889398288,0.029393249969942317,1.370480484464842e-07
1353,20.64909,-103.40397,4,5,5,0.005458996922946544,0.027457295781745352,0.0050503776445227026
1354,20.66049,-103.39642,4,4,4,0.005044383825115413,0.027625179251075563,6.648412611928435e-05
1355,20.66435,-103.39387,4,4,5,0.005887942185520299,0.028020299060994885,1.0455431653910179e-05
1356,20.67745,-103.3852,2,3,3,0.006880005565185234,0.03281402172325781,9.358839904757829e-08
1357,20.684140573424997,-103.38084851025499,4,4,4,0.006193670485518225,0.03178829856301127,1.9647124553416097e-09
1358,20.69104,-103.37621,2,3,3,0.005489921542444563,0.03105189837382044,6.386099462083408e-11
1359,20.70129,-103.33911,1,1,2,0.0009093560258142114,0.03085167480589906,5.871241395485861e-19
1360,20.65677,-103.45243749999999,4,4,6,0.0056030833301515546,0.02396545866104166,2.6404077604065926e-07
1361,20.65726,-103.45076,1,1,1,0.004124774353378612,0.023669094767562848,2.220156051977736e-08
1362,20.65844,-103.44863249999999,4,4,5,0.009463845613241605,0.024827882413261216,1.5438774315905108e-06
1363,20.66623,-103.45082500000001,2,3,2,0.004517492661988301,0.024202285163110706,8.708529962531737e-07
1364,20.67026,-103.45302000000001,2,3,2,0.004756380957322892,0.023999642933113654,7.902648534108042e-08
1365,20.67744,-103.45499,1,1,1,0.0029610365656009235,0.02276505974763293,6.6448496676105025e-09
1366,20.680441666666667,-103.45521333333333,3,5,5,0.022319542467450406,0.02372428323534574,6.506882416404992e-09
1367,20.682070000000003,-103.454775,2,2,3,0.0048267671814047584,0.023159496977991374,1.0942469340306011e-09
1368,20.68256,-103.45277,1,1,1,0.0013426349271342547,0.022683153981297634,9.200842371630012e-11
1369,20.68433,-103.44891,1,1,1,0.0013420117895367493,0.021978700981263505,7.736413829733338e-12
1370,20.67692,-103.41306,1,1,1,0.0,0.025156063107791594,1.5710292842735893e-11
1371,20.676225333333335,-103.40988333333333,3,3,3,0.00717990469620286,0.025242687133692713,3.2786496957790425e-11
1372,20.675641499999998,-103.40670999999999,4,6,4,0.00878023534434187,0.028834641004592716,6.751197451249591e-10
1373,20.675098333333334,-103.40383133333334,6,7,7,0.023495827980486956,0.029488547940290297,6.928121605990554e-09
1374,20.67428,-103.39515,1,1,1,0.0,0.027505438710073528,6.0375010581492e-10
1375,20.674246,-103.39193333333334,3,3,3,0.013596635782079038,0.026713291999567134,1.260116352456299e-09
1376,20.674459666666667,-103.38933133333332,6,7,7,0.03095009260768847,0.03235274680136192,9.569648978071551e-08
1377,20.67621,-103.36123,1,1,3,0.0037167042003212894,0.03676866829750467,1.17270777938332e-10
1378,20.674787499999997,-103.393308,4,4,4,0.01616813581740905,0.031221327121997097,2.501862017470349e-08
1379,20.676332666666667,-103.40861333333334,3,3,4,0.009466451461376629,0.028349041953636408,1.2663347355280498e-09
1380,20.68465,-103.44135,1,1,2,0.0009915818642486814,0.023934537777825025,5.451750181353878e-12
1381,20.6723,-103.45084,1,1,1,0.0008267902941447385,0.021434816409534267,4.750041413117664e-13
1382,20.675113000000003,-103.45529,2,3,4,0.019205553946098144,0.023967181554426877,6.899983199556682e-08
1383,20.67236,-103.46164,1,1,1,0.0005494940632548108,0.022851196289210236,5.8017702881011045e-09
1384,20.67101,-103.46153,1,1,1,0.0005488709256573054,0.022421078050243997,4.878349497501943e-10
1385,20.66433,-103.45629,1,1,1,0.0005482477880597999,0.021256892712906726,4.101900886753076e-11
1386,20.662390000000002,-103.45539500000001,2,2,1,0.0007418169853939946,0.022708469613492002,1.6269206098815356e-10
1387,20.66088,-103.45483,2,2,2,0.0011316745259424077,0.022985534607897592,1.893861327963765e-09
1388,20.657809999999998,-103.45373000000001,2,2,2,0.001562092659201176,0.023510905880594783,2.236080354842948e-08
1389,20.524520000000003,-103.43385,4,3,4,0.000469562504156611,0.017407522484499293,1.5442153018044794e-15
1390,20.525565,-103.43539000000001,4,4,4,0.00093889841282322,0.017740751952821425,9.052495687653425e-15
1391,20.528953333333334,-103.43457000000001,6,4,4,0.0021117566690734882,0.018114216265921995,9.575665453789218e-14
1392,20.53099,-103.43382,2,2,2,0.001171215438947754,0.017788205644676043,1.6103508181962987e-14
1393,20.532656666666668,-103.43331666666667,6,6,6,0.0056683428312721265,0.018543744379862753,5.6046970962676e-13
1394,20.53422,-103.4354,2,2,2,0.0008070198376420654,0.018246835705551,2.3245914481306094e-13
1395,20.538336666666666,-103.44619333333334,6,5,5,0.002749056484704068,0.019425382810373423,5.0845407765299013e-11
1396,20.54014,-103.44614999999999,4,4,4,0.0013846117416571222,0.019505686314363214,8.243668898010797e-11
1397,20.543525,-103.44488000000001,4,4,4,0.0026546228142457413,0.019934381987467477,6.679294416493125e-10
1398,20.55023,-103.45054,2,3,2,0.004568656035334999,0.019934545115955455,8.838981943914146e-08
1399,20.550815,-103.45276999999999,4,4,5,0.006638209294395616,0.021573036674974646,3.4273106682240714e-05
1400,20.558565,-103.45101,6,7,6,0.010420531772029982,0.022528944587382055,3.4431733115327293e-06
1401,20.569090000000003,-103.44095500000002,6,6,7,0.015298282938685185,0.02378921867668769,1.021284456379902e-08
1402,20.570497055133334,-103.43935406512668,3,3,3,0.011940137776855785,0.0232212616752896,2.5762090165191577e-09
1403,20.577895,-103.43164,6,6,6,0.016090120878497118,0.02517993407510831,1.6743193389619825e-08
1404,20.57992,-103.42924999999998,6,6,6,0.016454203182057807,0.02582947763645577,6.379916049926554e-08
1405,20.58484,-103.423385,6,6,6,0.016854654061763813,0.026687173581061523,2.3617699601994693e-07
1406,20.58851,-103.41845,6,6,6,0.017257172625316085,0.027606475844658834,8.724810877733289e-07
1407,20.57175,-103.43858,3,3,3,0.0037509484437478393,0.024283008255707,4.223469599856055e-09
1408,20.56249985844,-103.44722834147201,5,5,5,0.00046061198230153263,0.02258890555070703,1.6208411829692265e-07
1409,20.551814932150002,-103.456463168445,4,8,7,0.010811682795167154,0.02212443633534011,0.00020371535597144694
1410,20.55046,-103.4517,2,2,2,0.001968151777284731,0.021431769235367295,2.0010928313307413e-05
1411,20.54933,-103.44784,2,3,2,0.0038788615978539594,0.020860298006048175,6.246990163648827e-06
1412,20.548624666666665,-103.44638400000001,3,3,3,0.004265263557179842,0.02054878346241349,1.0505443332103879e-06
1413,20.54863,-103.44535,2,2,2,0.0031706373938527586,0.020247635598347975,1.7666731428898173e-07
1414,20.54757,-103.44313,4,2,3,0.003169391118657748,0.01963847038270489,4.996210461414899e-09
1415,20.54504,-103.44424,2,3,3,0.003371004455887013,0.020037789104899766,3.889360154200617e-09
1416,20.54166,-103.44568,2,3,3,0.0021157787390210236,0.01972012861172746,4.393576635624876e-10
1417,20.53493,-103.43863,2,3,2,0.0015572775050386339,0.01883328562883584,1.282592061929331e-11
1418,20.533896666666667,-103.43365666666666,6,4,5,0.0053272599699466395,0.018859733239248295,2.204104927137462e-12
1419,20.52269,-103.43444,2,2,1,0.0,0.01712592289969394,2.5969581758228265e-16
1420,20.76929,-103.44955,1,0,1,0.0,0.0,1.1308881024556818e-104
1421,20.7702,-103.44947,1,1,1,0.00023458298102455377,0.00033997416196369077,1.0630348163083404e-102
1422,20.76963566666667,-103.44658500000001,6,6,6,0.03585029561081137,0.021089743065192117,3.2042879082072347e-21
1423,20.768137999999997,-103.44457400000002,5,6,6,0.03652951559209231,0.021416965809615485,8.311179606131459e-21
1424,20.76658,-103.44269,1,1,1,0.0,0.02091105393374026,9.254398599372202e-22
1425,20.764499333333337,-103.439505,6,7,8,0.03765201300068964,0.022247806906015237,6.234984974453323e-20
1426,20.761045,-103.43955,2,2,3,0.0023583492110681474,0.02233447338063665,2.871351204161751e-20
1427,20.759582978545456,-103.44053563353455,11,8,9,0.014512534752667056,0.023217065426326598,4.865126618578948e-18
1428,20.75439,-103.44244,2,2,2,0.0035834377277638727,0.02252932210688433,8.218308610775827e-19
1429,20.75251,-103.44289,1,1,1,0.0,0.022068690130999276,6.952739262447236e-20
1430,20.74866,-103.44386666666666,3,3,3,0.003878011864766452,0.02221578177295099,1.4753410106616754e-19
1431,20.74596,-103.44676,2,2,2,0.0030517880593467182,0.021585166548937173,2.492053855708218e-20
1432,20.742095,-103.448215,2,2,2,0.0026976193084736174,0.021360220065383767,8.575836970819707e-19
1433,20.74013,-103.44894,2,2,2,0.0024384507167838484,0.02089409663210839,1.4422295604932477e-19
1434,20.737035,-103.44975,4,4,4,0.005964956327684723,0.020865950353777227,1.0173923134440395e-17
1435,20.732349999999997,-103.45118500000001,4,4,4,0.00563446680551683,0.0207830355154987,6.035352800965455e-17
1436,20.720645,-103.454685,4,4,4,0.006395601056433493,0.0222526904920287,7.59061496582408e-15
1437,20.717689999999997,-103.455575,4,4,4,0.007665612129022112,0.022816946264131503,4.4784692691090754e-14
1438,20.71274,-103.45703666666668,3,3,3,0.0044321511355663035,0.02233452609453533,1.2417203274673205e-13
1439,20.70881,-103.45828,2,2,2,0.0014602379864452843,0.022324057133102003,1.3871230920541287e-12
1440,20.702877666666666,-103.46038166666665,6,6,4,0.014053452289923038,0.023023690183226055,1.637191628627412e-11
1441,20.67324,-103.38412,1,1,1,0.0007051085160136732,0.030555273094641754,8.338634410898323e-09
1442,20.67322,-103.38145,1,1,1,0.0007044853784161678,0.02959764104604424,7.266333976907699e-10
1443,20.67323,-103.38019,1,1,1,0.0007038622408186623,0.028936446157273275,6.332228072317394e-11
1444,20.67322,-103.37758,1,1,1,0.0007032391032211568,0.02807616890006658,5.518458913992434e-12
1445,20.70074,-103.45901,1,1,2,0.0002932712129350676,0.02218833005600456,9.833656518415118e-13
1446,20.72534,-103.4531,1,1,1,0.0031081536874847117,0.021502545828021614,6.382579185535723e-16
1447,20.7573,-103.44142,1,2,2,0.0010192831629014239,0.021506163947456764,4.644472722793677e-18
1448,20.76160666666667,-103.44044666666667,3,3,2,0.004105966927708447,0.022876805654274225,1.2327462916163741e-18
1449,20.763095,-103.44005,2,2,3,0.004105343790110942,0.022693158755580773,2.0858217787341705e-19
1450,20.76443,-103.44299,1,1,1,0.0009408244744882368,0.02209487185423576,1.7685691251098406e-20
1451,20.76593,-103.44521,1,1,1,0.0007057883024836791,0.0215904242890758,1.5041117952642203e-21
1452,20.76666,-103.44664,1,1,1,0.00047063883273412043,0.02121453425348043,1.2844073480123872e-22
1453,20.76753,-103.44832,1,1,1,0.00023537606523956072,0.02082249323049773,1.102749937310346e-23
1454,20.7682,-103.44962,1,1,0,0.0,0.020480226064008563,9.535665914033363e-25
1455,20.72538,-103.56467,2,1,1,0.000938785115078219,0.013235728978858483,1.0304775410042165e-28
1456,20.72629,-103.56388,1,1,1,0.0009381619774807135,0.013092633023150469,8.665222302499913e-30
1457,20.72596,-103.5628,1,1,1,0.0009375388398832081,0.012966769576571406,7.286527053106825e-31
1458,20.72699666666667,-103.56178999999999,3,2,2,0.0037528745054128563,0.01366233523794564,1.7330651023503823e-25
1459,20.72737,-103.54999,1,1,1,0.0025770705077925622,0.013133335677977438,1.4573235147291835e-26
1460,20.72758,-103.54492,1,1,1,0.002576447370195057,0.012866139474641937,1.2254546204023399e-27
1461,20.72854,-103.54073,1,1,1,0.002575824232597551,0.012636488240744091,1.0304775410042165e-28
1462,20.72951,-103.53056,1,1,1,0.0025752010950000456,0.01221527449647532,8.665222302499913e-30
1463,20.728935,-103.522995,2,2,2,0.005622683840036727,0.015841410178591454,2.914696978689665e-22
1464,20.727899999999998,-103.51632000000001,2,2,2,0.006554671090414885,0.016318141632119736,3.466202016798873e-21
1465,20.72378,-103.50323,1,1,1,0.0035059420701831945,0.015450719860786239,2.914696971403138e-22
1466,20.723165,-103.500535,2,2,2,0.007955144516372147,0.017618691917750114,4.867373276672478e-19
1467,20.72116,-103.49397,1,1,1,0.004204082774879306,0.017026878854424665,4.09291832615843e-20
1468,20.720129999999997,-103.489385,2,2,2,0.010519355730107096,0.018751727372246174,6.883316615731133e-17
1469,20.71796,-103.48233,1,1,1,0.006068283871125627,0.01804523076457185,5.7880857548736455e-18
1470,20.711915,-103.46918500000001,2,1,1,0.006067660733528122,0.016947398082464142,4.867128182244107e-19
1471,20.70909,-103.46677,1,1,1,0.0060670375959306164,0.01660210072980868,4.0927122281001254e-20
1472,20.70761,-103.46497,1,1,1,0.006083239173465758,0.022041225333782444,1.37668170676833e-12
1473,20.71088,-103.46781,1,1,1,0.006082616035868253,0.021360153306061395,1.1576258186508126e-13
1474,20.71382,-103.47034,1,1,1,0.006081992898270747,0.020763470606477884,9.734272667142955e-15
1475,20.71778,-103.48036,1,1,1,0.006081369760673242,0.019623942338039276,8.185391391672645e-16
1476,20.72233,-103.49677,1,1,1,0.004215299251634405,0.018022298528840717,5.7880857548736455e-18
1477,20.72794,-103.51512,1,1,1,0.003515289134145776,0.016514539223117696,4.09291832615843e-20
1478,20.72807,-103.5441,1,1,1,0.0025820556085726057,0.014655461862231529,2.450944289833014e-23
1479,20.72821,-103.55195,1,1,1,0.0025814324709751003,0.014196557176998819,2.0609805881955413e-24
1480,20.724800000000002,-103.562545,2,1,1,0.0009400313902732299,0.013500685438131049,1.4573235147291835e-26
1481,20.72479,-103.56366,1,1,1,0.0009394082526757245,0.01336689435621369,1.2254546204023399e-27
1482,20.737504285714287,-103.41080571428571,7,6,7,0.020225630193214574,0.028143273790019182,7.102625467819412e-16
1483,20.735873333333334,-103.41533666666668,3,3,3,0.003151263479457589,0.02620502436991236,1.1788773301448496e-17
1484,20.73655,-103.41848,1,1,1,0.0015588070245961473,0.025364460050243044,1.1425244984333011e-18
1485,20.736620000000002,-103.420275,2,2,2,0.0018913359061740586,0.02507484265693705,2.062220976213931e-17
1486,20.73621,-103.41715,1,1,1,0.0006898133204385393,0.024344091512981628,1.736489379133551e-18
1487,20.50411,-103.39679,1,0,1,0.0,0.0,1.1308881024556818e-104
1488,20.529442500000002,-103.37480249999999,4,5,7,0.023509263204748325,0.022444009914504078,5.249993419624924e-13
1489,20.550862000000002,-103.356796,5,7,7,0.034117321627712444,0.026178321669324843,1.3948388565185982e-09
1490,20.57943,-103.341935,4,4,4,0.020361644136088264,0.028476115381389968,2.117212451117125e-08
1491,20.62749,-103.32116,1,3,1,0.0001429817541912518,0.029538214453652085,4.375494856470475e-12
1492,20.63164,-103.32382,1,1,1,0.0016303545505642737,0.028457950640242074,1.3448886694079176e-13
1493,20.63319,-103.32482,1,1,2,0.0016297314129667681,0.027739819862411107,1.1320923420100183e-14
1494,20.6588125,-103.34560499999999,4,4,3,0.002565174244567458,0.03326438632583135,7.050776242677368e-12
1495,20.636290000000002,-103.331535,2,2,3,0.0,0.028792973545405016,3.3482923353150993e-16
1496,20.58397,-103.33417,1,1,1,0.00027842920833993765,0.027434437628456994,2.4053679403288346e-10
1497,20.529025,-103.379275,4,8,9,0.022880120826757812,0.021797827798471867,1.4108312415686773e-12
1498,20.48428,-103.40749,1,0,1,0.0,0.0,1.1308881024556818e-104
1499,20.48664,-103.40606,2,2,2,0.00046961915302911147,0.01581075528512971,5.115542856536456e-15
1500,20.488505,-103.40548,2,2,2,0.00093889841282322,0.016024298251934882,6.08372595741733e-14
1501,20.49016,-103.40562333333332,3,2,2,0.001408007725999827,0.016230271699081384,7.184027763954972e-13
1502,20.59149,-103.38156000000001,2,1,1,0.0,0.02762716142408885,5.397941235533264e-07
1503,20.58347,-103.38558,1,1,1,0.0,0.029881864149787225,5.875792139490589e-06
1504,20.576045,-103.388755,2,2,3,0.019634725804161902,0.02809030829225189,4.5713334984647976e-08
1505,20.56726,-103.39194,1,1,1,0.005743459236207784,0.02613436169525234,3.843740762885403e-09
1506,20.48547,-103.40678,1,1,0,0.0,0.015597802917466576,4.3014628289351126e-16
1507,20.491,-103.35421,1,1,1,0.0,0.01635091281523348,3.8097699396554406e-22
1508,20.508119999999998,-103.362906,5,4,6,0.002887959520075284,0.018401725272106317,8.367263869454895e-18
1509,20.511975,-103.3695075,4,6,6,0.008268280600597387,0.018798009015065877,4.784125914283698e-18
1510,20.666335500000002,-103.3462625,4,3,3,0.012153449106256403,0.034953745056233824,7.24935725757481e-12
1511,20.66138,-103.34579,1,3,3,0.0007128694115462412,0.03338915076894073,2.726036823086738e-11
1512,20.645985,-103.33908,2,4,3,0.00023509282087705823,0.03235141528008102,4.8459088994193645e-14
1513,20.53036,-103.29296,2,3,2,0.006445282117616428,0.01886235461082381,6.30300641621267e-18
1514,20.549425,-103.30199,2,3,3,0.007339088027929253,0.02100909910676999,8.725134959297091e-16
1515,20.55913333333333,-103.30702000000001,3,4,4,0.0096631080222621,0.022503095030804575,5.5309323873241597e-14
1516,20.561325,-103.30767,2,4,4,0.010268004682822397,0.023021824525826795,6.012757633356409e-13
1517,20.58295,-103.317965,2,2,2,0.0,0.02384022594190541,1.0314695033079712e-14
1518,20.63288,-103.33785,1,1,1,0.0008960152163403446,0.026555386115032786,7.332064413086774e-16
1519,20.63674,-103.342805,2,2,2,0.003690249176863558,0.0309041955605415,3.005869793057711e-13
1520,20.63963,-103.34658,1,1,2,0.0019035720626341657,0.029200209433282342,2.6071072233575633e-14
1521,20.640639999999998,-103.34841,2,2,2,0.0019029489250366601,0.028554450625364273,4.523327746904648e-15
1522,20.641613999999997,-103.3519125,8,10,8,0.04135590511434707,0.03375811917415973,4.6111531457422633e-10
1523,20.645396666666667,-103.35805666666666,3,3,4,0.005647496046191944,0.03232153382954741,5.717473567336477e-10
1524,20.646846666666665,-103.36033666666667,3,3,6,0.006470065999335395,0.0323979387825904,3.050416752624154e-09
1525,20.648485,-103.3629,2,3,2,0.0030129552572476285,0.031688755649007694,7.976641875982661e-10
1526,20.64942,-103.36465,1,2,1,0.0030123321196501227,0.03096134813264573,1.3906134186820244e-10
1527,20.650164285714286,-103.36708857142857,7,5,5,0.014241130004517181,0.03317850204649458,2.809738802070662e-07
1528,20.65513,-103.37516,1,2,1,0.0001950420680192076,0.030822270346098288,1.0698948986959628e-06
1529,20.655815,-103.37712,2,2,3,0.0010608067864442874,0.030432111502430578,5.664180848093792e-06
1530,20.65137,-103.369615,2,3,2,0.0037715969577742704,0.03096713893957854,1.6048423480439442e-06
1531,20.648294999999997,-103.36397500000001,2,2,2,0.003960634245308425,0.03210127905035803,4.897751650588169e-08
1532,20.646845,-103.361535,2,3,2,0.005058602692113038,0.0314596291261708,8.736053931730584e-09
1533,20.64046,-103.34951,1,1,1,0.002560953903566171,0.033081660165945534,3.997123166813694e-11
1534,20.63858,-103.34605,1,1,1,0.0025603307659686656,0.0315679188330924,3.465548870382324e-12
1535,20.63459,-103.34083,1,1,1,0.001550904506882328,0.029818284921775934,2.6071072233575633e-14
1536,20.63282,-103.33882,1,1,1,0.0015502813692848227,0.028960959863508676,2.261663873452324e-15
1537,20.63016,-103.33578,1,1,2,0.001549658231687317,0.02774297906469997,1.9623463554503412e-16
1538,20.628276666666665,-103.33309000000001,3,4,3,0.0051882153123941725,0.028391965946946797,2.4756255046975805e-16
1539,20.523139999999998,-103.3613,2,2,2,0.00047012899288161595,0.020355726281745687,1.1980179236854211e-17
1540,20.52434,-103.36244,1,1,1,0.0004657103808265773,0.019958578366917733,1.0073275025439557e-18
1541,20.52652,-103.36297,1,1,1,0.0004650872432290718,0.01956370455325003,8.469884909253679e-20
1542,20.530655000000003,-103.36039,2,2,2,0.0006921075997748093,0.021110011297934262,2.8408755045819674e-16
1543,20.530585000000002,-103.35625999999999,2,2,2,0.0006642930033770658,0.020861665257224615,2.549800160198111e-15
1544,20.530144999999997,-103.354775,2,2,2,0.0010508649093204502,0.02112594956532203,3.00407086977654e-14
1545,20.529365,-103.34980999999999,2,2,2,0.0014470954480251693,0.021764024549422327,3.547242362388202e-13
1546,20.577883333333332,-103.36303,3,4,4,0.00861102516218289,0.030074433922923433,2.5561394906114416e-07
1547,20.610095,-103.398605,2,4,6,0.0021240777988423463,0.033167396390772826,7.2514403063927e-05
1548,20.611620000000002,-103.39437749999999,4,3,4,0.0025788266228400775,0.033329663034787696,6.677352689923582e-06
1549,20.60939,-103.39545,1,2,1,0.0001583902475113867,0.03226038374586972,1.1229121633611971e-06
1550,20.48356,-103.39161,1,0,1,0.0,0.0,1.1308881024556818e-104
1551,20.48565,-103.39144,1,1,1,0.00023486622538705624,0.0002461881862495692,1.0630348163083404e-102
1552,20.48765,-103.39205,1,1,1,0.00046961915302911147,0.00032825091499942555,4.944242783936239e-101
1553,20.48906,-103.39238,1,1,2,0.0007042587829261658,0.0003929976551139912,1.516950682872002e-99
1554,20.4905,-103.39381,1,1,1,0.0,0.00041164439070198234,3.453588642110637e-98
1555,20.48998,-103.39591,1,2,1,0.0011731981494852712,0.00046970114481825694,6.568088176739036e-97
1556,20.49346,-103.39628,1,1,1,0.0014074978861473226,0.0004206554278961542,9.864688312150257e-96
1557,20.55413,-103.3971,1,2,1,0.01588009518370153,0.021495949888220567,2.021764311725222e-14
1558,20.582259999999998,-103.38558800000001,5,6,5,0.026534671772467308,0.030018678249858162,6.4197288366182795e-06
1559,20.55336,-103.39774,1,1,1,0.0060550846838330116,0.023811860064054034,2.504417728939136e-12
1560,20.56252,-103.33397,1,1,1,0.0012041850827430426,0.02495615221415407,4.138155446959954e-12
1561,20.56255,-103.33577,1,2,2,0.0012353986114908158,0.0244282361541504,1.6649192935598431e-12
1562,20.562685000000002,-103.33755500000001,2,3,2,0.0013203719202415597,0.023982937200937342,1.566265834869665e-11
1563,20.56293,-103.339405,2,2,2,0.001408234321489829,0.02379852649942193,1.553352441096138e-11
1564,20.61244,-103.380475,2,2,2,0.0012106430542080991,0.03019546025262191,8.63577863304675e-10
1565,20.60923,-103.37788499999999,2,2,2,0.0007856632127093785,0.02875665519154023,1.3875358125117692e-07
1566,20.58492,-103.38514,1,1,1,0.00019396573944169816,0.024232345973985017,1.1666897384523161e-08
1567,20.60985,-103.3799,1,1,1,0.0003559248659206161,0.02803614560931366,1.1666897384523161e-08
1568,20.61811,-103.38441,2,3,2,0.0024985551705068746,0.03226363269824239,1.0889621090068901e-07
1569,20.619333333333334,-103.38745333333333,3,4,4,0.004546695155762306,0.0336214143538217,6.208696782046952e-07
1570,20.623685000000002,-103.39201,2,2,2,0.006795315500796993,0.032065855339319084,8.941068229741822e-09
1571,20.62529,-103.391575,2,2,4,0.006478988196754223,0.031252161212599126,8.059778310015314e-10
1572,20.62932,-103.3918,1,2,2,0.0020711111030543823,0.029950031102843375,1.0121203413418478e-10
1573,20.63203,-103.39252250000001,4,3,2,0.0036861987824797723,0.029357854433918196,5.542365497113413e-07
1574,20.636725,-103.391615,2,2,2,0.0005909610379251738,0.02957360214693593,6.036500222675424e-07
1575,20.63731,-103.39327,1,1,1,0.00034079961696298366,0.028784094141297248,5.260781768911576e-08
1576,20.643495,-103.386875,4,5,5,0.0041300710229574085,0.031547247303649786,8.781227851806099e-08
1577,20.64963,-103.38649,1,1,3,0.0015074548216744478,0.029779822284556896,2.565756926405741e-08
1578,20.650225,-103.384795,2,2,2,0.0005662054806424571,0.029288008782386188,4.491385208342511e-08
1579,20.64941,-103.38305,1,1,1,0.0002812616519649624,0.028377626057501146,3.914926882868735e-09
1580,20.65947,-103.37897,1,1,1,0.0007056750047386781,0.02970304689842587,4.855514330951174e-07
1581,20.6601,-103.37771,1,1,1,0.0007050518671411727,0.02887987298734457,4.232147639267388e-08
1582,20.65938,-103.3758,1,1,1,0.0007044287295436672,0.02811442712388161,3.6889565282137226e-09
1583,20.6583,-103.37294,1,1,1,0.0007038055919461617,0.02722492721556168,3.2156060128566424e-10
1584,20.656895,-103.369,2,3,4,0.00413709548314747,0.03167356378303964,8.798213628346723e-09
1585,20.65669,-103.37118,1,1,1,0.0007152203397550117,0.03054759086131715,7.669329673688043e-10
1586,20.65813,-103.37498,1,1,1,0.0006409819923431118,0.0297780706066307,7.823267446694955e-09
1587,20.65848,-103.37595,1,1,1,0.0006403588547456063,0.029150007399832856,6.81943877989555e-10
1588,20.65904,-103.3774,1,1,1,0.0006397357171481009,0.028465608953766933,5.944632983403845e-11
1589,20.654215,-103.380565,2,2,4,0.0066222248708717275,0.0315622412809515,5.617777915444929e-06
1590,20.65034,-103.38239,1,1,1,0.00020257636806177354,0.029861833339005564,4.896352486539434e-07
1591,20.64489,-103.3877,1,1,1,0.0018064758951683157,0.029512933705052348,2.565756926405741e-08
1592,20.634973333333335,-103.39178500000001,6,4,4,0.0030077718854138328,0.029441376702798058,6.359818039493024e-06
1593,20.6302,-103.39306,1,1,1,0.003104329888590928,0.028649458718449452,4.830128205907919e-08
1594,20.62861,-103.39099,1,1,1,0.0031037067509934227,0.027777743344554292,4.209605887827788e-09
1595,20.627166666666668,-103.39111333333334,3,3,3,0.004795298732730733,0.030445815304632615,6.246665425767196e-10
1596,20.620836428571433,-103.38968571428572,7,9,9,0.2325407891709109,0.03495349180370599,7.3686155509702135e-06
1597,20.527785,-103.174815,2,2,2,0.0004763603688566705,0.010616899313151523,3.063377644532153e-45
1598,20.526405,-103.17493999999999,2,2,2,0.0018799494828014589,0.010817861632357147,3.4547147814877177e-45
1599,20.52522,-103.17495,1,1,1,0.0014063082598248123,0.010725945780219454,4.4225758069257116e-46
1600,20.523764999999997,-103.175275,2,2,2,0.0030464630653316716,0.011112381039024283,1.4598676810576455e-42
1601,20.522156666666664,-103.17549333333334,3,2,2,0.0035110971175807393,0.011218866165332065,1.1403851562775799e-41
1602,20.521144999999997,-103.17635999999999,2,2,2,0.0042116170749218725,0.011312267191896624,8.762778692290907e-41
1603,20.5193,-103.17567,1,1,1,0.0023366526929004573,0.01120116752529631,1.1216970230878709e-41
1604,20.51898,-103.17734,2,2,2,0.004911117352557996,0.011477182930734008,6.731774463931145e-40
1605,20.513125000000002,-103.17896999999999,2,5,4,0.016336401851693026,0.01192446668154583,3.1519746448922983e-37
1606,20.51656,-103.17818,1,1,1,0.005381869483037118,0.011726387999701134,4.0334096939712873e-38
1607,20.518235,-103.17874499999999,2,2,3,0.00818496899210666,0.011606682829476548,5.2482182793134134e-39
1608,20.52674,-103.18181,1,1,1,0.0023433939087280165,0.011273641149717717,6.717415587464672e-40
1609,20.52926,-103.18147,1,1,1,0.0023427707711305107,0.01113839482734071,8.598416432850761e-41
1610,20.52801,-103.18044,1,1,1,0.0011748976156602863,0.010915664220495488,1.4090021709224464e-42
1611,20.528315,-103.177795,2,2,2,0.0014110101162423533,0.010791860878005608,1.8342591517517152e-43
1612,20.504935,-103.20521,2,2,2,0.0004945446569293297,0.01260231700407015,4.686951978898927e-35
1613,20.50344,-103.20658,2,2,2,0.00025877204958226553,0.012441999927452915,6.091172233048572e-36
1614,20.50184,-103.205285,2,2,2,0.0002539568954197234,0.012295844919496677,7.922992024527812e-37
1615,20.500435,-103.20414,2,2,2,0.0004807223320392087,0.012167884909649351,1.0471417707313986e-37
1616,20.498886000000002,-103.20203000000001,5,2,2,0.0014030226252197834,0.012323525427629465,2.626001188583912e-38
1617,20.50121,-103.19892,2,1,1,0.0011580729005276388,0.01213689113487572,3.3606600419880354e-39
1618,20.502405,-103.199825,2,2,2,0.0023248130785478538,0.01264047702364174,7.857364443975059e-37
1619,20.504105000000003,-103.20118,2,2,2,0.0027874077713869036,0.012798203957772574,6.141246469057915e-36
1620,20.505834999999998,-103.202145,2,3,3,0.006264798809829848,0.012948546216563911,4.726764373425408e-35
1621,20.50562,-103.20436000000001,2,2,2,0.006718329683068819,0.013110341584607142,3.57902071002931e-34
1622,20.50658,-103.20846,1,2,2,0.015008155738173896,0.013146849000047249,3.975581548982559e-34
1623,20.504175,-103.232675,2,2,2,0.03198553958221003,0.014841845070630258,1.6443556512457811e-31
1624,20.50855,-103.2343,1,1,1,0.01600608227614263,0.014507826377992781,2.0875747119652455e-32
1625,20.511826666666668,-103.23689999999999,3,3,4,0.0381617395554491,0.015386187506638277,1.2973629982352264e-30
1626,20.513620000000003,-103.238425,2,3,2,0.03917258203634796,0.0156136613038283,1.0136689789385244e-29
1627,20.51735,-103.24095,1,1,1,0.019822516816501046,0.015236643194057245,1.2735291663589735e-30
1628,20.520155000000003,-103.243605,2,2,2,0.04166348960906726,0.016440030473438238,5.325065090916213e-27
1629,20.5234,-103.24662,1,1,1,0.02140149083970737,0.01602698820490116,6.419205975942478e-28
1630,20.52578,-103.2486,1,1,3,0.021400867702109864,0.015605371284692129,7.882541888388473e-29
1631,20.53015,-103.248055,2,2,2,0.00093889841282322,0.015163773583652396,9.969517998113246e-30
1632,20.5357,-103.24729500000001,2,2,2,0.000469562504156611,0.014760016726537768,1.2727285866763125e-30
1633,20.53909,-103.24649,1,1,1,0.0,0.014475314604205576,1.6089682977208938e-31
1634,20.527440000000002,-103.24999500000001,4,4,4,0.04301309234751908,0.01729836400159045,3.9751663161979917e-25
1635,20.53467,-103.25564,1,2,2,0.020939236040103323,0.016592072469800996,1.5659769636565598e-23
1636,20.54267,-103.26191,1,1,1,0.020900828104547985,0.015868713790926633,1.6376618113357755e-24
1637,20.550485000000002,-103.26837,2,2,2,0.04213877364934642,0.019492739175846308,1.4302969551490369e-24
1638,20.557389999999998,-103.273855,2,2,2,0.042798053227507196,0.02064289032832773,1.9766376070055293e-22
1639,20.56005,-103.27594500000001,2,2,2,0.04345767269890297,0.021123363150618458,2.347579066517892e-21
1640,20.562159999999995,-103.28323833333332,6,4,5,0.051206898563735816,0.022393088411533143,3.2921820984970506e-19
1641,20.57007,-103.32703,1,2,1,0.004610821679432868,0.02143852385258702,3.7050638803436634e-13
1642,20.57283,-103.32629,1,1,2,0.004610198541835362,0.02092555042963206,3.115337441739993e-14
1643,20.57335,-103.3221,1,1,1,0.01262833660442806,0.025240239985871826,2.0592373085022264e-13
1644,20.56966,-103.30512,1,1,1,0.008691976400986097,0.023220810204420936,1.7147444052985751e-15
1645,20.56208,-103.28586,1,1,1,0.011175802864642844,0.02126398961103241,2.0729723490532003e-18
1646,20.5618,-103.27947,1,1,1,0.021456043703925346,0.021704699686476297,2.7701458165785295e-20
1647,20.55541,-103.27245,1,1,1,0.02079517795733456,0.020186345953835314,1.6633421986205124e-23
1648,20.546065,-103.26479,2,2,2,0.041483346194515686,0.018910643821553295,2.9978055829441766e-25
1649,20.530994999999997,-103.252945,2,3,2,0.020205010003624395,0.017634600820601986,1.7134964691821165e-24
1650,20.52466,-103.24806,1,1,1,0.021607069598011668,0.016908945086964576,4.528367095478435e-26
1651,20.51775,-103.24184,1,1,1,0.020026226162012828,0.01612723671540145,6.419205975942478e-28
1652,20.51524,-103.23987,1,1,1,0.020025603024415323,0.015817674396638854,7.882541888388473e-29
1653,20.50049,-103.20006,1,1,1,0.0007032391032211568,0.012459895168209844,1.0051353030018563e-37
1654,20.528055000000002,-103.17606,2,2,2,0.00024194733444961823,0.01069499447910356,2.387323099430104e-44
1655,20.52808,-103.17947,1,1,1,0.0009369157022857027,0.010688823691676995,2.348107086325017e-44
1656,20.53029,-103.18016,1,1,1,0.0009362925646881972,0.01057073704884487,3.005927040699799e-45
1657,20.5303,-103.18131,1,2,2,0.003512966530373256,0.011041628935534531,1.1006950516592176e-41
1658,20.52353,-103.18072,1,1,1,0.0021022963073659053,0.010792616887667762,1.4090021709224464e-42
1659,20.52059,-103.17968,1,1,1,0.0021016731697684,0.01065517390007247,1.803697853274213e-43
1660,20.5096675,-103.19065,4,2,2,0.0012050914647030505,0.012474654641498635,7.37669523263828e-36
1661,20.52509,-103.17596,1,1,1,0.0011739345848277777,0.011005185811617123,1.8688133189709014e-43
1662,20.52636,-103.17611,1,1,1,0.0011733114472302724,0.010910073127136348,2.3923418304321305e-44
1663,20.52671,-103.17366,1,1,1,0.00023786861562958252,0.010716224866565083,4.4225758069257116e-46
1664,20.5279,-103.17342,1,1,1,0.00023724547803207708,0.010625998820839071,5.66161060338621e-47
1665,20.50722,-103.19082,2,2,2,0.0007381348086814624,0.012327744002500914,9.593376985686999e-37
1666,20.505695,-103.190815,2,2,2,0.00027134809927737563,0.012199115412906794,1.2481090208855017e-37
1667,20.50446,-103.1906,2,2,2,3.557549193031146e-05,0.012080558655118345,1.6270716974598733e-38
1668,20.502875,-103.19288,6,2,2,0.0002623409285497968,0.012108585185010264,2.3427866648984043e-39
1669,20.503055,-103.195585,2,2,2,0.0007206869559513095,0.012232794894374637,2.0349731508820958e-39
1670,20.504350000000002,-103.19556499999999,2,2,2,0.0011790329833528223,0.01234966871530135,1.3557992885833853e-38
1671,20.505735,-103.195565,2,2,2,0.0016374356596268356,0.012471409526809902,1.039227856406102e-37
1672,20.505940000000002,-103.19728,2,2,2,0.0020957816870283484,0.012616686190044723,7.98818119225838e-37
1673,20.505985000000003,-103.19959,2,2,2,0.0025563370204573807,0.01277348866271696,6.142920612399628e-36
1674,20.85749,-103.428075,2,1,2,0.00023514946974955873,0.012057828824446587,5.887760863161526e-30
1675,20.857991000000002,-103.42608179999999,10,4,4,0.0007045986761611687,0.012219378611120716,3.7983558770798034e-29
1676,20.85557366666667,-103.42562999999997,6,6,6,0.0011738212870827768,0.012295366249027197,8.017609030077693e-29
1677,20.85280542857143,-103.42532285714285,7,6,6,0.0016435537378568892,0.012471097245145025,1.3668136381138718e-28
1678,20.852815,-103.42869999999999,2,2,2,2.0393594100178544e-06,0.01265970570922633,3.2643422790033654e-29
1679,20.850875000000002,-103.42855,2,2,2,0.0007049952182686722,0.012812511135432754,7.857427197159075e-29
1680,20.84955,-103.42845,1,1,1,0.00046803298459909763,0.012670165376696997,1.1805820219602868e-29
1681,20.847683999999997,-103.427982,5,4,4,0.0030445370036666546,0.012977562304912395,4.971969201077068e-28
1682,20.847614999999998,-103.429945,2,2,2,0.0035109838198357384,0.013134951798661611,1.5335927766549454e-27
1683,20.750513,-103.42025699999999,6,6,6,0.0369738693479862,0.025547645808300632,1.807414030618603e-17
1684,20.754053000000003,-103.42512533333333,6,6,6,0.036325296406728026,0.024633293604700648,7.207666283558338e-18
1685,20.75585933333333,-103.42759833333334,6,6,6,0.035673267884247316,0.024121522302755802,2.7083262004763816e-18
1686,20.7575085,-103.42971,4,4,4,0.01716387193230777,0.02373092836978483,9.865160438084998e-19
1687,20.761696,-103.43565166666667,6,7,6,0.03443214773663395,0.022757931880566757,1.9911873141357942e-19
1688,20.765741600000002,-103.4411744,5,5,5,0.0369735294547512,0.02190774859447846,2.197876936599866e-20
1689,20.849735714285714,-103.44501542857144,7,7,6,0.006555067632522389,0.013794619668954502,1.036165885283932e-26
1690,20.771986666666667,-103.44982666666665,6,7,6,0.035411266848932525,0.020563909289187998,1.255200890309434e-21
1691,20.773744666666666,-103.45226033333331,6,6,6,0.034502958827259574,0.020186852766063478,5.015800182478673e-22
1692,20.776704000000002,-103.45629033333334,6,6,7,0.034053506672840635,0.019675488174929413,2.1301391463631235e-22
1693,20.785269666666665,-103.462025,6,6,7,0.022292860848502672,0.018478213791258587,5.021005239777561e-23
1694,20.80211225,-103.45749125,8,8,7,0.02196673328951732,0.01713564390886392,2.660608027451555e-23
1695,20.8079216,-103.45610400000001,5,5,5,0.013988872575272471,0.016657405337080176,9.789970702657883e-24
1696,20.809749999999998,-103.4554875,4,4,4,0.0066583385270907935,0.016474512416820533,3.686202787228231e-24
1697,20.81367933333333,-103.45457499999999,6,6,7,0.013298209521746426,0.016143369502193375,1.5779356321351903e-24
1698,20.821562000000004,-103.45258666666666,6,7,6,0.011690741115672351,0.015546370505669914,6.5687621464510215e-25
1699,20.82811,-103.45072,1,2,1,9.279085315581238e-05,0.01508352710333024,8.296322758780682e-26
1700,20.83004433333333,-103.45033333333333,6,6,7,0.009349386566354354,0.014958045335575721,1.944050215593467e-25
1701,20.841705,-103.447295,2,2,2,0.008182986281569141,0.014268890606803817,2.8259299202258527e-26
1702,20.847930666666667,-103.44569033333333,6,6,7,0.0077213546195626,0.013894051344289447,2.315103889275769e-26
1703,20.85746,-103.42959,1,1,0,0.0,0.01195176857012555,9.166839083429295e-31
1704,20.7589816,-103.43196,5,6,6,0.034826367240364905,0.023388189953912373,4.096540906792133e-19
1705,20.75265,-103.42348,1,1,1,0.0,0.024005206534343262,8.33275016406709e-19
1706,20.748574666666666,-103.41767500000002,6,6,6,0.03785651543041643,0.026263857639931734,4.7034555224351064e-17
1707,20.747295333333334,-103.41638,3,3,3,0.019605098443844143,0.025795707807832243,1.6311252851511205e-17
1708,20.745207999999998,-103.41266999999999,4,5,4,0.024677211892048547,0.027406090881520993,3.390693823510252e-16
1709,20.743863333333334,-103.41110833333333,6,6,7,0.04489122906640052,0.027895737330914848,9.680979985086005e-16
1710,20.73951,-103.40058,1,1,1,0.00047012899288161595,0.02570648352942726,9.08770499167213e-16
1711,20.73964,-103.39927,1,1,1,0.0004695058552841105,0.025163207806023945,1.0499332205712128e-16
1712,20.73975,-103.39489,1,1,1,0.000468882717686605,0.024288898248867083,1.2132576368393928e-17
1713,20.7392048,-103.38163,5,7,9,0.017135122629513767,0.028248411577551744,2.2802580884776928e-17
1714,20.732464600000004,-103.35661999999999,5,6,7,0.03678964721461459,0.03234895672052673,2.8313194275006724e-17
1715,20.731169142857144,-103.35257857142857,7,7,7,0.07701993545578531,0.03344621850479381,1.5146649114675767e-16
1716,20.728942500000002,-103.34631,4,6,5,0.048720141465075036,0.03184114179300704,4.021241841326945e-17
1717,20.72777,-103.3431275,4,4,4,0.024979675328694703,0.030716385174440388,7.419827482644217e-18
1718,20.725575666666668,-103.33727166666665,6,8,8,0.025655184808826868,0.029551188740222552,3.4485556061423503e-18
1719,20.72217,-103.32806500000001,4,4,4,0.016338276929372782,0.028559140645583056,1.4380233577492054e-18
1720,20.72042,-103.32282,2,2,2,0.006301314673043671,0.027297587263914427,2.5140744626030006e-19
1721,20.721275000000002,-103.3179375,4,4,4,0.0076567522453630365,0.027051953621193177,5.233385509536112e-20
1722,20.7204,-103.31585199999999,5,8,8,0.01686366123249139,0.026896909482211115,9.547234722748966e-20
1723,20.72107,-103.32206,2,2,2,0.0001805399566590806,0.02589437232437859,9.138664341638243e-21
1724,20.721491666666665,-103.32572666666665,3,4,4,0.00988089461259026,0.027230573885970177,9.74821514117216e-19
1725,20.72666,-103.33961,1,1,1,0.0,0.028638027312061196,3.030793090874353e-19
1726,20.74070371428571,-103.38892714285716,7,10,9,0.016903032198879234,0.027232563132365724,7.121855902638413e-17
1727,20.74082,-103.39232,1,1,1,0.0005375978000297067,0.026421003401717023,8.124809495036591e-18
1728,20.74074,-103.39508,1,1,1,0.0005369746624322012,0.025689782915197905,9.30186711523435e-19
1729,20.74065,-103.39913,1,1,1,0.0005363515248346957,0.02481995031689094,1.0677464490092975e-19
1730,20.74227,-103.40839,1,2,1,0.00015646418584636983,0.02815825105716569,5.399039579191543e-16
1731,20.747134,-103.41507000000001,3,3,4,0.021738211737850316,0.026714785776220048,1.175631276844605e-16
1732,20.53592,-103.32412,1,1,1,0.0,0.02065829036112136,6.068442165050728e-16
1733,20.53799,-103.32432499999999,2,2,2,0.000469562504156611,0.021129514631903944,7.217194576784825e-15
1734,20.539025,-103.325905,2,2,2,0.0018766071993239295,0.02156741072855298,8.522712421834913e-14
1735,20.53934,-103.32816,1,1,1,0.0014057984199723078,0.021114861104272808,7.166169279150461e-15
1736,20.5476225,-103.32991000000001,4,8,6,0.012860738603861345,0.023863140471712892,2.1161391677805706e-10
1737,20.58344,-103.34962,1,1,1,0.0,0.02675999995403644,1.9321147888277577e-10
1738,20.610896666666665,-103.34684,3,3,3,0.00033309537030291626,0.02893119594532891,5.1818534288712015e-14
1739,20.61601,-103.35056,2,2,3,0.0010499302029241921,0.02932159353075004,3.494378278235494e-13
1740,20.617105000000002,-103.34981,2,4,3,0.002389874308614673,0.02995055246257431,3.6183793717464864e-12
1741,20.618335000000002,-103.34910500000001,2,2,2,0.002383076443914614,0.030477884195006872,4.5589010864349865e-12
1742,20.63273166666667,-103.35047000000002,3,3,3,0.0014750799910404142,0.031384125608553005,8.332237274423176e-12
1743,20.6375235,-103.35145875,4,4,4,0.020280353004050053,0.0326157501355008,8.138740823632144e-11
1744,20.6463472,-103.35288399999999,5,5,6,0.02431606588837914,0.033123609887736154,1.0444948503210106e-10
1745,20.64808,-103.35201666666667,3,5,4,0.00267164580043214,0.032737638976898464,9.27650173255244e-12
1746,20.6518,-103.35039499999999,2,4,2,0.0004288886137012549,0.032936628175548925,1.0805357441189424e-11
1747,20.652495000000002,-103.34928500000001,2,3,5,0.0024317095009562897,0.03322649424504071,1.5059160222191967e-12
1748,20.657935000000002,-103.352765,2,3,3,0.035244137568690055,0.03427904692683897,1.3010570349801278e-09
1749,20.66062,-103.35307,2,5,3,0.0009537120929820997,0.03317541515359061,1.986105003456219e-09
1750,20.6554,-103.34785,1,1,2,0.012486198918437072,0.03385750967406625,1.738822048815629e-11
1751,20.654355714285714,-103.34629142857143,7,5,5,0.013836538092231395,0.03371693662054921,3.3049538728797432e-12
1752,20.65071,-103.35112,1,1,1,7.862863503068839e-05,0.032029529822463584,9.37893704663642e-13
1753,20.64421,-103.3525,1,1,1,0.0,0.031997684479109015,9.06476098632955e-12
1754,20.67676,-103.28629,1,1,1,0.000812344831657112,0.02612056381934998,1.8507147487022786e-25
1755,20.674803333333333,-103.28618999999999,3,1,2,0.0008117216940596066,0.025580316719422565,2.3610136561617935e-26
1756,20.672465000000003,-103.292445,2,3,3,0.00431186669629025,0.02911382027454936,2.87801896909997e-23
1757,20.680805,-103.32866,2,5,2,0.000357397736605629,0.03283379751322879,1.7136081306940728e-13
1758,20.6815425,-103.3312975,4,4,4,0.001331135206016654,0.03248687509934746,3.298683774869688e-14
1759,20.68916,-103.34876,1,1,1,0.0005370313113047017,0.03210137119454281,3.006366647319125e-16
1760,20.68912,-103.368225,2,1,1,0.0014063082598248123,0.02767132990801248,1.0809424081478015e-18
1761,20.6895575,-103.37335499999999,4,5,5,0.004860784829341306,0.03212750283552943,6.127274330948212e-11
1762,20.68167,-103.32984,1,2,2,0.0006389426329330939,0.03160419073273804,5.75091872134582e-15
1763,20.67738,-103.28769,1,1,1,0.00011658337960602068,0.026721659301117005,3.069232869986999e-26
1764,20.71305,-103.31649,3,2,2,0.003163782880280199,0.02729646671259043,4.241100177093006e-16
1765,20.71607,-103.31657,1,1,1,0.0014091123790135867,0.026397421367396878,3.6953224968144016e-17
1766,20.716172,-103.3200735,10,8,8,0.01700067219552109,0.02888676973820928,5.583569339645037e-14
1767,20.717109999999998,-103.32621,2,2,2,0.0008023746300970247,0.02789080419806615,3.6625673480596626e-16
1768,20.7172,-103.32991,1,1,1,0.0008735728213513981,0.027627195548493483,3.475919591947721e-18
1769,20.71601,-103.31759,1,1,1,0.0020755580395456713,0.028240613589375192,4.864502009349465e-15
1770,20.69785,-103.2754,2,2,3,0.0,0.023083596772556024,1.3519832779731188e-24
1771,20.65916,-103.44508,2,5,5,0.0051516201407588525,0.02412755424986364,1.3850822421878771e-07
1772,20.658918,-103.442348,5,6,5,0.0036309378073555386,0.023636258258943315,2.646459816402889e-08
1773,20.658730000000002,-103.4393675,4,5,6,0.003710047957802481,0.02349006634344389,4.577441150297007e-09
1774,20.65861,-103.43757,2,2,2,0.0014930376836230716,0.023354872843123486,3.8766538334775277e-10
1775,20.65849,-103.435085,2,2,2,0.0019230026259018358,0.023451251441286142,3.302476108754589e-11
1776,20.65904,-103.43227,1,1,2,0.0013152451972802649,0.02278455624166035,2.7768502441790686e-12
1777,20.68944,-103.41856,1,3,3,0.002527361122173377,0.024963236981065125,3.19325160037449e-12
1778,20.69254,-103.415245,2,3,3,0.0015393198124559768,0.02437738455656317,3.051945454926959e-13
1779,20.69826,-103.41586,1,1,1,0.0009450164910532736,0.02399952822268681,2.015901453167369e-16
1780,20.69986,-103.415805,2,2,3,0.0020267267114502437,0.024666739932942786,1.7604377431308722e-17
1781,20.68934,-103.28064,1,2,1,0.0004050394383785461,0.024475460087336472,2.4957730093986365e-26
1782,20.71004,-103.40646,1,1,1,0.0016992395795248768,0.025836773984132866,2.381405191644831e-19
1783,20.711165,-103.40156999999999,2,2,2,0.0019111063626767316,0.027692178282052147,1.6108219237609934e-17
1784,20.711824999999997,-103.39793499999999,2,2,3,0.004964593888198465,0.028551617472739495,1.4290553011954482e-16
1785,20.710479999999997,-103.39277,2,2,2,0.005798408642533265,0.029803547886575278,1.2637150205362434e-15
1786,20.70962,-103.38871,1,1,1,0.0026665190774708453,0.028216119300089125,1.4108162591569608e-16
1787,20.71147,-103.37836,2,3,2,0.003662632851519566,0.03202663634107452,2.5745520047956186e-14
1788,20.712906750357142,-103.37625458606499,14,14,18,0.15408545625927175,0.0341839602305209,1.0329444807309053e-13
1789,20.710639999999998,-103.372545,2,4,3,0.000757848616311635,0.03264984773764754,3.4592779774887035e-14
1790,20.709220000000002,-103.370305,2,2,2,0.0002932712129350676,0.03160054964549808,7.349658955874936e-15
1791,20.707075,-103.366935,2,2,2,0.0003947293435834558,0.031813754120604186,4.039194435548704e-14
1792,20.70549,-103.3648,1,1,1,0.0002479521149346708,0.03077397233354716,3.5318386872902838e-15
1793,20.69791,-103.35293,1,1,1,0.00046769309136409466,0.035305266170477925,4.8226653083629104e-14
1794,20.696075,-103.349795,2,2,2,0.0014699815925153696,0.033897229121067476,4.605920531263405e-15
1795,20.69446,-103.34947500000001,2,3,3,0.0006473266660631673,0.033854812224613576,5.297416928667205e-15
1796,20.69517,-103.34755,1,3,3,0.002108414385595959,0.03484197646785446,5.158786143525993e-14
1797,20.698145,-103.348,2,4,2,0.0015104855363532242,0.03410985395247901,5.23399990403945e-14
1798,20.69996,-103.34778,2,2,2,0.0010469844615541663,0.03313988124208938,4.567374993516426e-15
1799,20.70384,-103.34712,1,1,3,0.0004536441709839716,0.03170488949065552,3.982299060765938e-16
1800,20.70249,-103.34763,1,3,1,0.00034414190044051296,0.03271693029837874,4.823338531371837e-17
1801,20.69635,-103.34844,1,1,2,0.00080639670004456,0.032972089648219634,4.563145043763874e-15
1802,20.69011,-103.41735,1,3,1,0.0019082739190517067,0.024184390473083517,5.303541218253745e-14
1803,20.68001,-103.42156,1,1,3,0.003334324310942942,0.024098583536237058,2.504798429787218e-12
1804,20.65899,-103.43344,1,2,1,0.0007721524566180101,0.02300675739786109,5.094178223906301e-12
1805,20.658853333333337,-103.44711666666667,3,3,4,0.005403141134661054,0.024921828627252687,8.734052903328394e-06
1806,20.761595,-103.427215,2,1,2,0.00023514946974955873,0.020193083998214845,4.463092999460025e-25
1807,20.763855,-103.42469,2,2,2,0.0009389550616957205,0.020722448984770225,3.860152720485297e-24
1808,20.76678,-103.421405,2,2,2,0.0016429306002593838,0.021605319116609418,2.8491279415147332e-22
1809,20.767745,-103.419905,2,2,2,0.0028153356655296483,0.022021893569879714,2.4604713022681587e-21
1810,20.76666,-103.41922,1,1,1,0.0016398149122718564,0.021676186696248836,2.8446648485152734e-22
1811,20.76461,-103.41717,1,1,1,0.001639191774674351,0.021158285964336058,3.288909680052708e-23
1812,20.76178,-103.416365,2,2,2,0.004454074249223995,0.023502270631678267,1.8162497312288097e-19
1813,20.75726,-103.41557,1,1,1,0.0023395417853979824,0.022563714939803522,2.0997273828787266e-20
1814,20.74828,-103.4159,2,2,2,0.00538781761464967,0.02612101584132129,1.3591152335766675e-17
1815,20.739739999999998,-103.40914000000001,2,3,3,0.003098919921267131,0.028325741928284433,9.41509591629743e-16
1816,20.73556,-103.41353,1,2,1,0.0021410441361562446,0.026889122659212717,1.108088414913141e-16
1817,20.734555,-103.415615,2,2,2,7.619273351316707e-05,0.025720234468044844,1.2096430188819997e-17
1818,20.732746666666667,-103.41577666666667,3,3,3,0.00032980973569788746,0.02548524869821125,1.2888865330136446e-16
1819,20.730743999999998,-103.41612,5,7,7,0.007272015762888666,0.02608723223350202,7.543911260949733e-16
1820,20.71641,-103.41221999999999,2,3,3,0.001463636918795314,0.025822976782078077,2.1270737046632487e-18
1821,20.721443333333333,-103.41610333333334,3,4,4,0.0015675875998337242,0.024811084994120988,5.434993297153907e-17
1822,20.72715,-103.41626333333333,3,4,5,0.002014150661755134,0.024880962511000197,2.8644554620603193e-15
1823,20.75956,-103.41435,1,1,1,0.0025809792799950963,0.024152691416761792,1.571080542078409e-18
1824,20.76548,-103.41777,1,1,1,0.0018787598564789486,0.022719103009522137,2.0997273828787266e-20
1825,20.7657,-103.4227,1,1,1,0.0007051085160136732,0.021196108797280108,3.294069929943165e-23
1826,20.76011,-103.42928,1,1,0,0.0,0.019778207762793487,5.1602498904569647e-26
1827,20.58308,-103.26607,1,0,1,0.0,0.0,1.1308881024556818e-104
1828,20.5824,-103.25144,1,1,1,0.00023458298102455377,4.0109311242907334e-05,1.0630348163083404e-102
1829,20.581963333333334,-103.24820333333332,6,2,3,0.0015131480333607475,0.018862739274904713,1.5472055320668023e-22
1830,20.584265000000002,-103.24009000000001,2,3,4,0.00208224260650073,0.02005418535791083,2.002154342497499e-20
1831,20.5888,-103.23743999999999,2,6,2,0.0028134096038646313,0.020922649878582014,2.356416831007423e-19
1832,20.591635,-103.23882,2,3,5,0.0031350052530499466,0.021036176201946324,1.34397521524659e-19
1833,20.60133,-103.239575,2,5,8,0.014483388907765552,0.021601584110359465,1.7290633608845125e-20
1834,20.66642,-103.23387000000001,3,3,3,0.017593893523459032,0.021384817720418437,3.707578652122547e-20
1835,20.664356666666666,-103.23288000000001,3,4,4,0.017105070402652255,0.0217185750049346,2.4796567661079753e-19
1836,20.65945,-103.23247666666667,3,3,3,0.003435584170537578,0.022736743125821135,8.885782452602406e-19
1837,20.609026666666665,-103.24216666666666,3,5,3,0.008027740046481532,0.0210044286579924,3.777998587955668e-20
1838,20.62250333333333,-103.24714,3,3,3,0.005666218498553357,0.023685441231899976,4.9549042766413574e-17
1839,20.61298,-103.24219,1,2,2,0.0039989005586825105,0.020398215828251166,8.477233929603213e-21
1840,20.61926,-103.24407,1,1,2,0.005333066479377941,0.022352751622410467,1.7673301859881312e-19
1841,20.581175,-103.240885,2,2,2,1.699466175014879e-07,0.01957816532199042,1.7019094356955206e-21
1842,20.5815,-103.24497,1,2,1,0.0010446052089091455,0.019179108362006154,1.8325119365801943e-21
1843,20.58338,-103.2531,1,1,1,0.0013258668608741079,0.018425288939987725,1.3080271755492367e-23
1844,20.58372,-103.25494,1,1,1,0.0013252437232766025,0.018128870138219226,1.1079730857852008e-24
1845,20.5868,-103.25918,1,1,1,0.001324620585679097,0.01759287686547701,9.412314459376428e-26
1846,20.62013,-103.24759499999999,2,4,3,0.004067842236515614,0.022143992477345317,6.4382778224607995e-19
1847,20.656835,-103.23324,4,6,6,0.0035116636063057443,0.023261994660514186,5.963061647494573e-18
1848,20.6921,-103.27035,1,1,1,3.806804232033328e-05,0.022520475386492905,4.422445129646767e-24
1849,20.687240000000003,-103.26886999999999,2,2,4,0.0005903379003276683,0.023859107004781402,1.1961281448511741e-23
1850,20.68509,-103.26852333333333,3,6,4,0.002221173966308196,0.0244713094786748,8.901351243531234e-23
1851,20.67806,-103.266235,2,6,8,0.011344758126875572,0.02513056878106451,5.686312522650038e-22
1852,20.67716,-103.26566,2,2,2,0.0005044865340531668,0.024664806204227372,7.418392720939578e-23
1853,20.67579,-103.264895,2,2,2,0.000364252250178189,0.02436604269211272,1.0856300891649024e-23
1854,20.67136,-103.26405,2,2,2,0.0005838799288626119,0.024765875948274233,1.0620040011242262e-23
1855,20.669465,-103.26399,2,2,2,0.000862932274800055,0.02516065253786145,7.210242117933312e-23
1856,20.66788,-103.263965,2,2,2,0.0011807607739640876,0.025570759143326086,5.52611754305662e-22
1857,20.66711,-103.26538500000001,2,2,2,0.0015285282022446322,0.026001939648187814,4.2446708315918275e-21
1858,20.664695000000002,-103.267375,2,2,2,0.0019148735126980146,0.02670942345962283,3.2605201497405414e-20
1859,20.660975,-103.267935,2,2,2,0.0025695645321862463,0.027603998010276697,2.504576763110584e-19
1860,20.661704999999998,-103.29170500000001,2,2,1,0.001842277982588629,0.03155720527677407,3.1464861400252733e-19
1861,20.65915,-103.26781,1,1,1,0.0014024278120585282,0.028302297852295034,1.9239261656084905e-18
1862,20.706135,-103.2936475,4,3,4,0.0011544756971238574,0.0252084701872257,1.3510762378426907e-23
1863,20.704060000000005,-103.29269199999999,5,3,3,0.00211418312911226,0.025580529486664963,1.0211940662904977e-22
1864,20.69981,-103.29076666666667,3,4,5,0.004894188781159099,0.02648310895954113,1.1857788531575879e-22
1865,20.686844999999998,-103.32170500000001,2,2,2,0.002132178587609917,0.030966507535103445,2.562462910130075e-15
1866,20.693495000000002,-103.30640500000001,4,5,6,0.0058097950659058645,0.030055201538862927,2.4341705623777127e-19
1867,20.69448,-103.30427,2,2,2,0.003283481947873747,0.029469482005596345,2.1474111895683756e-20
1868,20.69551,-103.30171,2,3,3,0.0030419878044041326,0.028834651142535497,2.9080863401156412e-21
1869,20.69683,-103.298375,2,2,2,0.0025823388529351084,0.02801945981823368,2.5358849929914294e-22
1870,20.698115,-103.295195,2,3,3,0.0021453494504662823,0.02738741153530592,2.5326244483045293e-23
1871,20.6977,-103.29663,1,1,1,0.0007199221961725529,0.02679353918599589,2.20703330508807e-24
1872,20.690826666666666,-103.31352333333332,3,5,3,0.0028109453779108597,0.03061389124046073,2.6054287712210213e-17
1873,20.68841,-103.31955333333333,3,3,4,0.003241136915679626,0.03061707989221941,2.740694211087728e-16
1874,20.685589999999998,-103.32329,2,2,3,0.0023923951834409454,0.03166434317955209,2.9122022031768415e-14
1875,20.68468,-103.32613,1,4,2,0.003124100345093601,0.031885687555430434,8.923450117782812e-14
1876,20.678596,-103.33566,3,3,3,0.005143491027555031,0.03343746391166357,8.163986740003785e-14
1877,20.67847,-103.33727,1,1,1,0.0,0.032522582196336317,7.115919923726946e-15
1878,20.625556389000003,-103.419877997716,10,10,10,0.0010419993607741226,0.027902925118538487,0.023136722682238924
1879,20.62325666666667,-103.4212,15,14,16,0.01197370223381233,0.028780464460310448,0.04010457668088467
1880,20.62126,-103.422595,10,10,11,0.012280257607348763,0.02927357168704437,0.057878892282704195
1881,20.618517179066668,-103.42442142445778,9,9,11,0.005464406890270341,0.029437040499421065,0.08032789551699639
1882,20.61287,-103.42999,2,2,2,0.002115268899168519,0.028340251395074567,0.013508752237497578
1883,20.614033285133335,-103.43543863328,3,3,3,0.003338148109836725,0.02707345167165446,0.0012491872200374697
1884,20.616394283166667,-103.44542837443,3,3,2,0.0019644129516996982,0.025247266775856713,0.00010730887993246105
1885,20.619835401800003,-103.45917701648,2,1,1,0.0008258839121847305,0.022647420687762893,3.543011763528201e-12
1886,20.60835142857143,-103.43110999999999,14,19,14,0.07208015755033356,0.03061560929645762,0.5525222218130333
1887,20.604773076923077,-103.43347076923077,13,15,13,0.03035997186137205,0.029800807971433484,0.48226100775588876
1888,20.59922,-103.43739000000001,6,6,8,0.0006674653402370936,0.028037535391464138,0.115911607190054
1889,20.590096153846154,-103.44314538461536,13,14,15,0.026287087875203893,0.027426198930027068,0.13810525970875376
1890,20.587651167846154,-103.44470398271154,13,13,13,0.03942494332185892,0.028139601157049395,0.17885890232266166
1891,20.585426923076923,-103.44621384615385,13,14,13,0.026910961908051853,0.02765001571738052,0.1243337027986795
1892,20.582159230769232,-103.44836000000001,13,12,13,0.02629467882411896,0.027024735703645483,0.08067201165279382
1893,20.603677316958333,-103.43416142751668,12,13,14,0.029173574524594164,0.028997830612867533,0.30931376257319965
1894,20.611858922139998,-103.42881751920066,15,15,17,0.08337716067769121,0.031476984133312444,0.3830761716582449
1895,20.6172,-103.42506,5,6,5,0.011915042326338065,0.030405916970441167,0.1664807509200195
1896,20.622143,-103.409149,10,3,3,0.0062276654739057725,0.029455697710608325,1.840734820332087e-06
1897,20.62654714285714,-103.40983714285714,7,3,3,0.0063986884199847705,0.029177271710442126,2.1421455060306132e-05
1898,20.6263,-103.41163,1,1,1,0.0010598154311755286,0.02825952425695576,1.801709174049142e-06
1899,20.6253,-103.41322666666666,6,3,4,0.005880407885477733,0.028090475062380695,0.00025084597654299087
1900,20.62666,-103.41578,2,4,2,0.005473923900850424,0.02774213445500643,0.002959374901794151
1901,20.659479450871427,-103.39728855932715,7,7,7,0.00016711417387646309,0.02837805810549937,0.00011529159945033047
1902,20.61925,-103.40553,1,2,1,0.0052223462580757215,0.029076204017181355,1.5508314161116749e-07
1903,20.6171775,-103.40196750000001,4,3,4,0.00842722789535503,0.03148572119986016,1.0828636182467273e-07
1904,20.614465000000003,-103.39963499999999,2,2,2,0.004555362433254882,0.032583009500142326,1.123475311208453e-06
1905,20.613585,-103.397015,2,3,2,0.0049843926691373885,0.03362415745010487,1.3253112204226284e-05
1906,20.60023,-103.40632,1,1,1,3.211991070778121e-05,0.028702402700115225,1.6093139540269886e-06
1907,20.60826,-103.39753,1,1,1,8.157437640071417e-05,0.03203899357238557,6.097276437927389e-06
1908,20.6075,-103.396305,2,2,3,0.00047386781846664867,0.031490508703238856,6.070996843696112e-07
1909,20.61907,-103.40456,1,2,2,0.0028564910714012582,0.0303266313119824,1.8210925578376145e-08
1910,20.64781,-103.45842,1,2,2,0.004772440912676782,0.022486029186243886,1.457835575695049e-11
1911,20.64821,-103.45664,1,1,1,0.00047012899288161595,0.02200281409797262,1.2258020127549086e-12
1912,20.64798,-103.4554,1,1,1,0.0004695058552841105,0.02163429832864232,1.0306991178123761e-13
1913,20.64774,-103.45381,1,1,1,0.000468882717686605,0.021247405742894184,8.666489932519557e-15
1914,20.647333333333336,-103.45217666666667,3,3,3,0.0028185646512621765,0.024502276969314857,3.5585698905582423e-10
1915,20.645654999999998,-103.452255,2,3,3,0.0016770332215046823,0.024181868504244135,2.795374153564483e-10
1916,20.644486666666666,-103.45191,3,3,3,0.0015943825165264588,0.02397601936126039,2.6127981876511784e-09
1917,20.64252,-103.45227571428572,7,7,5,0.005319499074414072,0.024199035888480654,3.0514680839222856e-08
1918,20.64036833333333,-103.45277500000002,6,4,4,0.0065005997416131625,0.02435538160383114,1.6179103456700088e-07
1919,20.716587142857147,-103.29722,7,6,6,0.005553396604081367,0.025531895363402172,1.9056958466847668e-22
1920,20.7151,-103.29922666666666,3,4,3,0.0019262882605068645,0.025880276710688533,1.0645740943398906e-21
1921,20.71408,-103.30145333333333,3,3,3,0.0011646441697376964,0.02555675604683381,1.2003890544836462e-21
1922,20.711914999999998,-103.306285,2,2,5,0.0033181793822803004,0.02674498715427824,5.027514291003171e-21
1923,20.711129999999997,-103.307435,2,3,3,0.002572935140100026,0.026723023401099413,1.1367341785642184e-21
1924,20.710436666666666,-103.30892666666666,3,3,3,0.002732515013933923,0.02680633704832706,2.9857202377742957e-21
1925,20.709519999999998,-103.31076999999999,2,2,2,0.002598058915053996,0.02707782273212082,2.7243702166446753e-22
1926,20.708245,-103.3132225,4,2,2,0.002983582816856121,0.027621820442989505,1.3937257860897758e-22
1927,20.706075,-103.315105,2,4,3,0.004294494375390098,0.028278707285472438,1.3258870923004597e-21
1928,20.704316666666667,-103.31625666666666,3,3,3,0.004021446809937708,0.028984944883598398,5.542841569629698e-21
1929,20.703094999999998,-103.31709000000001,2,2,3,0.004369015967164501,0.029656245531279695,3.11343876776865e-20
1930,20.70152,-103.31813,2,2,2,0.004790228658641938,0.030465388798230356,3.5169061263365234e-19
1931,20.699118333333335,-103.31991000000001,6,4,6,0.03138491991152352,0.0313039962625873,4.004323316607595e-18
1932,20.699735,-103.321315,2,3,2,0.014128455397113694,0.03119579780686088,3.5246400544435085e-17
1933,20.703670000000002,-103.32353499999999,2,3,2,0.027404656831893675,0.0316444161705054,4.592462554423968e-15
1934,20.70498,-103.32428,2,3,3,0.029239797056547244,0.03178168752820376,5.267430514882441e-14
1935,20.703878333333332,-103.32637333333334,3,3,3,0.006172829365325293,0.03187773900936627,9.754084446851554e-15
1936,20.63848,-103.45315,2,2,2,0.003916164880395536,0.024575732017265265,1.870816025969438e-06
1937,20.70002,-103.328465,3,3,3,0.006552801677622369,0.03248289485281941,5.3570944001235785e-14
1938,20.69414,-103.33177,1,1,1,0.00043701772690507606,0.030563786865096063,4.190631359601085e-16
1939,20.67004,-103.35539,1,2,1,0.00036864253779697744,0.03410340496842117,2.8547353223699107e-13
1940,20.67036,-103.35833,1,1,1,0.000368019400199472,0.03282128817682204,2.484143172620079e-14
1941,20.67042,-103.36035,1,2,1,0.0013992554751985004,0.03413522437849989,2.9885065696256014e-12
1942,20.671685,-103.363065,2,2,2,0.002417405660649914,0.03310960889020307,3.0037260045419713e-13
1943,20.636736666666668,-103.45337333333333,3,3,3,0.0053928876887384646,0.024889404486194457,2.20876251588705e-05
1944,20.67192,-103.36469,1,1,1,0.0005855793950376268,0.03237035189910306,2.6184222780001447e-14
1945,20.672743333333333,-103.36837666666668,3,2,2,0.001326773242834116,0.031112557403475054,8.978460105093846e-10
1946,20.67234,-103.37145,1,1,1,0.00032884670486537905,0.029950873308353842,7.826644771430214e-11
1947,20.671673333333334,-103.37364500000001,6,6,6,0.0057165415802913,0.03340661848929306,3.962825953541659e-09
1948,20.67225,-103.37712,1,1,1,0.00023917153969709395,0.03184704380526132,3.45366344634973e-10
1949,20.67225,-103.3825,1,1,1,0.00023854840209958848,0.02987437166527896,3.010051686948871e-11
1950,20.63392,-103.45416499999999,2,1,2,0.0006213248335854396,0.024119826804356485,1.8572120231699642e-06
1951,20.63174,-103.44666,1,2,2,0.0007828874179568541,0.02280774328896796,1.8603468171541482e-07
1952,20.62652,-103.42247,1,1,1,0.0008109286098445997,0.027199867896851256,0.00194581184805328
1953,20.62727,-103.42467249999999,4,3,3,0.0012466717371184145,0.027162998039525165,0.00017055827939461716
1954,20.629439,-103.44326800000002,10,8,8,0.03283728370469124,0.027158941201533438,0.00025895770025066256
1955,20.627699999999997,-103.42704499999999,2,3,2,0.0005754392468600379,0.026620573802882685,3.0135367645604893e-05
1956,20.629150000000003,-103.42833999999999,2,2,2,0.0003390435019154683,0.026152654604750202,1.7206397395027483e-05
1957,20.631770000000003,-103.42921333333334,3,4,4,0.0038115910617596204,0.026602840241664514,0.00017449184534169693
1958,20.631405,-103.431915,2,3,2,0.0010367026911953263,0.026197236849071777,0.00013003530336965242
1959,20.630266428571428,-103.43591357142857,14,15,17,0.04633999565616446,0.028505782087816907,0.0027158634981781305
1960,20.6323712,-103.437005,5,9,8,0.021025568921794077,0.028034474858228076,0.0020790417135088143
1961,20.6253905,-103.43450874999999,8,8,7,0.07647807388395206,0.029391094057779094,0.010829271581046247
1962,20.625795,-103.43709000000001,2,3,3,0.01971649845161637,0.028963288388239857,0.0009389089770245558
1963,20.626604,-103.43880999999999,5,3,3,0.019222435310103293,0.028548446996715944,0.00016226862002575887
1964,20.628324,-103.43914199999999,5,5,4,0.02184808222606503,0.028376637633528976,5.2027453685950084e-05
1965,20.62604625,-103.44285250000001,8,5,5,0.02113289021074627,0.027554284605270117,3.0742398946362414e-05
1966,20.643576666666664,-103.45405000000001,3,2,3,0.0012103598098455967,0.023665229056610823,2.683177228742979e-09
1967,20.64526,-103.45526,1,1,1,0.0007058449513561797,0.0230947058645504,2.2561155759000903e-10
1968,20.64545,-103.4564,1,1,1,0.0007052218137586742,0.022697888045766168,1.8970255395770557e-11
1969,20.6456,-103.45735,1,1,1,0.0007045986761611687,0.022339713547989925,1.5950887145039524e-12
1970,20.64581,-103.45863,1,1,1,0.0007039755385636633,0.02196006668938517,1.3412085566024103e-13
1971,20.6460275,-103.4600075,4,5,4,0.0077512085753703615,0.02300046428285714,8.66895156950583e-11
1972,20.623773333333332,-103.43296,3,3,4,0.0,0.028736140491671367,0.0020494920856047277
1973,20.61689742857143,-103.42907428571428,7,9,8,0.07691064467436586,0.030795504216832865,0.06455792044223373
1974,20.67039,-103.38168,1,2,1,0.0005990051778202443,0.031095051622935792,7.52673576760642e-08
1975,20.67066,-103.37769,1,1,1,0.0005983820402227388,0.02969473704722226,6.5582369550450095e-09
1976,20.67074,-103.37655,1,1,2,0.0005977589026252333,0.029314756555345146,5.714650237177796e-10
1977,20.6713,-103.37183,1,2,1,0.0007861164036893824,0.03261824076839643,6.90732689269946e-10
1978,20.67135,-103.36885,1,1,1,0.000785493266091877,0.03146018425435546,6.020103373897742e-11
1979,20.67139,-103.36731,1,1,1,0.0007848701284943715,0.030888307722807134,5.247061677837277e-12
1980,20.67308,-103.36588,1,1,1,0.000784246990896866,0.029757937512612104,4.573472262958185e-13
1981,20.67152,-103.35793,1,1,1,0.0004242434061562142,0.034545070012343256,2.986344707005725e-12
1982,20.67149,-103.35524,1,1,3,0.0004236202685587088,0.0333790538517414,2.603193320563722e-13
1983,20.67244,-103.3439,1,1,3,0.002844226590504901,0.03335481720759307,9.359897509579561e-15
1984,20.67573266666667,-103.34119166666666,3,5,6,0.1844666638946485,0.037857785071851426,6.008185562452041e-12
1985,20.696087666666667,-103.33048000000001,3,5,5,0.018263743781228397,0.0327309276616539,5.954281018389652e-13
1986,20.70114,-103.32226,1,1,1,0.01358448459892768,0.031031857775649475,4.001225853403906e-16
1987,20.71309875,-103.30293875000001,8,11,10,0.013525025942351167,0.027280331893578105,3.284350567417396e-20
1988,20.72256,-103.29893,1,1,1,0.00047279148988913926,0.023645303584606005,1.607004392627868e-24
1989,20.724156,-103.299248,5,3,4,0.0004735845741041462,0.02319576794472408,8.39379017244267e-25
1990,20.72497,-103.30208499999999,4,2,2,0.0,0.02259462684062404,1.4660686771561996e-25
1991,20.721899999999998,-103.30008000000001,2,3,3,0.0007959733075044687,0.023507091664621373,7.86396440134159e-24
1992,20.7185125,-103.2964325,4,5,5,0.002125862238326112,0.024882688698350548,2.1067987945632926e-23
1993,20.663715,-103.367885,4,6,6,0.03223571422124246,0.033181200192880615,1.4109115360045948e-06
1994,20.656942,-103.38826000000002,5,7,7,0.011805511731358357,0.030339420910028125,0.0003761074694958572
1995,20.5924,-103.44185,6,6,6,6.268197742179878e-05,0.026538546485052612,0.054846281434322304
1996,20.580334999999998,-103.44954,10,10,10,0.0013197487826440543,0.02630626037870178,0.04022682905170478
1997,20.57645,-103.45235,5,5,5,0.0002680341402360966,0.025337338856183726,0.00894270502642776
1998,20.574965,-103.45313999999999,10,10,10,0.00033720241355920217,0.02494763202173901,0.008926828202354088
1999,20.56965692307692,-103.45660307692309,13,13,13,0.06161844204799573,0.026042471978126914,0.020881498992278213
2000,20.56745,-103.45828000000002,5,5,5,0.037190428546076855,0.025363126535206667,0.008778952754414905
2001,20.565119999999997,-103.459635,12,12,12,0.060614340782924436,0.024900679448847073,0.00705440631571813
2002,20.558630833333336,-103.46391,12,13,14,0.04059189121241163,0.023895280992056234,0.002246970535830444
2003,20.55671465692,-103.46519727017198,10,10,10,0.0316502349058796,0.023351004919902604,0.0019108729146991275
2004,20.554944999999996,-103.46631500000001,10,10,11,0.03204456770735555,0.022884531801758458,0.0011091536935076817
2005,20.55224935466667,-103.46807703135,12,12,13,0.05194837565589481,0.022401392706278965,0.0007273425702317648
2006,20.54861,-103.47067,6,6,9,0.02855273120642498,0.021904900914195804,0.0003669460131920582
2007,20.542988333333334,-103.47309833333333,6,7,6,0.022545514819854885,0.021109868210857915,0.00011158438675880171
2008,20.535465176880003,-103.474737164748,10,11,10,0.03859833241581043,0.020712112968817677,5.185166429027652e-05
2009,20.512186630444443,-103.48665301031001,9,9,10,0.036896317041533025,0.019582723279579276,4.784768810496306e-06
2010,20.48925,-103.49167666666666,6,6,6,0.02624944469942731,0.01853403170403369,3.501261861805317e-07
2011,20.49013,-103.48779,3,4,3,0.015298594507483939,0.01790022215896339,4.5029727097816095e-08
2012,20.49031,-103.48404,3,3,3,0.015297971369886433,0.017582174213430897,1.1359139005268286e-08
2013,20.487930000000002,-103.46002999999997,6,7,6,0.02205487893512809,0.017189475470890926,1.4337651919307555e-09
2014,20.478469999999998,-103.45344714285714,7,7,9,0.014637672112020652,0.01669799371703204,1.765352133609743e-10
2015,20.47679,-103.4524,3,3,4,0.006808118145982105,0.01625996495894524,1.5379729566081658e-11
2016,20.48018457245,-103.4543889462325,8,6,6,0.021676577764569778,0.016942138416718048,2.8695224779814403e-10
2017,20.49071957204,-103.47524625777999,5,5,5,0.023517779418580898,0.01744443435369769,2.2719940692278094e-09
2018,20.49061,-103.48161,3,3,3,0.009254386407171022,0.017102660004592082,5.73140142550185e-10
2019,20.49059,-103.48295,3,3,3,0.009253763269573516,0.01687913601318468,1.4458354459196605e-10
2020,20.49057,-103.48695,3,3,4,0.00925314013197601,0.01655895031681046,3.647389890544849e-11
2021,20.49074,-103.48996,4,4,3,0.009010456362183885,0.018278939492500285,3.7145020328925657e-08
2022,20.53422,-103.47482,5,6,5,0.01604471680718797,0.019871112438852145,8.988996265229847e-06
2023,20.54995285714286,-103.46949857142859,7,9,7,0.023083622459737097,0.021980843232740403,0.00019893026499692945
2024,20.56012,-103.46271,6,8,6,0.023018193011999023,0.023468455569702455,0.0013836909708108843
2025,20.5623,-103.46150499999999,10,10,10,0.03660643531946924,0.02435786514129599,0.003547525928502482
2026,20.56646,-103.45854,5,5,6,0.0,0.02438884577557275,0.0029657973087143254
2027,20.57298,-103.45423000000001,6,7,6,0.024192240894571802,0.02528727189338042,0.012290533856180867
2028,20.584100000000003,-103.44686,6,6,6,0.0,0.026293749984760608,0.040699125951248354
2029,20.66073,-103.38164,4,6,5,0.013148514876163865,0.03150715135843211,8.9238947081877e-05
2030,20.66209,-103.37889,2,2,3,0.0037287987346001457,0.0302842411006883,1.5555071786525037e-05
2031,20.66257,-103.3653,3,4,4,0.015365632783201034,0.03278158521371317,3.696748155736883e-07
2032,20.6621575,-103.36361749999999,4,8,5,0.034501385876899805,0.033699387593402554,8.841984837100173e-08
2033,20.662631,-103.34807,3,4,9,0.027815918204768527,0.03429062766172541,8.011877181761523e-10
2034,20.458099549,-103.42753110533666,3,3,5,0.001409027405704836,0.013728548305611687,4.082129569041893e-08
2035,20.456782335866667,-103.42847825871333,3,3,3,0.00020926093501683207,0.013566080712799921,6.9663609788141156e-09
2036,20.4550543764,-103.42909123145667,3,3,3,6.45230657780649e-05,0.013619884523991085,1.2071910565452527e-09
2037,20.4497401284,-103.42979665077,3,3,3,0.0005358416849821913,0.013852437923274554,4.241720473511261e-10
2038,20.452775,-103.433905,4,4,5,0.001994946693977466,0.014282905209286486,9.352116670508762e-10
2039,20.47666,-103.45106,2,3,2,0.004162389204718941,0.01640712683738092,3.0982792004480716e-11
2040,20.45848,-103.4404775,4,5,5,0.0024586743642665255,0.01457195132431943,3.5900890051648372e-09
2041,20.47651,-103.44996,2,2,2,0.004161766067121436,0.016209995238367327,5.210730848448277e-12
2042,20.47628,-103.44871666666666,3,2,3,0.0041611429295239305,0.016013216033018775,8.763634924460656e-13
2043,20.476122,-103.447062,5,3,3,0.0036699972049446306,0.016038294412599845,1.5294812785894296e-13
2044,20.47589,-103.44535,2,2,2,0.0030760621012131807,0.015845676838167302,2.5724558176554533e-14
2045,20.47573,-103.44422,2,2,2,0.0030754389636156753,0.015661769291091806,4.326776170776805e-15
2046,20.475685,-103.443115,4,4,4,0.0031733282152965323,0.015635404081927647,1.1836589664380455e-14
2047,20.47552,-103.44124,2,2,2,4.3902876187884366e-05,0.015411912289977917,1.990615298648638e-15
2048,20.47682,-103.44264,2,3,4,0.001912409286744243,0.015505064535596757,6.605646630391779e-14
2049,20.47440333333333,-103.44319333333333,3,4,3,0.00958878470154145,0.015572842142395894,7.500251159409772e-14
2050,20.459733333333332,-103.44215000000001,3,5,4,0.0026207467884904446,0.014677705625383852,1.249157873289736e-09
2051,20.4676,-103.44061,2,2,3,0.0025698194521124986,0.015099179235392416,4.546368728597549e-12
2052,20.450213593466668,-103.43096064138666,3,6,5,0.0013213349510740682,0.014059702167736029,3.766069046288826e-09
2053,20.4531155414,-103.42896604648666,3,3,3,0.0004469596040289131,0.013767932512922066,4.241720473511261e-10
2054,20.462266666666668,-103.44509666666669,3,4,3,0.0030216508591764542,0.014867287759047628,3.1965733770300516e-10
2055,20.4649775,-103.4480925,4,3,5,0.004282258218929991,0.015137689695988861,5.4139581389311305e-11
2056,20.47034,-103.45204,2,3,2,0.003606210574509072,0.014850200360370895,9.487462936765797e-12
2057,20.47526,-103.45016,2,2,2,0.00020268966580677455,0.016277808568747665,1.025315304405444e-11
2058,20.612627428571425,-103.42356499999998,7,12,12,0.13916103321954082,0.03230849103875439,0.12189250311260497
2059,20.5352,-103.42352,1,1,1,0.0,0.019362745425683243,5.619145761055269e-18
2060,20.52117,-103.46601,2,1,2,3.398932350029758e-07,0.016759383801258344,4.227176907503525e-10
2061,20.521366666666665,-103.46829333333334,3,3,2,3.965421075034717e-07,0.017407698606533132,4.696394170939269e-08
2062,20.54716,-103.471435,12,13,12,0.020548188873232398,0.02157102801709686,0.00018165258133126413
2063,20.66638,-103.38877,1,2,2,0.00639401488800348,0.027190997144204945,9.108284948098767e-07
2064,20.666629999999998,-103.382595,2,2,2,0.0063700750744847675,0.030615114049892766,7.964846843393748e-08
2065,20.66707333333333,-103.37729999999999,3,4,4,0.020004401239734137,0.03258811927218154,1.8997629543525243e-08
2066,20.66679,-103.37284500000001,2,4,4,0.0036533896438232347,0.03233710728271578,3.4321486681158766e-09
2067,20.666697499999998,-103.37080499999999,4,4,3,0.0009528529184158419,0.03181210051227869,6.950215429890079e-10
2068,20.666905,-103.366005,2,2,3,0.00025103003700719783,0.03202881682678023,6.584403520456519e-11
2069,20.666890000000002,-103.36348000000001,2,2,2,0.0007804703993968328,0.03270518802211085,6.042623333405427e-11
2070,20.6667,-103.36218,1,1,1,0.000409816826626088,0.03208611179166597,5.267662376667145e-12
2071,20.66619,-103.35771,2,2,2,0.00018014341455157713,0.03308246084218206,1.0937420624809082e-10
2072,20.665525,-103.355125,2,3,3,0.0005350769252034346,0.0332008790505066,3.717767010223774e-11
2073,20.6641725,-103.35024250000001,4,4,7,0.0008653965007538265,0.03372215867326368,1.1359393252434033e-10
2074,20.66675,-103.38385,1,1,1,0.0012793581365512007,0.029891626342235307,6.939199765810962e-09
2075,20.66663,-103.39077,1,2,2,0.0037013145899586555,0.02898943924004949,9.981087519913733e-09
2076,20.54828,-103.44408,2,2,2,0.003170014256255253,0.019928343267306328,2.9709702157397982e-08
2077,20.596242848333336,-103.43905582000833,12,12,12,0.027026242363590365,0.02742747386142736,0.11705608342860602
2078,20.66292,-103.34432,2,7,3,0.002941634326769504,0.0335409293602967,1.520476401415923e-10
2079,20.66211,-103.341835,2,2,4,0.0022236098678257176,0.03247659621902781,2.622782771098261e-11
2080,20.54636,-103.44116,1,1,1,0.0009400313902732299,0.01925727748345386,4.2010085899000025e-10
2081,20.54328,-103.43874,1,1,1,0.0009394082526757245,0.01875903753348583,3.532375978427589e-11
2082,20.54011,-103.43564,1,1,1,0.000938785115078219,0.018252135174300216,2.9701671794422867e-12
2083,20.53771,-103.43192,1,1,1,0.0009381619774807135,0.017777238400452,2.497443184453772e-13
2084,20.53503,-103.43296,1,1,1,0.0009375388398832081,0.017412981460479576,2.099961076153338e-14
2085,20.53212,-103.4316,1,2,1,0.0038192669839834377,0.01825873572424337,9.42544196687894e-14
2086,20.53163,-103.42984,1,1,1,0.003818643846385932,0.017965999400449812,7.925436234611566e-15
2087,20.53069,-103.42647,1,1,1,0.0038180207087884265,0.0175723856545987,6.66418223008862e-16
2088,20.53598,-103.43244,1,1,1,0.0010113900866663547,0.017757647263187445,5.572233889444199e-16
2089,20.53927,-103.43366,1,1,1,0.0010107669490688493,0.017318671803299244,4.6855031876326827e-17
2090,20.66101,-103.34261,1,3,1,0.001931575488606911,0.032726517374346314,2.26467054744002e-12
2091,20.472256666666667,-103.55893666666667,3,1,1,0.000468882717686605,0.012086556720693014,1.1619497866916604e-29
2092,20.4742125,-103.55754250000001,4,2,2,0.0014081776726173286,0.012444101137537862,1.9491816702748204e-26
2093,20.476485,-103.55423,2,2,2,0.0018768904436864322,0.012656333667787402,2.316587908851899e-25
2094,20.483566666666665,-103.54733,3,2,2,0.0030491822112116954,0.013091457775428831,2.734188614519414e-24
2095,20.48244,-103.53899,1,1,1,0.0018739447023164062,0.012680063319491022,2.300186147264634e-25
2096,20.48248,-103.53382,1,1,1,0.0018733215647189008,0.012427809089650948,1.9352800840744695e-26
2097,20.482590000000002,-103.53039,2,2,2,0.005155840481760139,0.013925145274074895,3.8367330599680017e-22
2098,20.48247,-103.52801,1,1,1,0.0030417612089141304,0.013732194834080754,3.227199448371996e-23
2099,20.48538,-103.50825,1,1,1,0.003041138071316625,0.012890424067996741,2.714697776132379e-24
2100,20.48198,-103.50864,2,2,2,0.006555860716737396,0.01550871199339008,6.449202874247468e-19
2101,20.481794999999998,-103.50637,2,2,2,0.007019645035898956,0.015775315669147267,7.668702244653468e-18
2102,20.49876,-103.48908,4,4,5,0.021262701102081154,0.019196045794648703,1.6093060587304723e-06
2103,20.48758666666667,-103.49654333333335,3,3,2,0.00604460464242042,0.017975334510471917,3.465770697450195e-08
2104,20.481645,-103.503845,2,2,2,0.007485808607705538,0.016012004031122976,9.054570009770546e-17
2105,20.4859,-103.49651,1,1,1,0.005378470550687089,0.017738809038779633,2.9142318993292934e-09
2106,20.484270000000002,-103.49662000000001,2,2,3,0.010511254941339525,0.017482416087292674,2.468055569671305e-10
2107,20.484155,-103.4982,2,2,2,0.009813227534388414,0.017215993640938187,2.090118591282077e-11
2108,20.48411,-103.499875,2,3,2,0.009349273268609352,0.01696227865378178,1.7596641931809716e-12
2109,20.4833,-103.50062,1,1,1,0.004447389682268937,0.016727840263272863,1.4796850386461364e-13
2110,20.48174,-103.50038666666667,3,3,3,0.008650905968423238,0.01648467735695646,1.2622500317269538e-14
2111,20.48154,-103.501975,2,2,3,0.007951745584022117,0.016242695485489622,1.0690605633071183e-15
2112,20.48506,-103.50929,1,1,1,0.003049238860084196,0.015218776755714284,5.423814909131596e-20
2113,20.4851,-103.51071,1,1,1,0.0030486157224866904,0.014901913841140216,4.5616455088595324e-21
2114,20.4827,-103.53802,1,1,1,0.0018783066654989445,0.013528221353471355,3.227199448371996e-23
2115,20.47418,-103.55935,1,1,1,0.00047012899288161595,0.012299572942174701,1.6401761587265192e-27
2116,20.47319,-103.55955,1,1,1,0.0004695058552841105,0.012198408975474005,1.3803754629089425e-28
2117,20.64714833333333,-103.40490999999999,6,8,7,0.004126020628573623,0.02793301034221415,0.013026481912270854
2118,20.5483,-103.44059,1,1,1,0.0013794000453870765,0.01731860597379198,1.8533193497866626e-13
2119,20.55068,-103.43972,1,1,1,0.0013787769077895711,0.017002578574083303,1.5583672520282043e-14
2120,20.55168,-103.43937,1,1,1,0.0013781537701920657,0.016792515726608687,1.310361822402051e-15
2121,20.55231,-103.44271,1,1,1,0.0013775306325945601,0.016454009922905286,1.1018307247410462e-16
2122,20.55313,-103.44478,1,1,1,0.0013769074949970548,0.01619500179582049,9.264909641015657e-18
2123,20.4553618111,-103.41951469848,3,4,3,0.00023446968327955276,0.013622563103497869,9.651929719354396e-05
2124,20.46782,-103.45168,1,1,1,0.0,0.014794256453239694,4.5523384552652856e-12
2125,20.524275,-103.480305,10,10,10,0.037307191313779124,0.019951330922457412,1.3798005416877927e-05
2126,20.46178,-103.44078,2,2,2,0.002048083336382931,0.014696975266956316,3.849893408260489e-13
2127,20.45998,-103.4408,2,2,2,0.0020474601987854253,0.014503448556099079,6.474491152114078e-14
2128,20.56565,-103.47941,1,0,1,0.0,0.0,1.1308881024556818e-104
2129,20.564985,-103.476215,2,2,2,0.000469562504156611,0.02148972399982193,1.3452798656397366e-06
2130,20.56232,-103.469425,2,2,2,0.001408007725999827,0.022543363260542813,1.599930982352737e-05
2131,20.56085,-103.46748,1,1,1,0.0009372555955207057,0.021999939684323594,1.3452798656397366e-06
2132,20.55948,-103.46621,1,1,1,0.000939804794783228,0.023303921416016796,0.000188933328849363
2133,20.56658,-103.48163,1,1,1,1.1329774500099192e-07,0.020753989939157915,1.131160382940618e-07
2134,20.47759,-103.4484,1,1,1,0.0007306571575113968,0.015804278745226993,7.369685990916927e-14
2135,20.47802,-103.45056,1,1,1,0.0007300340199138915,0.015559759394993879,6.197614930446787e-15
2136,20.488928388059996,-103.49410200381601,5,4,5,0.016093604784155897,0.018235598568573454,6.179843319155457e-08
2137,20.4527523858,-103.42030053137334,3,2,2,0.0,0.01352312869702949,9.736013462873175e-06
2138,20.4717,-103.44358,2,2,3,0.003108295309665963,0.015415826095718158,7.463534065666662e-15
2139,20.468094999999998,-103.447675,2,2,2,0.0017838163461681173,0.015382340666126194,4.55328367588856e-12
2140,20.4708,-103.44717,1,1,1,0.00033128260638290034,0.015120086027517554,3.8286552081275116e-13
2141,20.48978,-103.40332,1,1,2,0.0007861730525618829,0.016485989590830006,2.412564706758775e-11
2142,20.49429,-103.39815,1,4,3,0.016911302934264308,0.017714647114669274,4.845065752176226e-10
2143,20.51968,-103.38731249999998,4,5,5,0.0008388565039873442,0.0200728632405178,2.7532723228938642e-14
2144,20.499303333333334,-103.36047,3,7,5,0.0036078533918115865,0.017388716430612867,2.5929431815363666e-19
2145,20.47507,-103.44775,1,1,1,0.0003581624963843857,0.01584601871927085,1.2862279088277266e-14
2146,20.537415000000003,-103.525135,2,1,1,0.0,0.015885037801483738,3.694647148615797e-15
2147,20.538815,-103.518545,2,2,2,0.000469562504156611,0.01640367671296214,4.39389289068376e-14
2148,20.53765,-103.50651500000001,2,2,2,0.00093889841282322,0.0172630045146047,5.188557373496766e-13
2149,20.539630000000002,-103.497825,2,2,2,0.001408007725999827,0.018023255680508606,6.126658307169994e-12
2150,20.54067,-103.49345500000001,2,2,2,0.0018768904436864322,0.018517945015379334,7.234393348330477e-11
2151,20.544185,-103.48734999999999,2,2,2,0.0023455465658830353,0.019243864652941287,8.542439024964472e-10
2152,20.54562,-103.483115,2,2,2,0.002813976092589636,0.019781898054937075,1.0087016764017964e-08
2153,20.54712,-103.478665,2,2,2,0.003984851638302387,0.02037851599189598,1.1910897706191547e-07
2154,20.54745,-103.47454,1,1,1,0.0023405614651029914,0.019826924142792364,1.001518799162486e-08
2155,20.65162,-103.39993,1,1,2,0.00268192757079098,0.027091582754978784,0.00022418806474001308
2156,20.54898,-103.47402,1,1,1,0.002346792841078046,0.021286800443304353,1.6726831584793707e-05
2157,20.54804,-103.47662,1,1,1,0.0023461697034805407,0.020801852899615454,1.406458706215825e-06
2158,20.731242857142856,-103.40435857142856,7,7,6,0.001354332919305607,0.027799540818356092,7.070312265273253e-16
2159,20.72998,-103.40295199999998,5,5,5,0.00018416548449911235,0.02783849721254259,1.7333969558656846e-15
2160,20.728564,-103.401548,5,5,6,0.0013239691236453413,0.02840002805607735,4.531352091337462e-15
2161,20.726231921900002,-103.3993011882775,4,4,4,0.001503489400599413,0.028347741965884292,1.1817930562752164e-14
2162,20.71572,-103.38831999999998,3,5,3,6.010445372302621e-05,0.031179814277134954,2.565092341101619e-13
2163,20.714210000000005,-103.38517999999999,6,7,6,0.0004935249772243207,0.031700543048495566,1.3653665432142174e-13
2164,20.713115714285713,-103.38262285714286,7,8,7,0.0008235613084122103,0.03255417194918204,1.0791294932599757e-13
2165,20.7116437327,-103.38073823668199,10,9,9,0.01078699332823569,0.032884765445707925,1.240962016398806e-13
2166,20.708370000000002,-103.37796375,8,9,8,0.02127124941694148,0.032418544489699275,1.9561703013674167e-13
2167,20.705854123883334,-103.37705643616665,6,4,4,0.009606459149761604,0.03197849127163178,9.823927224182627e-14
2168,20.703498333333332,-103.37637,6,7,9,0.016620971797812016,0.03182582820131807,4.985314321394599e-13
2169,20.699291428571428,-103.37478428571428,7,8,8,0.012708149200894008,0.031476678081517565,3.4125118150297693e-12
2170,20.696937999999996,-103.37348,5,7,7,0.006563814218436465,0.03153463184163305,1.2370748496321184e-11
2171,20.7018,-103.37558,2,3,2,0.006980353377932612,0.030806196602188918,8.929055490780206e-13
2172,20.71764,-103.38826999999999,3,3,3,7.913847488319286e-05,0.030338343475300022,4.67464327243996e-14
2173,20.724981939766664,-103.40023537734,3,3,4,0.0019278744289368784,0.029274811679814893,7.565045605187312e-14
2174,20.727327024566666,-103.40023764659333,3,4,3,0.0007021627746436474,0.028665130027119554,1.7515342630078e-14
2175,20.731475,-103.40674,4,5,5,0.0009212806134755657,0.027242263363845366,2.6747204851428926e-16
2176,20.73126,-103.408898,5,5,6,0.000641236912269364,0.02692835538853023,3.941172696262371e-16
2177,20.731198333333335,-103.41118666666665,6,8,8,0.011146317126506336,0.027128234934899992,1.315073744874561e-15
2178,20.730430000000002,-103.41938333333333,6,4,4,0.003980716270609851,0.025372817321676514,1.321203075256227e-16
2179,20.7305999745,-103.42165115936832,6,5,5,0.0028502313709899535,0.02490227982975902,4.5523379121013104e-17
2180,20.732574560925002,-103.42258187547,4,3,3,0.0005126156472569879,0.024650322776045067,2.5164398107595436e-16
2181,20.735735289855555,-103.42403111175109,9,6,7,0.002452556286036472,0.024707862527867587,2.899753268332817e-15
2182,20.75603,-103.4354,3,4,3,0.007806724470420847,0.0240845710174588,3.519233785097605e-17
2183,20.753409231685712,-103.43224032485001,7,6,7,0.017617317832237987,0.024872249676598485,3.0148135231144883e-17
2184,20.74889625738,-103.42850452728001,5,8,8,0.002692889127619826,0.024267830188450835,3.0811625981592005e-16
2185,20.747512040900002,-103.42897009674665,3,3,4,0.0011609619930251641,0.02381306770905068,5.2701366378572907e-17
2186,20.73833,-103.42483,2,3,3,0.002797944461671996,0.022167840675253146,4.5871089945823085e-18
2187,20.77935037685,-103.46921508809001,4,3,4,0.0030483891269966886,0.01865640614001879,7.00295883964027e-23
2188,20.777644871375,-103.4661500744175,4,4,4,0.0035159122717432815,0.01908734520501301,4.0645355879605197e-22
2189,20.77585103125,-103.46347938099,4,4,4,0.003983775309724878,0.019532116030358586,2.304022845125647e-21
2190,20.77378491455,-103.460529561355,4,4,4,0.004451411752216472,0.02005862425761896,1.311870921162388e-20
2191,20.77102873805,-103.4576645264925,4,4,4,0.004918821599218064,0.020613832462773454,7.498928313579469e-20
2192,20.76901804105,-103.4548692190625,4,4,4,0.005620247938519205,0.021147719748146433,4.298784359766625e-19
2193,20.767516209866667,-103.45266314881,3,3,3,0.003041364666806627,0.02066931239775811,7.354454461605988e-20
2194,20.758178,-103.43852799999999,5,5,5,0.010416424728773695,0.023500481492047788,6.359380382862661e-18
2195,20.75649,-103.43634,2,2,2,0.0,0.022919424993474654,1.0740287186201176e-18
2196,20.75188,-103.43036,1,1,1,0.00031139885213522626,0.024192535198257023,2.5560449727272243e-18
2197,20.73673,-103.42226,1,1,1,9.862568702336346e-05,0.024095482392915788,2.438582650367375e-16
2198,20.733405,-103.40935833333333,3,6,5,0.02605278813854184,0.027644634835498942,6.036084301340856e-16
2199,20.735445,-103.407105,2,3,2,0.02007194180212073,0.028212259410108922,1.064094495126068e-15
2200,20.735335,-103.39936,2,4,2,0.00013136873532865014,0.02894476601246875,2.7738798810214593e-15
2201,20.7342,-103.397805,2,2,2,6.146402666303812e-05,0.02869468673950455,4.1164529477920636e-16
2202,20.73328,-103.396555,2,2,2,0.000399431200000997,0.029162788003647556,7.890742343994907e-16
2203,20.731209999999997,-103.393705,2,2,2,0.000807303082004568,0.030180133412534154,6.419591538620314e-15
2204,20.72938016666667,-103.39004100000001,6,6,6,0.11307216919069495,0.031260666658543663,5.480676548997081e-14
2205,20.727415,-103.386345,2,3,4,0.001134337022949931,0.03064133079091037,1.373772395711397e-14
2206,20.724021999999998,-103.38716600000001,5,6,5,0.004328228778964143,0.03151683775728797,5.467647798599756e-14
2207,20.718015,-103.384085,2,2,2,0.0002874363790675165,0.031517758274968256,5.342748915078395e-14
2208,20.715685,-103.38041,2,3,2,0.0006151501064828856,0.03259241461909474,1.8937525294012344e-14
2209,20.71423,-103.37817,2,2,3,0.0004177287858186572,0.03309706663779871,1.3411665730108452e-14
2210,20.71922,-103.38566,1,1,2,5.098398525044636e-05,0.03059111000586132,6.163671568280522e-15
2211,20.780130151999998,-103.47028091673499,2,2,1,0.0011742744780627807,0.018367699844928434,1.2162781239950593e-23
2212,20.719835,-103.3401825,4,4,4,0.003031913746577794,0.03035577513583408,1.9638633790125563e-20
2213,20.717215,-103.34079666666666,6,4,4,0.003726428923433874,0.03121350039644058,1.0768812812082299e-19
2214,20.71122,-103.33882333333334,3,5,3,0.034223627013551125,0.03266126847537662,3.8080311081821536e-17
2215,20.692895,-103.32952499999999,2,4,3,0.001075847062093169,0.03174350007475385,3.009405817676596e-15
2216,20.68884,-103.33198,1,2,1,0.00027933559029994556,0.031219889023373727,3.1356192386478352e-15
2217,20.687725,-103.33311499999999,2,2,3,0.009986695823463685,0.033770407349280614,4.959782150350576e-15
2218,20.686645,-103.334735,2,2,4,0.011873632000540204,0.03460874105335936,5.3790644280748744e-14
2219,20.68052,-103.33454,1,2,1,0.0005073473021144418,0.03205672655862417,3.6899490531471244e-15
2220,20.677724666666666,-103.33456333333334,3,3,3,0.002165969640056463,0.03412073859657363,6.633996313677562e-14
2221,20.67601,-103.3343,1,1,1,0.001184584572857871,0.031897117435936824,3.327728327180744e-17
2222,20.70995,-103.33595,1,2,2,0.014985703901706197,0.031067448925108727,3.6519166119210246e-16
2223,20.710414999999998,-103.3371,2,2,5,0.026428369219072254,0.03225998613258154,3.51639185326666e-17
2224,20.711565,-103.34081499999999,2,2,2,0.016724937585216423,0.03216519057579305,6.641705329044588e-18
2225,20.711665,-103.34205,2,3,3,0.036369939494849915,0.0330421771370027,1.176228405094511e-18
2226,20.68142,-103.25817,2,3,2,0.009681207337026008,0.023605446686981675,1.6139394240008658e-23
2227,20.677398333333333,-103.258285,6,9,9,0.022359196678200754,0.024251700512796872,3.8492235732996184e-21
2228,20.66215,-103.25312333333333,3,3,3,0.019578161904970155,0.026742007543086036,4.94858601041662e-21
2229,20.658768,-103.25768,3,3,3,0.022407319895389924,0.02657221843099197,3.864548846944191e-20
2230,20.65891,-103.2601,1,1,1,6.74121582755902e-05,0.025877034848727522,4.94716707114511e-21
2231,20.6584355,-103.26332000000001,4,4,4,0.025220332957147054,0.029160565536822013,2.7150322022228035e-19
2232,20.65773666666667,-103.25753333333334,3,3,3,0.024402521509293642,0.02778219108071103,5.2496234293601474e-20
2233,20.658212666666667,-103.25519333333334,3,3,4,0.024401898371696137,0.027234293410240654,2.0150118598249538e-20
2234,20.65906,-103.26455333333332,3,3,3,0.022920077164828166,0.028349479664784735,3.7258682251109607e-20
2235,20.68561,-103.25863,1,2,0,0.0,0.022827447804531293,2.1317730758284997e-24
2236,20.659295333333333,-103.27129666666667,3,4,4,0.050059362353493266,0.0285189294749184,5.772715996168097e-18
2237,20.66410666666667,-103.28098333333332,3,2,2,0.0010842594196594927,0.02827426812387423,9.11519415878197e-22
2238,20.664749999999998,-103.28307000000001,2,2,2,0.00039042402927341816,0.02764017203268297,1.1790928039587062e-22
2239,20.665035,-103.28511,2,2,2,0.0001642250813789378,0.028039804067528488,1.540241047582231e-23
2240,20.665295,-103.286705,2,2,2,0.0003107757145377208,0.02855641925189776,3.342007515621864e-24
2241,20.66554,-103.289175,2,2,2,0.0006523117668432109,0.029195992476806484,1.5581125387013018e-23
2242,20.66574,-103.290735,2,2,2,0.00105769109845676,0.02983939001210511,1.7340552541646752e-22
2243,20.665889999999997,-103.29213999999999,2,2,2,0.0015153573393882668,0.030551330962452772,1.9656712295911774e-21
2244,20.666220000000003,-103.295175,2,2,2,0.0024460983145714156,0.03215351317642887,2.5366057715479075e-19
2245,20.666491666666666,-103.29737499999999,6,4,4,0.0345113523018684,0.033046743937462604,2.884963472481493e-18
2246,20.667795,-103.29591500000001,2,2,2,0.004611671412520375,0.03220506180048353,2.9905848750407613e-19
2247,20.66946,-103.2970175,4,4,4,0.02459604349923409,0.032316804442101915,2.8215168415226486e-19
2248,20.6698,-103.29962,1,1,1,0.0005402036481647294,0.031413421140262895,2.4636077546801602e-20
2249,20.66997,-103.30188,1,1,1,0.000539580510567224,0.030480576330103037,2.153242152459859e-21
2250,20.67022,-103.30333,1,1,1,0.0005389573729697185,0.029735222369863534,1.8846677688872143e-22
2251,20.67074,-103.3051,1,2,1,0.0020087123699950864,0.030212138173070415,4.736490375961412e-20
2252,20.67132,-103.30697,1,1,1,0.0020080892323975806,0.029405345091632375,4.1269870197846355e-21
2253,20.67192,-103.3088325,2,2,2,0.0027292293793288944,0.029301259663627205,3.463323461075444e-18
2254,20.6727,-103.31148,1,1,2,0.002366563297580719,0.028377750433606696,3.0194068461883685e-19
2255,20.673746,-103.3130444,5,5,5,0.020947355711828392,0.031937288198487186,7.502920289148888e-19
2256,20.67438,-103.31696,1,1,1,0.001008236632763827,0.030188087500018557,5.895878065960155e-21
2257,20.67493,-103.31882,1,1,1,0.0010076134951663217,0.02936767329950448,5.137545775269428e-22
2258,20.674825,-103.3233275,4,4,4,0.010862251355352598,0.03415791032033773,5.935537765621635e-15
2259,20.66858,-103.32524,1,1,1,0.00010548020059592347,0.03209466699209589,5.4683705257365834e-17
2260,20.671605,-103.33612,4,3,3,0.0036497735574619536,0.03413420144926387,4.420527756397145e-15
2261,20.671215,-103.34030000000001,2,2,2,0.0,0.03151554185642857,1.4096580717818606e-16
2262,20.66996,-103.32875,1,1,1,0.0003037229299114091,0.028506713471339984,8.242382891809698e-18
2263,20.66904,-103.32625,1,1,1,0.00030309979231390365,0.027660332858427034,7.155860604028456e-19
2264,20.67413,-103.32040333333333,3,2,1,0.005916040026280545,0.03313912688314311,5.172766125230723e-16
2265,20.67332,-103.31772,1,1,1,0.005915416888683039,0.03217062862999584,4.5076948531436674e-17
2266,20.67302,-103.31676,1,1,1,0.005914793751085534,0.031456242464094314,3.928319092357075e-18
2267,20.6726125,-103.3144925,4,3,3,0.025826583525760102,0.03268063913380704,1.548203311251243e-18
2268,20.6719,-103.3131,1,1,1,0.002010751729405104,0.031943930953540964,1.3439254880413518e-19
2269,20.670941,-103.30999666666666,3,2,2,0.0023483223606355595,0.03085684028720638,2.0466451082285236e-17
2270,20.67052,-103.30853,1,1,1,0.002125748940581111,0.030199236940881547,1.723107737393198e-18
2271,20.67025,-103.3076,1,1,1,0.0021251258029836052,0.029569077655833907,1.450782077272331e-19
2272,20.66953625,-103.305095,8,6,7,0.007916170092091807,0.031021195935903897,5.4393014800709785e-19
2273,20.6676,-103.29445,1,1,1,0.004229348172014528,0.03147178608778423,2.610135582879464e-20
2274,20.668041428571428,-103.29193142857143,7,3,3,0.007080797493763242,0.03079618648774712,1.8834598773293402e-20
2275,20.66698,-103.28988,1,1,1,0.0014175813854524109,0.029898920381399317,1.5935307913497565e-21
2276,20.66677,-103.2883,1,1,1,0.0014169582478549055,0.02916685706715345,1.3488671518676046e-22
2277,20.66658,-103.28689,1,1,1,0.0014163351102574,0.028497168024216764,1.1424820418932827e-23
2278,20.6665,-103.28485,1,1,1,0.0014157119726598945,0.027753165352470795,9.685023961896464e-25
2279,20.66621,-103.28275,1,1,1,0.0014150888350623891,0.027047022996327132,8.219997639206109e-26
2280,20.66591,-103.28089,1,1,1,0.0014144656974648835,0.02639942387742143,6.988493006680945e-27
2281,20.66562,-103.27881,1,1,1,0.0014138425598673782,0.025759695748260775,5.956129816056324e-28
2282,20.679415,-103.28819999999999,2,4,3,0.013516751430374589,0.027723934669440432,4.508621156986984e-24
2283,20.679924999999997,-103.29200499999999,2,4,3,0.01377948890103189,0.028613817417369573,3.504858931373037e-23
2284,20.680743333333336,-103.29465999999998,3,6,4,0.01910901482587855,0.029271161664540215,4.649144143320154e-23
2285,20.68095,-103.29953499999999,2,1,2,0.0018456202660661583,0.02789511426851017,4.058178568419468e-24
2286,20.6828,-103.29904,2,2,2,0.0005533461865848445,0.027348432738668948,5.470723788557787e-22
2287,20.68474,-103.29838,1,1,1,0.0005527230489873391,0.026649061385988396,4.7263737256704065e-23
2288,20.68607,-103.29793,2,3,2,0.0007686685509592296,0.028334915064793808,2.2407733389146313e-22
2289,20.68888,-103.29698,2,4,5,0.0011686662396852316,0.028843477235955404,3.3080725112395387e-20
2290,20.69474,-103.30269,2,2,2,0.0006740366094471512,0.028750418419902994,1.4908121660835229e-19
2291,20.69661,-103.30222,1,1,1,0.00022925798700950716,0.027991761135870867,1.2919311100062842e-20
2292,20.701046666666667,-103.30487,3,3,2,0.0010696156861181145,0.027626116017270372,1.2822721187266452e-21
2293,20.704705,-103.308685,2,3,2,0.0016812535625059693,0.027727696458817487,4.90281638823371e-22
2294,20.70643,-103.30818,1,1,1,0.0002927613730825631,0.026510911575578392,4.039842069527648e-24
2295,20.70259,-103.30954,1,1,1,0.0008889341072777825,0.027032838892823086,4.269809649630871e-23
2296,20.70182,-103.30747,1,1,2,0.0008883109696802772,0.02633679347175203,3.718804881173662e-24
2297,20.6949,-103.306185,2,2,3,0.0016755886752559197,0.02934068545921035,2.1331962298302187e-20
2298,20.679555,-103.26986,2,5,3,0.005735754989547716,0.025819201933230628,4.706864863733765e-23
2299,20.67715,-103.26844,2,3,3,0.005620531182881708,0.02563399549257781,8.908226845785596e-23
2300,20.67548,-103.26874000000001,2,2,2,0.005854094484201253,0.02590059016612523,1.9617637227094613e-23
2301,20.673250000000003,-103.269635,2,2,2,0.006119607749611077,0.026271984992781768,6.434180888473143e-23
2302,20.67126,-103.269965,2,3,2,0.006626275265255513,0.026700162657298413,4.851103291089568e-22
2303,20.666110000000003,-103.270315,2,2,4,0.00780814069223336,0.027901181613288712,7.396334986510051e-21
2304,20.66217,-103.27021,1,1,1,0.00506922435570688,0.028850752428655733,5.815518048282925e-20
2305,20.669595,-103.269835,2,2,2,0.004250931392437217,0.02698696522951705,1.8749986852533803e-21
2306,20.66119,-103.35047,1,2,3,0.0002216103892219402,0.03314168916513886,7.702849960762413e-11
2307,20.6572,-103.35711,1,2,1,0.0011679581287789755,0.03316871991267984,2.5325611880076304e-09
2308,20.652115000000002,-103.35915,2,3,4,0.0019539895591596072,0.03212579547750153,2.061035240225462e-10
2309,20.644365,-103.362495,2,3,2,0.0013726210636445173,0.031119274754289862,2.2745807856890223e-09
2310,20.63158,-103.38014,1,1,2,0.0011007159171208868,0.028034075568618567,2.6440962134244095e-13
2311,20.63079,-103.38229,1,1,1,0.0007217066356563185,0.02716257220950854,2.224360583231176e-14
2312,20.6261388,-103.38509200000001,5,5,6,0.22795647916380826,0.03540585162573968,7.250958832522436e-06
2313,20.62448,-103.38742,1,1,1,0.0,0.03406358787416888,6.096869769536398e-07
2314,20.63196,-103.381265,2,2,2,0.001203788540635539,0.03314958384115517,6.097202896968165e-07
2315,20.63244,-103.37952,1,2,1,0.0012031654030380337,0.032058259496334084,1.0253516998894065e-07
2316,20.63222,-103.37838,1,1,1,0.0012025422654405283,0.03156554551364801,8.62154211024717e-09
2317,20.631864999999998,-103.37579,2,2,2,0.002330194721435401,0.03223477041465098,7.306373058342248e-10
2318,20.631484999999998,-103.37416,2,2,2,0.0021058085374609362,0.03157901255492138,9.215001625250757e-11
2319,20.63116,-103.37203,1,1,1,0.0007165515882587733,0.030650488241818426,7.748325078289197e-12
2320,20.63078,-103.36969,1,1,1,0.000715928450661268,0.029745115520254363,6.515085148289047e-13
2321,20.6414625,-103.363225,4,3,5,0.001573299694477524,0.03106005204139165,2.0336691551031406e-10
2322,20.66195,-103.35401,1,1,3,0.0013832521687171103,0.03315016894702274,1.2662805940038152e-09
2323,20.66631,-103.3512,1,2,2,0.0,0.03254415177377891,3.621609339961224e-11
2324,20.52313,-103.22399,1,1,1,0.00023446968327955276,0.013344558035151052,2.097770017231257e-40
2325,20.52098888888889,-103.2277111111111,9,2,2,0.0009389550616957205,0.013721253403299745,1.2806420500214216e-38
2326,20.519036666666665,-103.22978333333333,3,2,2,0.001408007725999827,0.013904530726657574,9.987006653680708e-38
2327,20.517475,-103.230285,2,2,2,0.0023459431079905385,0.014069280831885992,7.67832810108537e-37
2328,20.51656,-103.23075,1,1,1,0.0014054018778648042,0.013920713444145924,9.823109272029025e-38
2329,20.648633999999998,-103.360636,5,6,5,0.003987617991576161,0.03204581227158936,2.5689678764561284e-08
2330,20.5148325,-103.23138,4,2,2,0.0032828021614037407,0.014434975350860765,4.6189099500837443e-35
2331,20.640415,-103.360525,2,2,2,0.0005321217423546587,0.02898468537366119,1.7863349808004612e-11
2332,20.63946,-103.35794,2,2,2,0.0003652436054469477,0.028572632624928183,1.5769136696343741e-12
2333,20.638675,-103.356425,2,2,2,0.0003802649981383292,0.02920652501789238,2.308707179000614e-13
2334,20.636015,-103.35726,2,2,2,0.0005937745985926985,0.030096094735226297,1.1099815302255226e-12
2335,20.62048,-103.35623000000001,2,4,4,0.0015100323453732202,0.02930199598139738,4.702163767093864e-10
2336,20.61889,-103.35484,2,3,2,0.0004595923025965237,0.02910619144977364,1.135022088316853e-10
2337,20.6194875,-103.352675,4,5,6,0.003945763916277045,0.029914610261424102,4.094407584384691e-10
2338,20.61788,-103.35117,2,3,2,0.001160735397535162,0.029400418720340528,3.7647873324616796e-11
2339,20.515124999999998,-103.23327,2,2,2,0.0037501553595328326,0.014619468091968554,3.615387851604731e-34
2340,20.515045,-103.23467500000001,2,2,2,0.004217905099769427,0.01479021530024812,2.787829877361734e-33
2341,20.513195,-103.23649499999999,2,2,2,0.005152724793772612,0.01518234948401387,1.6677596386969697e-31
2342,20.51486,-103.23598,1,2,2,0.0046854282445160204,0.014964929838600906,2.1531750506032254e-32
2343,20.5159,-103.22988,1,1,1,0.001409140703449837,0.01424430432272543,5.903998252342734e-36
2344,20.52091,-103.22482,1,1,1,0.00023509282087705823,0.013555044564154095,1.638973816516854e-39
2345,20.620976666666667,-103.36020666666666,3,3,4,0.00151801983639579,0.02928411846058789,5.093098290594731e-09
2346,20.7108775,-103.3016875,4,2,2,0.0008400461303098546,0.026608044739907903,2.8854931730055856e-21
2347,20.708849999999998,-103.30036999999999,2,2,2,0.0004343269054613025,0.02568194739329496,2.5946055593066954e-22
2348,20.707283333333333,-103.29710333333333,3,2,3,0.002581942310827605,0.025743569704622608,3.9102607419381183e-22
2349,20.69862,-103.29042,1,1,1,0.0,0.025859533034445183,1.0333926183879962e-23
2350,20.694256666666668,-103.29172666666666,3,4,4,0.0017127220111799947,0.027083724561505422,2.2465592466496704e-22
2351,20.69151,-103.301255,2,1,2,0.0,0.02912183915446274,2.1225752506922193e-20
2352,20.70831,-103.29297,1,1,1,0.00023509282087705823,0.024805114108723075,4.549633426686833e-24
2353,20.71139,-103.29362,1,1,1,0.00023446968327955276,0.024070431136859877,3.9682888042747776e-25
2354,20.7120125,-103.297345,8,13,11,0.01892643928640095,0.02691880963926485,1.1710585487641811e-20
2355,20.708838,-103.296562,5,7,6,0.007016208337633926,0.02627813853873109,4.39583557582055e-21
2356,20.713865,-103.31009499999999,2,2,3,0.0022818449087562273,0.026627381636416994,2.8502598708387514e-19
2357,20.714185,-103.31204500000001,2,3,2,0.002493598394163081,0.026824337193536094,3.2703476855544036e-18
2358,20.71131,-103.31603,1,1,1,0.0008543216461799795,0.02580696091783824,3.2447811719204136e-18
2359,20.71363,-103.32307,1,1,1,0.0018814790023589723,0.02768645695849203,4.864502009349465e-15
2360,20.713594999999998,-103.324625,2,2,2,0.003368681852114493,0.02840038866383774,4.274862883244357e-16
2361,20.692935333333335,-103.34836333333334,3,4,7,0.008795672162098256,0.03613507358507765,5.389364354187346e-13
2362,20.682165,-103.34945,4,4,5,0.007535196983047219,0.035121320056442744,8.923332515746152e-13
2363,20.695465,-103.335115,2,3,3,0.0009646453253746954,0.031700677835655146,6.720712616197704e-17
2364,20.706460000000003,-103.32904333333333,3,4,3,0.027182055087402977,0.031855814311407965,4.068208080111668e-16
2365,20.70912,-103.33036,1,1,1,0.0012496174784884405,0.029717253957734825,3.0886604451869703e-18
2366,20.71305,-103.32182,1,1,1,0.0012678584154336,0.027568835990568093,3.7247445622067754e-17
2367,20.64352,-103.27566,2,2,2,0.005402886214734802,0.027306942913952522,1.2423476675803197e-16
2368,20.648323333333334,-103.27443,3,3,4,0.0008574373341675068,0.026956026179049655,1.8066379237696964e-18
2369,20.65841,-103.37892500000001,2,1,2,0.001669668868079618,0.030355254553606534,5.570926638793166e-06
2370,20.65759,-103.37666,1,1,1,0.0007282212559938755,0.029539927385658565,4.855514330951174e-07
2371,20.65722,-103.37569,1,1,1,0.0007275981183963701,0.02892169732715708,4.232147639267388e-08
2372,20.65649,-103.37374,1,1,1,0.0007269749807988647,0.028153843187014714,3.6889565282137226e-09
2373,20.65126,-103.27599,1,1,1,0.0,0.026512331379267298,2.5755444514017518e-20
2374,20.65266,-103.2765,1,3,1,0.0011807890984003378,0.026254258812485838,1.0306602537078839e-19
2375,20.65223,-103.28997,1,1,1,0.0,0.029105282456943254,1.6532856161096158e-20
2376,20.651645000000002,-103.28575000000001,2,1,1,0.0015899355800351699,0.028050139175797118,1.5094661704106958e-21
2377,20.651225,-103.283125,2,3,2,0.002755429482860374,0.0280301248117681,1.967600463253144e-22
2378,20.65132,-103.28151,2,2,2,0.0006367333269055746,0.027369683180041883,2.6660599929313246e-23
2379,20.648785,-103.276405,2,3,3,0.0012647993763185734,0.02733056352751447,3.0489101168111214e-19
2380,20.64642,-103.274,1,1,1,0.00016966337313898539,0.026299334615827525,1.5244182919125067e-19
2381,20.63531,-103.275725,2,3,3,0.0015296895041308923,0.027345077062844197,1.2938426047085944e-17
2382,20.62827,-103.2723,1,1,1,0.0005025321479518996,0.025216926557297195,1.0897271841562593e-18
2383,20.62687,-103.27424,1,2,2,0.0005596342114323995,0.02476197266543948,1.0246585501626661e-17
2384,20.62775,-103.27772,1,1,1,9.075149374579452e-05,0.02401092268219307,8.663062787000573e-19
2385,20.65469,-103.29056,1,1,1,0.0013743582957345324,0.02809480536463565,3.0128137631094748e-21
2386,20.65565,-103.29653,1,1,1,0.0005975889560077319,0.028978564335646113,1.6554227168351946e-20
2387,20.66969333333333,-103.33146,3,4,5,0.0059498594031633404,0.03532001483466501,3.496651751688111e-14
2388,20.65171,-103.38068,2,3,2,0.003978053773602328,0.03199302026223051,5.37519009499093e-07
2389,20.623705,-103.394815,2,2,2,0.0029060871592754426,0.030032015821480667,6.740109964519478e-09
2390,20.624395,-103.39595,2,3,2,0.0029153209254930237,0.030736719082859965,7.862009837142611e-08
2391,20.62625,-103.39893,1,2,2,0.00189836036636412,0.03169498509754156,6.26252239188526e-07
2392,20.62961,-103.39058,1,1,1,0.00047012899288161595,0.029507266981435444,5.412709620228967e-11
2393,20.63115,-103.39021,1,1,1,0.0004695058552841105,0.02877776804519454,4.691067276760355e-12
2394,20.63218,-103.391,1,1,1,0.000468882717686605,0.02807016612946667,4.0664641085191295e-13
2395,20.689615,-103.2385,2,2,2,0.000469562504156611,0.02019349336291654,2.2162097169069443e-25
2396,20.686645,-103.2425,2,2,2,0.0011738779359552773,0.020861090388516572,1.7028201807882315e-24
2397,20.68481,-103.24504,1,1,1,0.0007030691566036554,0.020339539631719868,2.1798899791531835e-25
2398,20.70232,-103.2803,1,1,4,0.003638047240854351,0.02350048822606514,8.541218161741972e-26
2399,20.69347,-103.28895,3,4,4,0.00331010691794898,0.02624470619191982,1.2823479458594381e-23
2400,20.68876,-103.28688,1,1,1,0.00012309799994357772,0.025670449473616245,2.298435437879602e-23
2401,20.689616666666666,-103.31656333333335,3,4,3,0.002929964659034402,0.03060997966826294,2.907554121421398e-16
2402,20.681505,-103.34721,2,2,2,0.0013973010890972334,0.0340140987143922,1.064515024111625e-13
2403,20.682626666666668,-103.29498333333333,3,3,4,0.011241024599848413,0.029116638612491686,1.5053946031367083e-22
2404,20.68299,-103.29175,1,1,1,0.00047012899288161595,0.028083959671745925,1.3063587791571477e-23
2405,20.68648,-103.28908,1,1,1,0.0004695058552841105,0.026863817994905732,1.133986865331348e-24
2406,20.69083,-103.28601,1,1,1,0.000468882717686605,0.025689477127590003,9.847174576676897e-26
2407,20.69936,-103.28418,1,2,1,0.00044084152579885956,0.02471286573110125,1.0064168465787512e-24
2408,20.701006666666668,-103.27905333333332,3,5,3,0.004349727026078082,0.02402401213062688,8.762020731982026e-25
2409,20.69978,-103.27807,2,3,2,0.003937549829764473,0.023585049705408843,1.2680437566229493e-24
2410,20.69119,-103.23632,1,1,1,0.0,0.01973635879659123,2.8371137224150023e-26
2411,20.65087,-103.22151,1,2,2,0.0004939781682043248,0.021460694387436436,3.5860603365075743e-20
2412,20.647025,-103.22185999999999,2,3,2,0.0004957342832518401,0.02089819802822149,1.060824409743017e-20
2413,20.643825,-103.222745,2,3,2,0.0005086502261819532,0.02042778621857315,1.1145006816596758e-20
2414,20.64275,-103.223225,2,3,3,0.0023085548521402112,0.02035930903135855,6.584264847867349e-20
2415,20.639555,-103.22265,2,2,2,0.0005059310803019294,0.01989781341946987,8.572212099720538e-21
2416,20.637880000000003,-103.219865,2,2,2,0.00017045645735399233,0.019396982053199723,1.1191242178780651e-21
2417,20.63648,-103.3097,1,1,1,0.001315046926226513,0.028336873117699387,1.9127151548048105e-18
2418,20.63803,-103.288335,2,5,4,0.004213203243351887,0.029634984558697647,4.4831129681625e-16
2419,20.637315,-103.28557,2,4,3,0.002683173845985991,0.02902222595386743,1.3057678334872e-16
2420,20.636809999999997,-103.2204,3,2,2,0.0002357159584745637,0.01936799182962591,1.6981774029686797e-22
2421,20.6276275,-103.2814825,4,5,4,0.005096132570144616,0.02911219429354615,1.2014113342348521e-15
2422,20.6258625,-103.28233499999999,4,2,3,0.0008058868601920555,0.02953751586140079,2.7283443545898374e-15
2423,20.61652,-103.28255666666666,6,9,9,0.028060537477704418,0.028297008348703755,1.7463276707898428e-14
2424,20.633555,-103.22106500000001,2,2,2,0.0008545482416699816,0.01967706174140992,2.0740561038209646e-22
2425,20.61841,-103.26122,3,5,4,0.0015425204737522548,0.024131648229901957,9.52608204079717e-19
2426,20.62116,-103.23754,1,4,2,0.005775805742405567,0.022004553669895052,4.5682823502818725e-20
2427,20.62473,-103.23445666666667,3,3,3,0.002211515333546862,0.021884300709780525,4.411926834236578e-20
2428,20.624499999999998,-103.23259,2,4,3,0.0017506201068828266,0.021506079354142418,1.1329238403617434e-20
2429,20.62472,-103.22918,1,1,1,0.0005477945970797959,0.02094448781792838,1.4503295041524504e-21
2430,20.62753,-103.23885,1,3,2,0.00892990166548818,0.021448849814059676,8.58178071949261e-21
2431,20.63655,-103.28263000000001,2,3,2,0.003953241567447111,0.028137766808965993,1.4037938637953691e-16
2432,20.63899,-103.29165,1,1,2,0.0015431436113497602,0.028455376844682682,3.7741917163156287e-17
2433,20.621237999999998,-103.24825000000001,5,5,4,0.007791854141389467,0.023667931278837446,1.6429158744384685e-17
2434,20.63911,-103.2996,1,1,2,0.0008398478592561028,0.026798932415169265,3.1775122928558024e-18
2435,20.61763,-103.26414,1,1,1,0.000399544497745998,0.023426214038086916,9.377363196915472e-20
2436,20.66465325,-103.332885,4,8,8,0.11593178539156247,0.03709720208053751,6.209265032513316e-13
2437,20.666345,-103.33129,2,3,3,0.001970077838949748,0.035856398360036186,2.2013167823308687e-12
2438,20.6363,-103.278728,5,7,5,0.005861628784243818,0.02825943986499554,1.4587455493468588e-16
2439,20.636485,-103.28101000000001,2,3,4,0.005766911869422989,0.028447773373619926,9.930000518836002e-17
2440,20.653090000000002,-103.34346333333333,3,4,5,0.012819124342122488,0.03356780949042497,6.83366753186661e-13
2441,20.64356,-103.33754,1,4,2,0.004171453024319021,0.031586553279165167,2.0811917923058424e-14
2442,20.631495,-103.252095,2,5,5,0.004734344545920199,0.024567970006178136,2.8388841817883355e-17
2443,20.629285,-103.25192999999999,2,3,3,0.0012407236055058625,0.024128869851497575,1.743048225627933e-17
2444,20.62427,-103.25158,2,2,2,0.0003074051066239413,0.023529538737392913,1.3796274263319021e-17
2445,20.6227225,-103.25202250000001,4,4,4,0.005114288533781025,0.02403210550976916,4.213847450804632e-18
2446,20.63016,-103.27558,2,2,2,0.002680313077924716,0.02470960944799043,1.1021092424150262e-17
2447,20.63212,-103.2752,1,1,1,0.00014388813615125973,0.024137086141615943,9.319717793678427e-19
2448,20.63749,-103.30405,1,2,1,0.0007396076793664753,0.02940372855389329,6.716362083973518e-16
2449,20.63744,-103.30943,1,2,1,0.0016811685891972186,0.028082898641906148,6.162290307655594e-17
2450,20.63751,-103.31139,1,1,1,0.001680545451599713,0.027372667272638814,5.1881934483483746e-18
2451,20.63773,-103.31657,1,2,4,0.01274030310092529,0.03151819432842704,3.20117837969699e-14
2452,20.67039,-103.33795,1,3,3,0.0009070050976054408,0.03103926864574809,9.495450309254004e-17
2453,20.66226,-103.33266,1,2,1,0.003071671813594392,0.03560227488178519,7.246608411141717e-14
2454,20.659613333333336,-103.33051666666665,3,4,3,0.007738972418910254,0.03462437512541015,2.107457045101879e-14
2455,20.64989,-103.32311333333332,3,5,3,0.0174641109565604,0.033427505795590576,3.794430491466987e-14
2456,20.63934,-103.30467,1,1,1,0.0003562647591556191,0.031167060561049238,4.769880840101126e-15
2457,20.62652,-103.26798,1,1,1,0.0002410976013621108,0.024267487900873522,1.0897271841562593e-18
2458,20.62705,-103.26623,1,1,1,0.00024047446376460535,0.02330524144397193,9.179935617645815e-20
2459,20.63052,-103.27716,1,1,1,0.002300652334426392,0.024206378348341277,9.319717793678427e-19
2460,20.63073,-103.27811,1,1,2,0.002300029196828887,0.023799458833383594,7.89879828645366e-20
2461,20.63374,-103.28178,1,1,1,0.0007076577152761955,0.027870160905199597,6.032407071527244e-17
2462,20.65167,-103.32902,3,4,4,0.012307103508026754,0.03334553190664027,1.3307473831634897e-15
2463,20.65292,-103.33114,1,1,1,0.0003364376537804455,0.03204817904691135,1.1395345472091334e-16
2464,20.65327,-103.333365,2,2,2,0.0006173027636379044,0.03248433586392137,4.592179817423594e-16
2465,20.65476333333333,-103.33269333333334,3,2,2,0.0007814711961443417,0.03259707386818133,5.203221891903927e-15
2466,20.65208,-103.32508,1,2,2,0.004525989992863375,0.033595452935219206,2.1585795593726053e-15
2467,20.63663,-103.31382,1,1,1,0.0013169163390190294,0.030237944004512057,3.205676891621578e-15
2468,20.63659,-103.31271,1,1,1,0.001316293201421524,0.029576531542444297,2.6986384114974733e-16
2469,20.63652,-103.31126499999999,2,1,1,0.0013156700638240187,0.028957578544096352,2.2718937414165773e-17
2470,20.636405,-103.30850000000001,2,3,3,0.006303943180727691,0.03156480848023523,1.5697688979318744e-14
2471,20.63632,-103.30378,1,1,4,0.0007889488473144073,0.0296734459199142,1.1125832211616332e-16
2472,20.62944,-103.27213,1,2,1,0.010180312228191627,0.027394059109616058,1.408457078491681e-15
2473,20.69295,-103.29223,4,5,5,0.0018908827151940546,0.027328514405995683,1.116289761767623e-21
2474,20.71286,-103.30763,1,1,1,0.0005526947245510888,0.025849790155280335,2.4838475234813837e-20
2475,20.7077,-103.29912333333334,3,3,2,0.0003180267702177843,0.025122313870978737,9.07939097043451e-23
2476,20.70756,-103.29433,1,4,4,0.0026790384782934547,0.02533446375163877,5.217807652227554e-23
2477,20.71345,-103.30851,1,2,1,0.00044503354236389626,0.025984164245970078,5.373214143407818e-22
2478,20.7137675,-103.3136275,4,2,2,0.002409588116244846,0.02681043821883095,3.7238204114339395e-17
2479,20.71488,-103.326475,2,2,2,0.0009991728131637477,0.028395216458037716,3.5573405750926595e-17
2480,20.693405,-103.339525,2,2,2,0.001980472907053589,0.03326158919856419,5.533671808655976e-16
2481,20.692985,-103.34590499999999,2,2,4,0.0028958053889166025,0.03523647040825332,4.752884428959642e-14
2482,20.689136666666666,-103.34680333333334,3,4,5,0.0016823298910834787,0.033067499052127636,3.4483665806904894e-15
2483,20.722234999999998,-103.29651,2,2,1,1.9827105375173585e-06,0.02285676457243922,3.1746303039353203e-25
2484,20.72361111111111,-103.29316777777778,9,6,6,0.0004708654282241224,0.02359157181752442,2.776000192670687e-24
2485,20.708955,-103.30719500000001,2,2,2,0.0005294403623896352,0.026491914559179847,4.224116359012771e-23
2486,20.713368666666668,-103.30079,3,7,5,0.009231840155915825,0.02671986586669052,1.1638503374938882e-20
2487,20.71025,-103.3068,1,1,1,0.0001112867100272243,0.02604053703330455,4.382260384243643e-22
2488,20.707349999999998,-103.30777,2,2,2,0.0007121613006399849,0.027030430292165966,4.6380423905313676e-23
2489,20.69218,-103.29969,2,3,3,0.0014227647572862062,0.0283689420647675,1.2853936853072084e-21
2490,20.69129,-103.29941,1,1,1,0.00018051163222283038,0.027797753676929632,1.1190847226680491e-22
2491,20.68587,-103.30096,1,1,1,0.00029774647386260675,0.02797770166460405,1.8212084948137573e-21
2492,20.68642,-103.30278,1,1,1,0.0002971233362651013,0.0272832541766077,1.5790828100507282e-22
2493,20.68753,-103.30649,1,1,1,0.0009013968592278917,0.029533587338749792,1.9630020403634393e-21
2494,20.68808,-103.30831,1,1,1,0.0009007737216303862,0.02876039989827851,1.7051171161077903e-22
2495,20.684995,-103.30955,2,2,3,0.0141975292556493,0.031204383409155455,3.1582641621233115e-20
2496,20.678383333333333,-103.31533999999999,3,4,4,0.00338324061234712,0.031299536055362974,7.323849014663912e-19
2497,20.677015,-103.316375,2,2,2,0.002756817380236636,0.031310553481602645,1.2775521916532727e-18
2498,20.6771785,-103.31869499999999,4,3,3,0.0033752814457608006,0.030710829594904326,1.1137852275857776e-19
2499,20.67751,-103.31988,1,1,1,0.0,0.030057731386676518,9.709786984639452e-21
2500,20.678291666666663,-103.32191999999999,6,6,7,0.007896541257770383,0.033217558291714314,1.832482231373459e-15
2501,20.67854,-103.31992,1,1,1,0.001081540273779469,0.03224270788655546,1.5972772657458813e-16
2502,20.67801,-103.3182,1,1,1,0.0010809171361819633,0.03134001116063346,1.3923155112451446e-17
2503,20.68105,-103.31377,1,1,1,5.0927336377945865e-05,0.02982280647670563,1.701877446903066e-18
2504,20.69354,-103.30041,2,3,3,0.0023807255157058432,0.028974520338856648,1.1648625768103327e-20
2505,20.69827,-103.30518,1,1,1,0.00019750629397297917,0.028250510149863697,1.8597061028771375e-21
2506,20.71909,-103.30086499999999,2,2,2,0.0012044116782330447,0.024152840790287435,8.917213637000661e-23
2507,20.71762,-103.30114,1,1,1,0.0008770944929251789,0.023662454628071903,7.777845404658182e-24
2508,20.71814,-103.30351,1,1,1,0.0008764713553276735,0.02309217195528052,6.786020716759764e-25
2509,20.718233,-103.31090999999999,3,6,4,0.010632030337510583,0.026644957494430986,9.487048504609477e-21
2510,20.72005,-103.3144,2,2,3,0.0,0.025742828979517993,1.657068873357401e-21
2511,20.7157,-103.31195,1,1,1,0.0006021208658077715,0.025542526970280068,8.334650152778921e-21
2512,20.700405,-103.32353499999999,2,2,2,0.00038776153226589486,0.030360105274111752,3.9578818906696793e-19
2513,20.698725,-103.32480000000001,2,2,2,0.0002634739059998067,0.030451105809466392,5.370723910608927e-19
2514,20.699334999999998,-103.32645500000001,2,2,2,0.00035960704263314833,0.030764914067859563,5.76639373656724e-18
2515,20.698185000000002,-103.32701499999999,2,2,2,0.0006694197263383607,0.03134903183158901,6.562736771891692e-17
2516,20.68739,-103.336,1,1,1,0.0011934973287979491,0.03360961541478608,4.6864571228866556e-15
2517,20.68786,-103.33751,1,1,1,0.0011928741912004437,0.03268457681023319,4.0832520687882765e-16
2518,20.68526,-103.34001,1,2,2,0.0015194549411658028,0.03148523769460491,9.4739694822697e-17
2519,20.68301,-103.34415,1,2,1,0.0014703970175803732,0.031059001232376673,2.4852000601146292e-15
2520,20.68278,-103.35289,1,1,0,0.0,0.03375770241837603,7.778435171195182e-14
2521,20.6836,-103.34278,1,1,2,0.0007261252477113572,0.03239407412981075,3.258871220878205e-13
2522,20.683655,-103.340315,2,2,2,0.0007022194235161478,0.03213446838705548,2.8414924113309108e-14
2523,20.68355,-103.33804,2,2,2,0.0006169628704029015,0.03185158720689004,1.6800891041666486e-13
2524,20.6857235,-103.33636000000001,2,5,3,0.012434569136040114,0.03538188031734212,6.124781092980546e-13
2525,20.71538,-103.30473,2,1,4,0.001170195759242745,0.025712130464285884,1.0147193322695989e-21
2526,20.51086,-103.42565,1,1,1,0.0,0.016875084068264993,2.862490213513882e-20
2527,20.51249,-103.42552,2,2,2,0.000469562504156611,0.017138515804091002,3.404119367486911e-19
2528,20.514615,-103.425995,2,2,2,0.00093889841282322,0.01746140543502862,4.019653181714625e-18
2529,20.516515,-103.42569,2,2,2,0.001408007725999827,0.017764593971159363,4.746292401145134e-17
2530,20.519655,-103.425005,2,2,2,0.0018768904436864322,0.018166844772637213,5.604329757384667e-16
2531,20.521990000000002,-103.424955,2,2,2,0.0023455465658830353,0.018512201759266586,6.6175272826085695e-15
2532,20.68946,-103.33118,1,1,1,0.00023078750656702055,0.03254881876304336,4.3215124136485603e-16
2533,20.690315,-103.32442499999999,2,4,3,0.013363072480759493,0.03169156798668759,8.288236871957038e-16
2534,20.694779999999998,-103.32267999999999,3,4,4,0.0061075981886409714,0.03127825210170219,1.1433205521436563e-16
2535,20.69662,-103.321415,2,3,4,0.006563564963397463,0.031225840363256704,1.0316502987411263e-17
2536,20.69343,-103.31522,1,1,1,0.00026845900677985036,0.029340947884079874,8.9941418424363e-19
2537,20.69517888888889,-103.31005222222223,9,6,6,0.034446955751905574,0.031227881458249007,5.672205624374463e-19
2538,20.697255,-103.30852999999999,2,2,2,0.0024519331484389667,0.030100251673205295,4.9824368812845864e-20
2539,20.70011,-103.30773500000001,4,2,2,0.002018852518172675,0.02917793260457242,4.343772831662548e-21
2540,20.6967,-103.31302,2,2,3,0.023364232649668307,0.031172972026911803,5.2495516020952445e-20
2541,20.69493,-103.31425,1,1,1,0.00023509282087705823,0.030220636234748095,4.576270379717099e-21
2542,20.6948,-103.31653,1,1,1,0.00023446968327955276,0.02918035844644466,3.989489104377279e-22
2543,20.68901,-103.32495,1,1,1,0.012999953208031314,0.03114254226011378,7.22529333134673e-17
2544,20.686844999999998,-103.325615,2,2,3,0.01359017781061398,0.03154634933146595,7.784886350594516e-15
2545,20.68777,-103.32717,1,1,1,9.267755541081138e-05,0.030620787487272975,6.786346998846491e-16
2546,20.62452,-103.2313,1,1,1,3.1723368600277738e-06,0.019507135398679234,5.233445081720475e-23
2547,20.707293333333332,-103.28633666666667,3,3,3,0.0034802518065042195,0.024431234317703998,1.9430323908330555e-23
2548,20.7055,-103.28615,2,3,2,0.0036887479817422947,0.024096140788109004,3.819002826163161e-23
2549,20.703452,-103.28322399999999,5,5,6,0.006870063688061397,0.023748692156885007,6.762649952009224e-24
2550,20.661382500000002,-103.23185,4,5,5,0.01853245204304725,0.022262508415713405,9.409881641448607e-19
2551,20.62676,-103.24355,1,3,1,0.009164824539747738,0.02383607089883602,7.038088654619949e-17
2552,20.62642,-103.24206,1,1,1,0.009164201402150232,0.023376552473046555,9.00989631723044e-18
2553,20.62616,-103.24093,1,1,2,0.009163578264552727,0.022969976653273695,1.1534139625766845e-18
2554,20.62993,-103.23187,1,2,1,0.00047154521469412833,0.02085852420727541,3.1934169361197395e-21
2555,20.631255000000003,-103.23208,2,1,2,0.0004709220770966229,0.020519734749687536,4.0881011599543154e-22
2556,20.66992,-103.2352,1,2,1,0.0,0.02072282075009846,1.01668778872778e-20
2557,20.69927,-103.27694,1,2,1,0.003332398249277925,0.02285269476728148,3.5360832298368895e-25
2558,20.71244,-103.28831,2,2,2,0.003394768657900971,0.023400117216643458,3.389287189963123e-24
2559,20.71264,-103.29417,2,2,3,0.0033941455203034656,0.02248659228725788,5.914577052936511e-25
2560,20.70656,-103.2959675,4,4,3,0.0006633016481083072,0.025695731127183152,7.665720749838447e-22
2561,20.70455,-103.29566,1,1,1,6.44664169055644e-05,0.025119251414061763,6.68224522985474e-23
2562,20.6999725,-103.29495,4,4,5,0.0006984239490586147,0.026687746745199366,1.1642444950086903e-23
2563,20.68564,-103.34282,1,0,1,0.0,0.0,1.1308881024556818e-104
2564,20.701880000000003,-103.295145,2,2,2,0.00021362289819937025,0.025975026507672954,2.0280321070075487e-24
2565,20.71225,-103.29202,2,2,2,0.004568448322802497,0.02561758361419758,1.2009345692949073e-21
2566,20.70899,-103.287,2,2,3,0.004567825185204991,0.024325387724474234,2.0933132216871187e-22
2567,20.6634,-103.21215,1,1,1,0.005132104604182432,0.01672992293819874,6.797258912249152e-27
2568,20.66992,-103.2214,1,1,1,0.006061372708680567,0.01796597841000858,4.0793826609792955e-25
2569,20.66434,-103.21325,1,1,1,0.005381019749949611,0.018203326167341535,4.0793826609792955e-25
2570,20.681203333333332,-103.33277,3,3,6,0.0022448815194496537,0.03312482288399354,3.296420785469177e-14
2571,20.67517,-103.335155,2,2,3,0.0019563121629321274,0.033122053636622885,1.4843780312905443e-14
2572,20.66902,-103.33725,1,2,2,0.000788354034153152,0.03291208735440958,3.9174827652762694e-16
2573,20.667675,-103.337215,4,5,5,0.004003970632771305,0.03475894207737264,3.3093466046986286e-14
2574,20.66526,-103.33971,1,1,1,0.00048134546963671417,0.033241061356222595,2.8646632156151448e-15
2575,20.66438,-103.345505,2,2,2,0.0024486475138339376,0.03444166580912416,6.269998193207083e-13
2576,20.66338,-103.34196,1,1,1,0.00048225185159672207,0.030758052731271735,1.3113913855491304e-11
2577,20.66372,-103.34035,1,1,1,0.00048162871399921663,0.02977142619632831,1.1313912500717527e-12
2578,20.66513,-103.33773,1,1,1,0.0004810055764017112,0.02858177381421854,9.763810690242419e-14
2579,20.67329,-103.33519,1,1,1,0.0011852077104553764,0.03316231790872267,3.835058936358172e-16
2580,20.6859,-103.26361,1,1,1,0.00033825041770046136,0.022284594119530578,5.475814455361251e-25
2581,20.689259999999997,-103.272845,2,3,3,0.0017871303052093962,0.024166479498760843,2.0793696157551565e-24
2582,20.68706,-103.27224,1,1,1,0.0004994164599643724,0.023515204533945594,2.6618572515478246e-25
2583,20.68473,-103.27262,1,1,1,0.0004987933223668669,0.02296021701944486,3.4075480214498927e-26
2584,20.65321,-103.27867,1,2,3,0.005125505010536124,0.028681426993052598,9.675053137538437e-21
2585,20.650855,-103.27914,2,2,2,0.0024730631778816514,0.028448424658540496,8.62512285499115e-22
2586,20.6412,-103.28220999999999,2,2,2,0.0009447332466907711,0.02777599349749266,7.612146625735199e-17
2587,20.634523333333334,-103.28434333333333,3,4,5,0.006072900754234418,0.029111777492917348,9.029614015859576e-16
2588,20.644640000000003,-103.28065000000001,2,3,3,0.0013415585985567453,0.028053340672173025,1.1602670473417462e-18
2589,20.646565000000002,-103.28016500000001,2,2,2,0.0012182340031231657,0.027750492097311612,9.842349683206283e-20
2590,20.64876,-103.28118,1,1,3,0.001169742568262741,0.027322211110110572,7.058077671412663e-22
2591,20.66006,-103.27899,2,4,2,0.0008929561772253178,0.028697852961498106,7.703994397743012e-21
2592,20.68478,-103.261045,2,2,1,0.00033887355529796685,0.02297512454021914,4.2774482624625055e-24
2593,20.65183,-103.20751999999999,2,0,1,0.0,0.0,1.1308881024556818e-104
2594,20.65363,-103.20982,1,1,1,0.00023475292764205526,0.00023030507745927436,1.0630348163083404e-102
2595,20.65388,-103.21197,1,1,1,0.0004693925575391095,0.0002914064245403063,4.944242783936239e-101
2596,20.65295,-103.2128,1,1,1,0.0007039188896911627,0.00038476117731220085,1.516950682872002e-99
2597,20.65214,-103.2135,1,1,1,0.0009383319240982151,0.00044796595458745133,3.453588642110637e-98
2598,20.65322,-103.22656,1,1,1,0.00026251087516729826,0.020922648099349652,1.7930301682537872e-20
2599,20.67933,-103.24705333333333,3,4,3,0.004871633088425151,0.02213243900509025,4.637584418377674e-22
2600,20.677523333333337,-103.25620666666667,3,4,4,0.00582072829829846,0.023631077692767948,7.127256253771668e-22
2601,20.665365,-103.271965,2,1,1,0.00023735877577707806,0.027149066533906575,9.374993426266902e-22
2602,20.66507,-103.27506,1,1,1,0.0002367356381795726,0.026283997326851057,1.1922412711211478e-22
2603,20.6523,-103.27124333333332,3,3,3,0.005707798770968721,0.02917508855050646,1.0831646436413238e-17
2604,20.649214999999998,-103.2723925,4,3,4,0.008299088145758908,0.02892267648808527,2.2698051024266875e-18
2605,20.64509,-103.27484,2,3,3,0.005317657986057806,0.027510630186525366,4.342617328871051e-19
2606,20.63451,-103.27934,2,3,3,0.0016101309030815967,0.028222712350436607,1.4687811492069532e-15
2607,20.64186,-103.27783,1,1,3,0.0006967811317561003,0.027544660054192233,5.771991685842584e-19
2608,20.65225,-103.27353,1,1,1,0.0002830744158849783,0.02598016655180463,8.904412396278394e-19
2609,20.65371,-103.27948,1,1,1,0.0019544993990121117,0.027952225661904924,8.602597992505025e-22
2610,20.686025,-103.279485,2,3,3,0.0014627305368353062,0.02550895799064141,4.371561383119179e-25
2611,20.64154,-103.3023,2,3,2,0.0032093002493343474,0.03338444355005448,4.0951267669289936e-14
2612,20.638605,-103.300675,2,2,2,0.0028387033254361027,0.032205576097933265,4.1190466737731765e-15
2613,20.632372750000002,-103.296625,4,8,7,0.05292939250542215,0.03170733693128089,3.386943973483088e-14
2614,20.62151,-103.28732,1,2,1,0.0011748976156602863,0.029978002325917602,1.538295514515188e-14
2615,20.62065,-103.28673,1,1,1,0.0011742744780627807,0.029326392147601677,1.2950307872686351e-15
2616,20.61976,-103.28611,1,1,1,0.0011736513404652753,0.028702506500533156,1.090283126287174e-16
2617,20.62093,-103.28486,1,1,2,0.0011724050652702643,0.02739113438927672,7.728884119889743e-19
2618,20.63627,-103.29887,1,4,8,0.003425812240031243,0.0315297783864728,7.974945331678836e-15
2619,20.69775,-103.27895,1,1,1,0.0,0.024035305411591927,1.2913830672954866e-26
2620,20.61982,-103.28507,1,1,1,0.00117302820286777,0.02797194762775154,9.179477926944058e-18
2621,20.62193,-103.28468,1,1,2,0.0,0.026846204231392574,6.507832659491725e-20
2622,20.627564999999997,-103.28711,2,3,3,0.0012578315650010122,0.029552402668948013,7.747409284914063e-15
2623,20.628535,-103.28941499999999,2,2,3,0.0007218199334013195,0.02871060189662094,6.569186136603128e-16
2624,20.63323,-103.29183,1,2,1,0.00037815954837706076,0.02799051281429554,5.5931712338122e-17
2625,20.63313,-103.29308499999999,2,3,3,0.0019991387105425026,0.02920471880070304,8.296252104430123e-17
2626,20.63929,-103.31974,1,1,1,0.0016444601198168972,0.02997606290921064,2.694725597442133e-15
2627,20.64132,-103.31979,1,1,1,0.0016438369822193916,0.029139926267857504,2.268490247919867e-16
2628,20.64444,-103.32136,1,1,1,0.0016432138446218862,0.02806719132117781,1.9097546082561626e-17
2629,20.64384,-103.32506,1,1,1,0.0016425907070243809,0.026898600309462267,1.6078187757147223e-18
2630,20.64306,-103.32768,1,1,1,0.0016419675694268753,0.026050476663132868,1.3536803185589648e-19
2631,20.64487,-103.32879,1,1,1,0.0016413444318293699,0.025405784732044665,1.1397648108140537e-20
2632,20.64757,-103.32992,1,1,1,0.0016407212942318645,0.02460692022744576,9.59699165360753e-22
2633,20.64847,-103.32833,1,1,1,0.001640098156634359,0.024079734115441297,8.081209650204649e-23
2634,20.64999,-103.32904,2,2,2,0.00300516603727881,0.02711623963097076,2.694725604247314e-15
2635,20.65536,-103.329565,2,2,4,0.0010079533884013246,0.033777301353537875,5.334692265178274e-14
2636,20.65983,-103.339105,2,2,2,0.0014928299710905697,0.03284035821252102,2.0113738529655845e-14
2637,20.66046,-103.341,1,1,1,0.0,0.031855043038911304,1.737854246303595e-15
2638,20.66178,-103.3449,1,3,1,0.0021784512749640724,0.031784339824248956,9.511433242620637e-09
2639,20.66106,-103.3387425,4,3,5,0.0017829949375168601,0.031345784750335545,6.788347500430516e-12
2640,20.651025999999998,-103.33091199999998,5,5,6,0.023228288573737356,0.03365747789200305,5.078171565966586e-15
2641,20.6401,-103.32537,1,2,1,0.0019316132545219111,0.03004240828251636,4.3880752232907043e-16
2642,20.63856,-103.32291,1,1,1,0.0019309901169244058,0.029059530974071504,3.79036335473893e-17
2643,20.63833,-103.31994,1,1,2,0.0019303669793269004,0.02811222987138554,3.274956760759738e-18
2644,20.6367,-103.31518,1,3,1,0.001317539476616535,0.03097812248001127,3.8081370948724464e-14
2645,20.63638,-103.30741,1,1,1,0.0007895719849119126,0.030828635009778,1.3215228603989768e-15
2646,20.63455,-103.29806,1,3,2,0.001008803121488832,0.030655968533458085,6.877207838289207e-16
2647,20.632785,-103.29022499999999,2,2,3,0.0005305450154033949,0.02852200412386804,7.432832984696649e-18
2648,20.66782,-103.26056,1,1,1,0.00023509282087705823,0.022735614867420664,1.8128338882359536e-23
2649,20.66929,-103.26054500000001,2,1,1,0.00023446968327955276,0.022350256081408896,2.3207269800506644e-24
2650,20.674329999999998,-103.260245,2,2,2,0.0009389550616957205,0.023784488170540477,1.4160937244736198e-22
2651,20.68107,-103.25652,1,2,1,0.0007404007635814822,0.022652458365118824,1.0933095641480298e-22
2652,20.68203,-103.25662,1,1,1,0.0007397776259839767,0.02228712548967897,1.3996169020007442e-23
2653,20.68353,-103.25621,1,1,1,0.0007391544883864712,0.02186863445103714,1.79174099701909e-24
2654,20.68364,-103.260505,2,2,3,0.0010081233350188261,0.022414288487691288,1.716268442865907e-24
2655,20.693685000000002,-103.29031,2,2,2,0.00037864106379331496,0.026672092005412668,2.0610065411051976e-23
2656,20.69015,-103.30939,1,1,1,0.000360598397901907,0.029541686628197176,9.948250360944823e-20
2657,20.688835,-103.31140500000001,2,2,2,0.0018168143143996562,0.029701989087905247,3.523945578662328e-18
2658,20.687635,-103.31332,2,2,2,0.0016486238119456835,0.029683910390008367,4.0322229864735814e-17
2659,20.68681666666667,-103.31466333333333,3,2,2,0.001816474421164653,0.030198929285201202,4.5901080432972115e-16
2660,20.684828333333332,-103.317475,6,6,6,0.004828948162996027,0.031020049979802344,5.225160863595145e-15
2661,20.6752,-103.3266,1,1,2,0.002012224600090117,0.03207231756309618,4.983266067459806e-17
2662,20.701615,-103.283865,2,2,2,0.000468882717686605,0.02441091894897303,9.604105514494303e-26
2663,20.676815,-103.2612475,4,5,8,0.008534095993327216,0.024410657379721125,1.1038598416223384e-21
2664,20.67937,-103.25633,1,1,1,0.0005779884461225602,0.023216489245301633,1.413122810268359e-22
2665,20.682775,-103.267075,2,2,2,0.0002471023818471634,0.023277497166667004,1.1614889324524309e-23
2666,20.68737,-103.2709,1,1,1,6.854513572560011e-06,0.023315338642306498,1.531236117734314e-24
2667,20.69508,-103.28405,1,1,1,0.0022955539359013474,0.025136584398401843,4.606647306798419e-25
2668,20.74229,-103.347785,2,3,3,0.00034975013881806204,0.025099750270434613,5.596434124340105e-23
2669,20.74332,-103.34692,1,1,2,0.0003279403229053711,0.024589825612234335,5.16592737998329e-24
2670,20.74538,-103.35301,2,3,4,0.0016433837912393878,0.024704004794002334,1.1698155920923317e-24
2671,20.74496,-103.35564,1,2,1,0.0013279062202841258,0.02399547426453526,1.2301414136383098e-25
2672,20.74443,-103.35785,1,1,1,0.0013272830826866202,0.023399349430549728,1.2025720877162215e-26
2673,20.74328,-103.357875,2,2,2,0.0030140032613888874,0.026543513944828165,3.3905780435993773e-23
2674,20.74366,-103.3559,1,1,1,0.0012434427513858862,0.025827235312363302,3.351680881301241e-24
2675,20.74363,-103.35351,1,1,1,0.0012428196137883808,0.025137930154628188,3.379525080123461e-25
2676,20.743745,-103.35962,2,2,2,0.0034496330909177014,0.027191787491499843,3.4963396919037147e-22
2677,20.743115,-103.36248499999999,2,2,2,0.003904410239351683,0.028039343911999068,3.636874042319176e-21
2678,20.741915,-103.363405,2,3,3,0.004359527281020668,0.02869680863347311,3.846781255481232e-20
2679,20.736535,-103.36113499999999,2,4,5,0.016188973161010485,0.030684321638061125,1.0830904764711134e-18
2680,20.72553,-103.37390500000001,2,3,2,0.002752587597756599,0.029434578837100635,1.9112301410439513e-18
2681,20.721815,-103.37426500000001,2,3,3,0.005881729692502744,0.030834221704115768,1.4538535151295523e-16
2682,20.68974,-103.36364,1,1,1,0.0007056750047386781,0.029173310433457215,2.4419403995858005e-14
2683,20.68973,-103.36208,1,1,1,0.0007050518671411727,0.02848918922713101,2.1287711042357996e-15
2684,20.68884,-103.36098,1,1,1,0.0007044287295436672,0.027706267299152706,1.8558673100163754e-16
2685,20.68689,-103.36107,1,1,1,0.0007038055919461617,0.027002088006210116,1.618046859517323e-17
2686,20.685450000000003,-103.361555,2,2,2,0.0009400313902732299,0.032861671172096533,9.095690384484865e-13
2687,20.64376,-103.34935,1,1,2,0.0007051085160136732,0.030948137927532576,8.051727651491625e-13
2688,20.64166,-103.34697,2,2,1,0.0007044853784161678,0.029816615437585646,1.397964859126401e-13
2689,20.6452,-103.35011,2,1,2,2.9740658062760377e-05,0.027143899806182228,3.9246927109006824e-16
2690,20.673855000000003,-103.35109,2,4,2,0.004087584368582036,0.034700193199760754,4.5124926646017237e-13
2691,20.72402,-103.37406,1,3,3,0.004473212126650412,0.02998406690475637,1.6711026965661033e-17
2692,20.728160000000003,-103.37333000000001,2,3,3,0.0021454816311687838,0.028611132173641172,2.252711367960468e-19
2693,20.72984,-103.36201,1,1,1,0.000848543461184929,0.028221336521029608,1.3843336157908355e-20
2694,20.6281,-103.24123,1,2,1,0.00892865539029317,0.020987450329299794,1.2392497817375603e-21
2695,20.62849,-103.24269,1,1,2,0.008928032252695664,0.02063037923708142,1.5864444521810503e-22
2696,20.65189,-103.28755,1,2,1,0.0015905587176326752,0.02868546984981474,1.7925077899303538e-20
2697,20.65029,-103.27641,1,1,1,0.0010396201081291018,0.027575707928276464,7.846113671985872e-23
2698,20.645235,-103.26439,4,4,4,0.002762227347560433,0.026360431064850077,2.9866388035851957e-19
2699,20.648975,-103.263925,2,2,2,0.0001267518522198597,0.025538123228939134,3.605476510705161e-20
2700,20.647575,-103.26123000000001,2,3,3,0.0028976464772728686,0.025374319336840295,1.4108248614521821e-19
2701,20.641687500000003,-103.2594475,4,4,5,0.004880158743736476,0.025386716440927656,8.198550219946575e-18
2702,20.637496666666667,-103.25373666666667,3,4,5,0.0012981938866576156,0.0245652006242015,3.1455985825890756e-17
2703,20.63074181818182,-103.24930727272726,11,10,10,0.027828305424888636,0.02486053319788758,1.7562724580905356e-16
2704,20.633557166666666,-103.25083500000001,12,11,10,0.026419901156781306,0.02496454904112565,1.1466221109121815e-16
2705,20.649625,-103.261135,2,2,2,0.002565882355473714,0.024749665196369636,3.602467571576617e-20
2706,20.64618,-103.27283,1,4,4,0.0022090794320293403,0.027650904447887065,1.0561228713747902e-17
2707,20.6565,-103.30199,1,1,1,0.000630955141910524,0.031617812670300956,1.3846584166033821e-17
2708,20.656685,-103.30472499999999,2,2,2,0.0032629184071560667,0.03170232396525915,6.237112557669546e-16
2709,20.657336666666666,-103.30683333333333,3,2,2,0.004044417927736659,0.03153248983293523,5.253528593989221e-17
2710,20.65746,-103.30881,1,1,2,0.002841479120188627,0.03070149430784149,4.423127080179245e-18
2711,20.657905,-103.31013999999999,2,1,1,0.0022814200422124737,0.03003446477292565,3.724156272976955e-19
2712,20.659287,-103.313645,2,2,2,0.0026422167111681324,0.029151665239801568,5.768266655806709e-20
2713,20.65998,-103.31564,1,1,1,0.0021692552746614916,0.02841273024492017,4.9357114242069486e-21
2714,20.66159,-103.32024,1,1,1,0.0003704836261532436,0.032809204000491955,3.400845478542402e-17
2715,20.66285,-103.32385,1,1,2,0.0003698604885557381,0.03145277209315125,2.947601798955124e-18
2716,20.66372,-103.33503,1,1,1,0.0007453292154890254,0.032063197638393874,3.156689040010865e-16
2717,20.66405,-103.33611,1,1,1,0.0007447060778915199,0.03132131550257665,2.7327931451318133e-17
2718,20.66563,-103.34114,1,1,1,0.0007440829402940144,0.029812124658078826,2.3663622135617933e-18
2719,20.66655,-103.3441,2,1,1,0.000743459802696509,0.028871261760318012,2.0495245331626542e-19
2720,20.67123666666667,-103.34885000000001,3,5,4,0.009565756934869997,0.03514294154259956,1.3341445666239573e-11
2721,20.66363,-103.32307,1,1,1,0.0,0.03287792338267055,2.0347887011201895e-15
2722,20.65938,-103.31094,1,1,1,0.0014558193743902457,0.030660541398056844,2.99840661649366e-19
2723,20.652865,-103.29421500000001,2,2,2,0.0061678159401089986,0.030745972068051967,2.3318106011273913e-18
2724,20.65242,-103.2914,1,1,3,0.0023846909367808778,0.02981976665523763,1.9634044688846669e-19
2725,20.631771666666666,-103.26223333333333,6,5,5,0.0037494472486265763,0.025002259970575074,6.07392217498193e-19
2726,20.634120000000003,-103.26135,2,2,2,0.0002112719699905997,0.024465114180882586,6.449957732656758e-20
2727,20.636295,-103.26288500000001,2,2,2,0.0001282813717773731,0.024312554091704103,2.5061273564634916e-20
2728,20.63704,-103.26122000000001,2,2,2,0.0004089765350173306,0.024584191639159467,1.4218406268102936e-19
2729,20.64026666666667,-103.26039333333334,6,4,4,0.0033044420306989303,0.025211748198211203,1.0866563998345682e-18
2730,20.64447,-103.26003,1,1,1,0.0,0.024342711394171816,1.3909349354165164e-19
2731,20.64524,-103.267075,2,2,2,0.0017900193977069215,0.026808437134867948,5.231146173070774e-20
2732,20.645220000000002,-103.27072,2,2,2,0.0024856109031405112,0.02760965431841843,2.162433350830678e-19
2733,20.65536,-103.27085,3,4,3,0.006569711366063768,0.02986135130586689,1.8777010156709433e-18
2734,20.657598,-103.27021066666667,3,1,3,0.025376032383214665,0.03049161414565123,3.8205926506573994e-19
2735,20.64216,-103.26048,1,1,1,0.0,0.02492350999483485,5.756963336154384e-21
2736,20.631559999999997,-103.26470666666667,3,4,4,0.003979866537522344,0.025306964110000097,2.1157845317571864e-18
2737,20.62789,-103.26023,1,2,2,0.000882136242577723,0.024066244904903406,3.000933942945887e-19
2738,20.62572,-103.24965,1,1,1,0.00023509282087705823,0.02346458126550193,6.898137131659511e-18
2739,20.62495,-103.2465,1,1,1,0.00023446968327955276,0.022823499262096043,8.830101743807834e-19
2740,20.64657,-103.22723,1,2,1,0.0009381619774807135,0.02103498739907199,2.0855319261662247e-21
2741,20.64903,-103.22742,1,1,1,0.0009375388398832081,0.020575357324319556,2.6698255048882474e-22
2742,20.65596,-103.25122,1,1,1,0.0,0.026192133247309908,1.429879575894763e-20
2743,20.65942,-103.24166,1,1,1,0.0074713631452179114,0.02386885862158564,2.3075693095356634e-20
2744,20.6623,-103.23804,1,1,1,0.007470740007620406,0.022682921854784762,2.9540686993083693e-21
2745,20.6589788,-103.247738,5,6,6,0.024708765314031322,0.02664283966522166,1.9518802240000475e-19
2746,20.656660000000002,-103.260885,2,5,4,0.012363389827743241,0.026846634846647698,2.511598067067212e-20
2747,20.66441,-103.27876,1,2,1,0.000567904946817472,0.029040912759441827,7.069099020089851e-21
2748,20.666075,-103.29376500000001,2,2,2,0.0019797081472748322,0.03134330895345728,2.2318535011200142e-20
2749,20.67046,-103.29609,1,1,1,0.0,0.03149280625457697,2.4636077546801602e-20
2750,20.67603,-103.32247,1,2,2,0.0014495313495426906,0.032185501188970254,1.5972773047619759e-16
2751,20.672773499999998,-103.331387,2,3,3,0.15895526336570664,0.03682234872824947,5.333017526137543e-13
2752,20.66873,-103.30274,1,1,1,0.002882294632825234,0.030293477254559678,4.7348373871560776e-20
2753,20.667226666666668,-103.30266999999999,3,1,1,0.0028816714952277288,0.029628717822608484,4.125532934411044e-21
2754,20.66674,-103.30046,1,1,1,0.0028810483576302234,0.02887946959209109,3.599407185127365e-22
2755,20.598242499999998,-103.252105,4,2,2,0.002347132734313049,0.02235524162708156,8.064607929138027e-18
2756,20.59457,-103.24455,2,2,3,0.0023465095967155434,0.021327323125219146,1.3582029512659277e-18
2757,20.66224,-103.28346,1,3,1,0.006189342511659188,0.0290159316414018,6.910165432075583e-21
2758,20.66377,-103.29593,1,1,1,0.00019594844997921553,0.028646636700606007,1.3376676002152889e-21
2759,20.6644,-103.30048,2,2,2,0.004550773874582342,0.03322320550641485,5.676298844286612e-18
2760,20.66456,-103.30214,1,1,1,0.00023509282087705823,0.032301861206647034,4.952374698438247e-19
2761,20.66715,-103.30543,1,1,1,0.00023446968327955276,0.030523613020673305,4.323550550875391e-20
2762,20.67297,-103.31242,1,1,1,4.429941829538784e-05,0.027821539266538308,2.6324751125423368e-20
2763,20.67382,-103.31516,1,2,1,0.0010088597703613324,0.031039390036522705,6.766521468242828e-20
2764,20.67547,-103.32063,1,1,1,0.001006990357568816,0.02860447281513432,4.477001738635833e-23
2765,20.67499,-103.32522,1,2,1,0.0020128477376876223,0.03292623902171389,5.718981821024596e-16
2766,20.671770000000002,-103.33084,2,2,3,0.005745045404637798,0.034769493196298316,1.1706015498918583e-14
2767,20.66787,-103.31853,1,1,1,0.0010971187137171052,0.031220732850305768,1.020051937468715e-15
2768,20.66648,-103.31397,1,1,1,0.0010964955761195998,0.029811503353457655,8.88907621453275e-17
2769,20.66538,-103.31032,1,1,1,0.0010958724385220944,0.02868971791622832,7.746605930536631e-18
2770,20.66454,-103.30758,1,1,1,0.0010952493009245888,0.02780497903610861,6.751280688224758e-19
2771,20.66289,-103.30436,1,1,1,0.0010946261633270834,0.026669683657214623,5.884101539977345e-20
2772,20.66259,-103.30172,2,2,2,0.001233699145315801,0.028103145758767628,1.3379596314279028e-20
2773,20.66173,-103.29311,2,2,2,0.0010052342425213008,0.032193410199949944,1.0758801373303534e-18
2774,20.66062,-103.28378,2,2,2,0.0018397854321986072,0.02829710923765768,9.095663847022094e-21
2775,20.660265000000003,-103.28161,2,3,2,0.003340867255716749,0.028097307925636656,7.954482664235047e-22
2776,20.65638,-103.26214,1,1,1,0.0014779690835379396,0.026962773259048722,3.158018383750941e-20
2777,20.65496,-103.25248,1,1,1,0.00018739447023164064,0.025139286329562385,3.2151646886571267e-21
2778,20.64508,-103.26117,1,2,2,0.0021991375549055034,0.02439538709807738,1.0672989109842294e-18
2779,20.65348,-103.26098,1,1,1,0.0024389039077638524,0.023940721160568387,4.603577165789911e-21
2780,20.65228,-103.26113,1,1,1,0.0008411791077598645,0.025840966501341083,3.2151646886571267e-21
2781,20.6444,-103.2628,1,2,2,0.002069270014698116,0.02581277124444427,4.9463525799144775e-20
2782,20.57396,-103.216375,2,2,2,0.0018768904436864322,0.016212211610000003,1.5745414497728232e-22
2783,20.576115,-103.2192,2,2,2,0.0023455465658830353,0.0176541745969232,1.620344004563991e-21
2784,20.62498,-103.26007,1,1,1,0.0007051085160136732,0.024804919046586507,8.765338860305638e-19
2785,20.62458,-103.2572,1,1,1,0.0007044853784161678,0.024110263645858523,7.494348459161865e-20
2786,20.62439,-103.25607,1,1,1,0.0007038622408186623,0.023223663970837867,6.4563076494787485e-21
2787,20.62188,-103.25355,1,1,2,0.0007032391032211568,0.02255341459929835,5.623256127361293e-22
2788,20.6216025,-103.250755,4,4,4,0.002263065807522313,0.02364190680070193,4.742655391566208e-18
2789,20.572796666666665,-103.21484,3,2,2,0.001408007725999827,0.014904691582907142,1.5960899813982064e-23
2790,20.648365,-103.27939,2,2,2,0.0019523467418570927,0.028058763454187667,8.368915256210886e-21
2791,20.65229,-103.28275,1,1,3,0.0021204522710023144,0.027448155300242093,1.659227306615845e-23
2792,20.6627,-103.28788,2,2,2,0.0012588512447060211,0.032083584611254067,7.600960715110924e-19
2793,20.66309,-103.29137,2,2,2,0.0012576049695110104,0.03037641805684486,9.58220405665173e-20
2794,20.66329,-103.29252,1,1,2,0.0006689665353583567,0.029693031199334256,1.1183880372604329e-20
2795,20.6604,-103.29985,1,1,1,0.0035864117935701487,0.03262621681163488,5.012664140567979e-19
2796,20.66568,-103.32005,1,1,1,0.0008499030341249409,0.03263034910494952,6.114402222072243e-18
2797,20.66686,-103.32363,1,1,3,0.0008492798965274354,0.0312712791438201,5.299031792633436e-19
2798,20.665860000000002,-103.32424,2,3,2,0.002362427929888183,0.033577388558990215,4.870186087403108e-15
2799,20.65511,-103.32162,1,2,1,0.01126883919624616,0.033947643176015445,7.508437254096768e-17
2800,20.66259,-103.32871,2,3,3,0.002753786665557859,0.0340293788898666,2.2045846836101355e-15
2801,20.66166,-103.31162,1,1,1,0.001665788420313334,0.03110816337784179,2.4296948541120595e-16
2802,20.65944,-103.30462,2,2,2,0.0017712969453455077,0.030959256025152388,5.423138134369502e-17
2803,20.65838,-103.30205,1,1,1,0.0005919240687576822,0.029793525640167583,4.565862474894276e-18
2804,20.65816,-103.3005,1,1,1,0.0005913009311601769,0.029064467360911336,3.844279271161098e-19
2805,20.65726,-103.29379,1,2,1,0.0006031405455127805,0.03165726220652309,2.6231675778389017e-18
2806,20.6612,-103.28859,2,2,2,0.0018410317073936182,0.030027371976071707,9.599771453564597e-20
2807,20.66087,-103.28593,1,1,1,0.0018404085697961126,0.029086519624277957,8.365658479812529e-21
2808,20.65709,-103.27806,1,1,1,0.0037114358551787433,0.029971188082891356,6.021564083378344e-20
2809,20.566985000000003,-103.225825,2,1,1,0.0,0.017222741160723015,1.5844915264210124e-23
2810,20.566042500000002,-103.2229575,4,4,5,0.008213973214826913,0.017611582739317354,1.580604635805784e-22
2811,20.5609,-103.22428,2,2,3,0.00010106158854088478,0.01711304852829836,1.7711028546397258e-23
2812,20.581135,-103.218815,2,3,3,0.0010383171840615904,0.018384254473902722,3.648308227607948e-24
2813,20.59404,-103.22658,2,2,2,0.005269138226761131,0.01983949685094733,1.575688597332203e-22
2814,20.57419,-103.21916,1,2,1,0.0052727637546011626,0.01822203212217829,1.6063530099767937e-21
2815,20.56847,-103.21057,1,1,1,0.0,0.014335515408813181,2.13552706318321e-26
2816,20.57029,-103.2115825,4,2,2,0.000469562504156611,0.014535869699419439,1.8770952499623208e-25
2817,20.571485,-103.21309500000001,2,2,2,0.00093889841282322,0.014705246419881817,1.6929746038263846e-24
2818,20.649665,-103.28245,2,2,2,0.0001736854430865206,0.02669530149607847,1.1914624638714912e-22
2819,20.66996,-103.32565,1,2,2,0.0012010693947555153,0.03263094631871076,6.399418105380091e-16
2820,20.65765,-103.29666,1,1,1,0.0,0.03227464508265735,2.419398947758758e-18
2821,20.68544,-103.33397,1,2,2,0.0007363786936339469,0.03359088457216536,9.372914245773311e-15
2822,20.51669,-103.37848000000001,3,3,6,0.0007003500107236315,0.019635016163914647,1.0731049485272343e-16
2823,20.50833,-103.36115,1,1,1,0.0017137983397575041,0.01806547124028577,7.035611114412449e-19
2824,20.492883999999997,-103.35871200000001,5,2,2,0.001641004538594367,0.017446542181739518,7.479375902649462e-19
2825,20.62716,-103.2993,2,4,4,0.014404703623862362,0.030011702731067576,9.312774657894525e-13
2826,20.62383,-103.43879,1,0,1,0.0,0.0,1.1308881024556818e-104
2827,20.6245,-103.43998500000001,2,1,1,0.00023463962989705425,0.0004606101549185487,1.0630348163083404e-102
2828,20.62477,-103.44165,1,1,1,0.00046916596204910754,0.00046435495292601657,4.944242783936239e-101
2829,20.629080000000002,-103.407895,2,2,2,0.0015803902450188363,0.02825822272932092,2.006753694028344e-06
2830,20.62103,-103.411525,4,2,2,0.0007360954492714445,0.028767700509532514,4.608863541934682e-07
2831,20.62768,-103.43587,1,1,1,2.6624970075233102e-05,0.026781187886128474,0.000174813798828722
2832,20.6308025,-103.4335175,4,4,7,0.007893000703239103,0.027763305864305008,0.0006860013037139498
2833,20.6235225,-103.41524,4,2,3,0.000168473746816475,0.027792886530798932,2.1403327751875686e-05
2834,20.622120000000002,-103.41406,2,3,2,0.0004352332874213104,0.02823926842611321,3.639029504745495e-06
2835,20.634420000000002,-103.39979999999998,3,6,4,0.005419031143397444,0.0292223467629023,7.205788669452692e-05
2836,20.63482333333333,-103.38211333333334,3,2,2,0.0018852744768165055,0.032000614352528406,7.72761904473598e-11
2837,20.636855,-103.381595,2,2,2,0.002305779057387687,0.033026604479181446,5.068492246785767e-10
2838,20.642799250000003,-103.37322599999999,4,6,6,0.24668293471221223,0.03680104491075018,1.1853537492253587e-08
2839,20.64876,-103.35884,1,1,1,0.00013185025074490434,0.03126860051018602,2.2391289546251494e-09
2840,20.647662500000003,-103.35730500000001,4,3,3,0.004141391355978758,0.03193025867877496,2.4577786754553636e-10
2841,20.64652,-103.3543,1,1,1,0.001871386061575134,0.032206452970806404,9.06476098632955e-12
2842,20.64972,-103.36248,1,1,1,0.0018673451086700986,0.031007485218518257,2.2391289546251494e-09
2843,20.6445,-103.37177,1,1,1,0.006799620815107031,0.031058738541232356,2.4488758252940844e-08
2844,20.635885000000002,-103.395825,2,4,3,0.0022255359294907347,0.029390992239130255,0.0008115120384245357
2845,20.63244,-103.40266,1,2,2,0.0013547011369768604,0.0281544327563539,1.2558280422033151e-05
2846,20.63028,-103.406,2,4,5,0.0036343367397055687,0.028100346890663572,2.358139730695565e-06
2847,20.746616,-103.40260599999999,5,6,6,0.0065743282491725575,0.027523324953119665,7.406699851993409e-16
2848,20.746257500000002,-103.40065,4,6,6,0.0060041290230188156,0.02713594539410955,3.7637976537732934e-16
2849,20.745902500000003,-103.3982025,4,5,5,0.004611813034701626,0.0267587863195584,9.944227231395294e-17
2850,20.748026666666664,-103.39791333333334,3,4,5,0.008348542611451841,0.026117156132752065,2.3341068698158144e-17
2851,20.75065,-103.39935,2,2,2,0.005828460869394778,0.02532200555182485,2.7347109610637738e-18
2852,20.75324,-103.40048,3,2,2,0.005375666431498314,0.02465334853234028,3.162012324055438e-19
2853,20.75714,-103.40012,1,1,1,0.0020681087128118563,0.023764173233738604,3.6555606311150235e-20
2854,20.75877,-103.40006,2,2,3,0.00272648190901262,0.023322349102523815,4.283821202716638e-21
2855,20.75978,-103.38947666666667,3,6,4,0.009536016276807238,0.02314947111512905,1.6168644594104915e-19
2856,20.755209999999998,-103.38591,2,5,4,0.00973966897344652,0.024432229016717585,1.18721835670315e-18
2857,20.752765999999998,-103.3844,5,6,6,0.013348598693835617,0.025152884417083635,3.321501927195012e-18
2858,20.74802,-103.38551,2,5,5,0.014171621837959072,0.026099568982671573,8.695700649574887e-18
2859,20.7453,-103.38638,1,1,1,0.0002481220615521723,0.02529868657503699,1.0009351221219504e-18
2860,20.74422,-103.38664,1,1,2,0.00024749892395466687,0.024823110525811452,1.153529707623471e-19
2861,20.735010000000003,-103.36587,4,4,4,0.0012059695222268081,0.030285914898765684,1.7797569316297433e-18
2862,20.734213500000003,-103.36338,2,3,3,0.01861476285479047,0.030706360518554788,4.12419821360326e-18
2863,20.71944,-103.34561,1,1,1,0.0013079091682914508,0.030112998425842114,5.420573956376467e-19
2864,20.717354999999998,-103.34561500000001,2,3,2,0.0031133653837547575,0.031188011548140902,8.280234643800853e-20
2865,20.73769,-103.37477,2,2,2,0.0006567587033344999,0.028377812622068312,7.347879854251331e-19
2866,20.73905,-103.37995,2,5,4,0.012137502448647513,0.02830734506799425,6.05246667172166e-18
2867,20.757065,-103.387865,2,2,3,0.0008840056553702394,0.02380117866322007,1.7329042527796857e-19
2868,20.76194,-103.3867,1,1,1,0.00047012899288161595,0.022457815751889296,1.866619694237293e-20
2869,20.76335,-103.38714,1,1,1,0.0004695058552841105,0.022033318075689253,2.1558421714463197e-21
2870,20.76586,-103.38866,1,1,1,0.000468882717686605,0.02149124446595779,2.4906274438947723e-22
2871,20.76495,-103.392875,2,2,2,0.0045969143812339954,0.022199753679247838,1.8694977287400697e-20
2872,20.76344,-103.39625,1,1,1,0.0009695737772822386,0.021562581375055703,2.1591684059867585e-21
2873,20.76164,-103.40041,1,1,1,0.0015079929859632025,0.021796205716742525,9.023131055684109e-23
2874,20.75584,-103.40047,1,2,1,0.0028512510506949625,0.022692606191582393,5.05705677559884e-22
2875,20.73919666666667,-103.40447666666667,3,4,3,0.0052520869161384815,0.028004094292784963,8.654815539537895e-16
2876,20.75965,-103.39614,1,2,2,0.00048069400760295845,0.021787894406067636,1.8046262111368218e-22
2877,20.7582,-103.39536,1,1,1,3.9767508495348164e-05,0.02137980225255235,2.0862018428005293e-23
2878,20.75725,-103.39354,2,2,2,0.0002801286745149525,0.0220384316825219,2.1874566912551424e-21
2879,20.75964,-103.39122499999999,2,2,3,0.0007358688537814424,0.022743212287522994,1.8918913580979306e-20
2880,20.76093,-103.39662,1,2,1,2.1923113657691935e-05,0.021937733121877297,3.1025774146323875e-22
2881,20.762525,-103.39757,2,3,4,0.0023835862837671183,0.022379673469582043,7.80577403246573e-22
2882,20.74573,-103.3879,1,1,1,0.006630637228438051,0.025169661331681376,1.0009351221219504e-18
2883,20.73644,-103.37904,2,4,4,0.001719831444678807,0.027234516493423493,1.4269345726351175e-17
2884,20.734054999999998,-103.38187500000001,2,2,3,0.0007403157902727314,0.02628140027285816,3.2919393690852334e-18
2885,20.731450000000002,-103.380775,2,2,2,0.0007271449274163661,0.02644030797421419,3.8059990355076933e-19
2886,20.729065,-103.377595,2,2,2,0.0011181354454147892,0.027442115019022127,4.7528778716686017e-20
2887,20.72857666666667,-103.37564333333334,3,2,2,0.001449587998415191,0.02796229608731298,3.1203290164438845e-20
2888,20.727784999999997,-103.370675,2,2,3,0.0014200172869699322,0.02795388027153905,3.8764062154210895e-20
2889,20.727065,-103.366345,2,2,2,0.00024928336343843244,0.027748360748831136,1.3229905101723231e-20
2890,20.726716666666665,-103.36441,3,2,2,0.0008807200207652107,0.028138770843553207,1.5982214100333272e-21
2891,20.7231925,-103.3639325,4,2,2,0.002845897732243666,0.029699859352245013,1.22666750160426e-19
2892,20.72137,-103.36428,1,1,1,0.0020151136925876424,0.028905380941541256,1.0881922836175282e-20
2893,20.72028,-103.35893,1,1,1,0.0020144905549901366,0.027550221113967384,9.703958201081974e-22
2894,20.71966,-103.35647,1,1,1,0.0020138674173926312,0.026768175209056857,8.710776663340406e-23
2895,20.713437500000005,-103.354805,4,4,5,0.01711282185670607,0.03446670674904758,1.1568409770056352e-15
2896,20.71127,-103.35576,2,3,2,1.8070990327658212e-05,0.033884475162903424,1.8465395678201713e-15
2897,20.69419,-103.35132,1,1,2,0.00042928515580875837,0.03295347102466359,4.619315107315965e-16
2898,20.68709,-103.35107,1,1,1,0.0011837631642066138,0.03371957055116888,1.0551144080853207e-13
2899,20.718780000000002,-103.351415,2,2,3,0.0010007589815937616,0.03346426487420509,4.976067263123832e-16
2900,20.720084,-103.3534715,4,6,5,0.07593287191693705,0.034314516120841555,1.547566324845267e-15
2901,20.72017,-103.35508,1,2,1,0.0026727221290096495,0.03331563169866758,1.7931438849290754e-16
2902,20.72059,-103.35788,1,1,1,0.002672098991412144,0.032143864075678916,1.5750656667093936e-17
2903,20.72079,-103.3609,1,1,2,0.0026714758538146388,0.031002984085445596,1.3868198109451225e-18
2904,20.72439,-103.36343,1,1,1,0.0005950114323089592,0.029031307716961666,1.0881922836175282e-20
2905,20.72629,-103.36307,1,1,1,0.0005943882947114539,0.02825680449281998,9.703958201081974e-22
2906,20.73022,-103.37906,1,1,1,0.00047126197033162587,0.026748991052878278,5.488148615702343e-21
2907,20.73271,-103.38282,1,1,1,0.00022880479602950318,0.025707257082706592,4.395047452502725e-20
2908,20.7346,-103.380665,2,3,2,0.0007592648381241473,0.026492325325898073,4.237968068183261e-17
2909,20.75938,-103.39711,1,1,1,0.00020515389176054612,0.0212723252819996,2.0862018428005293e-23
2910,20.759943333333336,-103.39864,3,2,2,0.0006634715947258086,0.022847211209100028,4.976864928487189e-22
2911,20.743034,-103.39201,5,6,6,0.0015064351419694388,0.027911522423965485,6.062755853520264e-17
2912,20.74484875,-103.39379500000001,8,6,6,0.0010489105232191832,0.027168682049335875,3.588342785202986e-17
2913,20.753862,-103.367904,5,2,3,0.0016446867153068992,0.023297908131219885,1.8438502775562807e-27
2914,20.75242,-103.36597,1,1,1,2.2093060275193423e-06,0.022850525645973337,1.9674632327350003e-28
2915,20.75019,-103.363445,2,2,2,0.0004710920237141244,0.022248840992944403,4.289149878330016e-29
2916,20.748465,-103.36412,2,2,2,0.001877003741431433,0.02268136610241315,1.9911223808257903e-28
2917,20.74654,-103.36644,1,1,1,0.0014068747485498172,0.022000150173730353,2.1577037544568953e-29
2918,20.74531,-103.36628,1,1,1,0.0014062516109523116,0.02162365624713771,2.3688157964300236e-30
2919,20.74537666666667,-103.36983,3,2,2,0.003688068195272289,0.024798491215140325,1.6889175270801282e-25
2920,20.718400000000003,-103.37222,2,2,2,0.00210051186788214,0.0312696297824701,1.453453631284437e-16
2921,20.71602,-103.37471500000001,2,4,2,0.00927258957820118,0.03308531690309029,1.1462106339291854e-14
2922,20.71855,-103.374505,2,2,3,0.00389375080984284,0.0320170507296575,1.283836188826484e-15
2923,20.72398,-103.36864,1,2,1,0.001092199703288312,0.02893306035200354,8.948241744071965e-19
2924,20.74737,-103.36946,1,1,1,0.0014078377793823255,0.02425149254348629,1.7381277212539625e-26
2925,20.74854,-103.36799,1,1,1,0.0014072146417848201,0.02362404828731352,1.8225100727172978e-27
2926,20.75189,-103.36274,1,1,0,0.0,0.021801175339744273,4.70822877995102e-30
2927,20.757830000000002,-103.367506,5,1,2,0.00023514946974955873,0.022787495837501264,1.9674632327350003e-28
2928,20.75141,-103.36877,1,1,1,0.0009364058624331982,0.02266602076330778,1.9674632327350003e-28
2929,20.74812,-103.37127,1,1,1,0.0009357827248356927,0.021912460595355513,2.1314461238731202e-29
2930,20.746355,-103.37145000000001,2,2,3,0.003828245830274766,0.024890298351934462,1.6889382921585512e-25
2931,20.74285,-103.37202,1,3,1,0.004312905258952759,0.024190368284784356,1.0224315572887562e-24
2932,20.74099,-103.372005,2,2,2,0.009420225981416223,0.026345236847803648,1.6916577174609302e-23
2933,20.740415,-103.370135,2,2,2,0.009805296692238345,0.027127313683046578,1.7329055730935576e-22
2934,20.74033,-103.36838,1,1,1,0.0046967296945798695,0.02648524708699814,1.679878894858825e-23
2935,20.74049,-103.36636,2,2,2,0.010479276652812996,0.02806869625840308,1.8029913488689835e-21
2936,20.74051,-103.364585,2,2,2,0.010926632798949412,0.02874991112914021,1.9232382073170153e-20
2937,20.72877,-103.35328,1,2,1,0.0024809373711592204,0.032225692948524245,1.3317665588192932e-17
2938,20.72525,-103.35335,1,1,1,0.002480314233561715,0.03093180045279348,1.1741012945578044e-18
2939,20.722635,-103.35314,2,2,3,0.0036965655261473633,0.03304089031723077,1.357929835142744e-16
2940,20.74421,-103.37169,1,1,2,0.0049409996328020084,0.025572882727200385,1.673617390831723e-24
2941,20.75035,-103.36905,1,1,1,0.001410840169624852,0.02394577038045849,1.7381507361201898e-26
2942,20.76117,-103.36673,1,1,0,0.0,0.022151092355814368,2.1314461238731202e-29
2943,20.756495,-103.37935999999999,2,1,1,0.00047012899288161595,0.022441225811704876,6.135270476030145e-22
2944,20.75452,-103.37849,1,1,1,0.0004695058552841105,0.02193505559852366,7.08762873267216e-23
2945,20.75258,-103.37832,1,1,1,0.000468882717686605,0.021490112542924714,8.189742821086901e-24
2946,20.75105,-103.37800999999999,2,3,3,0.002355148549771869,0.023416096370044222,5.3125891640561335e-21
2947,20.7511,-103.37634,2,3,3,0.0013962530849559742,0.023617868680224533,6.304734214780772e-22
2948,20.751345,-103.37301,2,2,2,0.001565066725007452,0.02402719345244542,7.382245559638822e-23
2949,20.75105,-103.37185,2,2,2,0.0018709139876376298,0.024345859642508422,8.54764003495857e-24
2950,20.62974,-103.23683,1,2,2,0.0011690061329202345,0.020563637731538038,4.673462965172374e-22
2951,20.617733333333334,-103.35700000000001,3,2,3,0.0009928564638799423,0.029371301843702274,4.641062075289901e-09
2952,20.63006,-103.35967,1,1,1,1.778774596515573e-05,0.029936503973033136,1.3914328873465041e-10
2953,20.63285,-103.32264,1,1,1,0.00017714102430905086,0.026812191238553825,9.53004089987889e-16
2954,20.6328,-103.31992,2,2,2,0.001959144606557152,0.03008383312123779,6.410171161322855e-14
2955,20.631935,-103.31527,2,2,2,0.0018616235725475484,0.02987593153390009,6.402161681473489e-14
2956,20.6314,-103.31394,1,1,1,0.000899725717489127,0.029114557537644855,5.38922965568598e-15
2957,20.63076,-103.31219,1,1,1,0.0008991025798916216,0.028377429676396334,4.536744154388795e-16
2958,20.62996,-103.30961,1,1,1,0.0008984794422941161,0.027535239445707665,3.819266923964665e-17
2959,20.631555,-103.30707000000001,2,2,2,0.005784359722153142,0.030021495007959528,5.584024724080282e-17
2960,20.6319,-103.30594500000001,2,2,2,0.0007777890194318095,0.02980551559361217,6.47356268186072e-18
2961,20.631675,-103.30415500000001,2,2,2,0.0003940495571134499,0.02980177536746356,2.1049474865266767e-17
2962,20.63149,-103.30202,2,2,2,0.0006293689734805101,0.03023043163245261,2.435433781076073e-16
2963,20.63113,-103.29942249999999,4,2,2,0.0012015225857355193,0.030838565733999516,2.871790260601304e-15
2964,20.63275,-103.29801,1,1,1,0.0006478081814794215,0.02971139010533045,2.417710954135833e-16
2965,20.631025,-103.290715,2,2,2,5.761190333300439e-05,0.028075957446172046,5.319947670291439e-18
2966,20.62943,-103.291155,2,2,2,0.00019161481123292757,0.027995261488317637,5.575381460406896e-17
2967,20.617150000000002,-103.27066,2,2,2,0.0019930489567486992,0.025570416319922972,1.4674260286303717e-17
2968,20.61731,-103.26807,2,3,3,0.0019924258191511934,0.024967834862237043,9.80878979354466e-18
2969,20.617472499999998,-103.26644750000001,4,4,4,0.0026258735114517394,0.024813342021808765,2.4879379021010925e-18
2970,20.62922,-103.23512,1,2,2,0.0014084042681073304,0.021435888354472483,1.361611473983202e-20
2971,20.61742,-103.26908,2,2,2,0.006138415175281241,0.02435623993426404,2.971338098075533e-19
2972,20.632585,-103.308275,2,2,2,0.0011015090013358937,0.030687586220335444,2.230616968511466e-16
2973,20.63253,-103.3107,1,1,1,0.0009432887004420085,0.029734877378751527,1.8780294758156665e-17
2974,20.63272,-103.31262,1,1,1,0.000942665562844503,0.028952266150413648,1.5812477579219847e-18
2975,20.63118,-103.32081,1,1,1,0.001610300849699098,0.02919589200543736,5.395972662706847e-15
2976,20.63004,-103.3346,1,2,2,0.0031082386607934626,0.027759963499736855,8.709674882930771e-15
2977,20.620835,-103.35803,2,2,2,0.0014742869068254073,0.029232436388343153,4.677832368504399e-10
2978,20.618665,-103.35911999999999,2,2,3,0.000665680900753328,0.029020404806256846,5.02175539867721e-09
2979,20.620165,-103.36785,2,3,2,0.002502690538199411,0.02947566389989482,7.908585893568172e-10
2980,20.62099,-103.37061,1,1,1,0.0018952446783765929,0.028498260589461383,6.64981722448071e-11
2981,20.621703333333333,-103.37203333333333,3,4,7,0.003291639385513818,0.030211833964297122,7.12954186973518e-11
2982,20.62375,-103.373575,2,3,2,0.0038089002403158467,0.03147925554576933,4.38261975388907e-09
2983,20.624336666666668,-103.37713666666667,3,3,4,0.0071646661495002265,0.032699832864937016,5.166764770400067e-08
2984,20.6253,-103.38083,1,2,2,0.005815403304283414,0.03133543692165887,4.709731201768481e-09
2985,20.62529,-103.3825,1,2,1,0.0030754672880519258,0.034302345348690824,6.096916680209165e-07
2986,20.595550000000003,-103.338,2,2,2,0.0013619238682206737,0.027807219660195216,1.3118884723716456e-12
2987,20.59494,-103.3366,1,1,1,0.0006881705031360249,0.02710816402826902,1.10308641066779e-13
2988,20.609035,-103.33733000000001,2,2,2,0.004454187546968996,0.029299671995313862,5.420779220427217e-14
2989,20.611185,-103.337525,2,2,2,0.004191223480821694,0.028631858544755397,5.461467837282714e-15
2990,20.613656000000002,-103.335274,5,3,2,0.0041800070040665955,0.02812992686264335,9.157111622358621e-15
2991,20.61868,-103.33023,1,1,2,0.0029508397685508343,0.02670025248086594,7.718244851976854e-16
2992,20.657315,-103.33556999999999,2,2,3,0.0017272241225401218,0.03413976199816245,6.92597700500935e-13
2993,20.65564,-103.33512,1,1,1,0.0004443537558938903,0.033019876099862434,5.979349159685349e-14
2994,20.65198,-103.33327,1,1,1,0.0002789390481924421,0.03158504484622732,3.9671245496707344e-17
2995,20.64857,-103.33124,1,1,1,0.00047012899288161595,0.032446804103954056,4.385246662166643e-16
2996,20.64743,-103.33155,1,1,1,0.0004695058552841105,0.031654822489878255,3.787918122962974e-17
2997,20.64267,-103.32888,1,1,1,0.000468882717686605,0.029978261664310144,3.272842364067878e-18
2998,20.621274999999997,-103.32934,2,2,2,0.001109978007774718,0.027292309362589074,3.064761595015024e-13
2999,20.61428,-103.33257,1,2,2,0.0011093548701772123,0.025301954266258062,5.159479169129011e-14
3000,20.56146,-103.31605,1,1,1,0.0009858603281261312,0.021361586868792123,4.650605200505785e-15
3001,20.56456,-103.3213,1,1,1,0.0009852371905286258,0.020421378807485284,3.9103915828257555e-16
3002,20.56719,-103.32709,1,1,1,0.0009846140529311202,0.019664302654224284,3.287991049307844e-17
3003,20.594915,-103.32629,2,2,1,0.0019062912085141895,0.027667048263322787,4.351209302049642e-13
3004,20.594786666666668,-103.32950333333334,3,3,3,0.003469460196292875,0.028498693017577008,4.006257839114784e-14
3005,20.575638,-103.327864,5,3,4,0.014857073195215073,0.02672012122776727,8.350185089580975e-11
3006,20.56328,-103.31782,1,1,1,0.003758086201682902,0.023585752852621,7.02113598173405e-12
3007,20.56008,-103.30733,1,1,1,0.0,0.02260068527219024,5.0557449105576164e-14
3008,20.63402,-103.32958,1,2,1,0.0,0.028208035125098795,1.962448582135972e-16
3009,20.629885,-103.3635,2,2,2,0.0028209722283434476,0.03076463324682206,1.4018241835396686e-10
3010,20.630145,-103.36515,2,2,3,0.003042242724330385,0.03112661717995708,1.2354203568808788e-11
3011,20.632649999999998,-103.38268500000001,2,3,3,0.002073433706826903,0.03128703434116225,3.8221728974748034e-10
3012,20.633215,-103.385065,2,2,2,0.0015616111437849218,0.03039449802507603,4.308058524683711e-09
3013,20.633695,-103.38705999999999,2,2,2,0.0012876571963725233,0.029871847199840075,4.904861266068501e-08
3014,20.634365,-103.38978,2,2,2,0.001160140584373907,0.029622385973124415,5.585027373591052e-07
3015,20.635395,-103.3938,2,2,2,0.0019730802291922744,0.029003330689721375,7.126658863964109e-05
3016,20.6434,-103.39479,1,2,1,0.0009778728371035612,0.029072026233826844,7.072430244483523e-05
3017,20.64568,-103.39427,1,1,1,0.0009772496995060559,0.028202457514127036,6.162975853397794e-06
3018,20.6531,-103.38601,1,2,2,0.001097543580260859,0.029087083567155572,2.2792423140479513e-07
3019,20.62956,-103.36178,1,1,1,0.00047647366660167153,0.030032419064460622,1.1787061656350043e-11
3020,20.5066,-103.36369,1,1,1,0.00024359015175213263,0.01813227171819873,7.035611114412449e-19
3021,20.50565,-103.36429,1,1,1,0.00024296701415462717,0.0178867780435721,5.915913622998663e-20
3022,20.50838,-103.35946,1,3,2,0.0036711679483096412,0.01781219223095894,5.923112498961572e-20
3023,20.5638,-103.33246,1,1,2,0.00909188911640335,0.022787846191679208,4.406387996823717e-12
3024,20.60888,-103.34421,1,1,1,0.007004321515887572,0.029618687998381237,5.333672318470752e-14
3025,20.60771,-103.34876,1,2,3,0.0008908601689427995,0.028325096248469985,7.060830924365814e-14
3026,20.60687,-103.350685,2,2,3,0.0006082672684740753,0.027813459485343417,1.939033181470366e-14
3027,20.6068,-103.34932,1,1,2,5.104063412294686e-05,0.027113938654761097,1.6781732950402092e-15
3028,20.546865,-103.34494000000001,2,2,3,0.007526737418087146,0.024275877924717977,5.246652191279175e-12
3029,20.495910000000002,-103.343065,2,2,2,0.0015584954557973946,0.01758662693575776,1.7633818716663424e-18
3030,20.495575000000002,-103.34702999999999,2,2,2,0.0009782410547748144,0.01722810052223383,1.4951354585040574e-19
3031,20.495669999999997,-103.34910500000001,2,2,2,0.0004068805267348122,0.01700581624874739,1.4804792810347916e-20
3032,20.49508,-103.35078,1,1,1,0.00012035052962730367,0.016732437398330167,1.244814683676677e-21
3033,20.49442,-103.35259,1,2,1,0.0003398649105667255,0.016580958932765344,2.3380915258986348e-21
3034,20.494285,-103.356145,4,6,7,0.002519855146567061,0.016891042615050023,2.656193740643736e-20
3035,20.52726,-103.385715,2,4,3,0.0008706365214601224,0.02099443470840924,2.116850429466576e-13
3036,20.4953,-103.34549,1,1,1,0.0004539840642189746,0.017123771456198072,1.2571367340618912e-20
3037,20.60566,-103.34897,1,1,1,0.0001521305471000819,0.027114348020670493,1.6781732950402092e-15
3038,20.607095,-103.341285,2,2,2,0.0008453711243249012,0.02815359190267025,1.3962086066108277e-13
3039,20.61525,-103.34275666666667,3,3,3,0.00023401649229954881,0.030076150787051222,1.276178750969625e-12
3040,20.62096,-103.348995,2,2,2,0.0035405545312809975,0.03108841543236084,3.86810244901576e-11
3041,20.62069,-103.35034,1,1,1,0.0021236529322985927,0.03024804440349979,3.262623406221968e-12
3042,20.62008,-103.35420500000001,2,2,2,0.0004356864784013144,0.02920667410146069,7.396475685302746e-11
3043,20.62036,-103.36542,1,2,1,0.001652560908584468,0.02915525096362534,9.26303681286619e-09
3044,20.63812666666667,-103.40371333333333,3,2,4,0.0030784696782944518,0.02776502591376889,2.124789091475252e-06
3045,20.640504999999997,-103.40223,2,2,2,0.0012879687651712762,0.02740749217276648,1.7921761743463625e-05
3046,20.64295,-103.40063,1,1,1,0.0005845030664601172,0.02657313393574692,1.561463620374404e-06
3047,20.64208,-103.40136,1,1,1,0.0005569150655523758,0.02632046918005621,0.00020358426596023412
3048,20.62806,-103.38977,1,1,1,0.00036929399983073316,0.02903530933129518,3.960110009865748e-10
3049,20.63142,-103.39518,1,1,1,0.0006183224433429134,0.028775102423597407,8.522876488535545e-12
3050,20.6327,-103.39722,1,1,1,0.0006176993057454079,0.027950079089896634,7.177336662958299e-13
3051,20.64034666666667,-103.40784000000001,3,1,2,0.001835083575781066,0.026372770372264195,3.2267164734646055e-08
3052,20.63761,-103.40875,1,1,1,0.0007617573885141691,0.025611034343001902,2.8119001323966865e-09
3053,20.6361,-103.40896,1,1,1,0.0007611342509166636,0.02507110196410597,2.450524746880881e-10
3054,20.63181,-103.40841,1,1,1,0.0007605111133191583,0.024182719401943626,2.135687588640191e-11
3055,20.628284999999998,-103.398665,2,3,3,0.003862376775956315,0.031183991422072104,2.9364354424996934e-07
3056,20.62828,-103.39684,1,1,1,0.0004368194558513243,0.030324227922105762,2.538506057139399e-08
3057,20.62835,-103.39371,1,1,1,0.0004361963182538189,0.02929178854347272,2.1950647352369618e-09
3058,20.6268,-103.38906,1,1,1,0.00021685188393189852,0.029567507025116718,5.412709620228967e-11
3059,20.727105,-103.43066,2,1,1,0.000938785115078219,0.02262910502958964,1.1656715245388177e-19
3060,20.729955,-103.428945,2,2,3,0.0009375388398832081,0.02163896193493137,9.096341440660043e-18
3061,20.729966666666666,-103.42589,3,3,3,0.0011748976156602863,0.024366674932001613,8.124297338514106e-17
3062,20.73005,-103.42329,2,3,2,0.001592569752606443,0.024351502994080135,1.4014295234743785e-17
3063,20.631980000000002,-103.26022,3,4,3,0.002807093254580826,0.024602572386381395,6.775859977034185e-19
3064,20.6318325,-103.256345,4,4,4,0.0025797330048000855,0.024154657130492845,2.1706295510508477e-18
3065,20.6320925,-103.25461250000001,4,4,4,0.002629272443801769,0.024268545911860596,7.823183967249659e-18
3066,20.632606666666664,-103.25277999999999,3,3,2,0.0005803393743313308,0.024323814942434536,5.6370247662496194e-18
3067,20.673994999999998,-103.27919,2,2,2,0.0011699125148802426,0.026236388670896827,3.550743481710181e-24
3068,20.67385,-103.280725,2,2,2,0.0014278348313750005,0.026652941331800396,4.652301163631063e-25
3069,20.67726,-103.28482,1,1,1,0.00035390438946809844,0.026581746785650055,1.0695167394965662e-26
3070,20.67909,-103.28492,1,1,1,0.000353281251870593,0.025954073231064537,1.2634359699909441e-27
3071,20.69931,-103.31066,1,1,1,0.0,0.029621216214927186,4.944568563448814e-20
3072,20.701513333333335,-103.31148666666667,3,3,3,0.010892439539508119,0.02888218510021618,5.382455919134658e-20
3073,20.70307,-103.31198,1,1,1,0.00047868297262919086,0.028128791606881188,4.6921788915936685e-21
3074,20.70546333333333,-103.31306666666667,3,3,3,0.0018895231422540427,0.028188250236459277,7.849595261423568e-22
3075,20.70662,-103.31682,1,1,1,0.0004964140697218461,0.027093572630086087,6.843885009084034e-23
3076,20.707075,-103.31848,2,2,2,0.0009194678495555499,0.027577435721197585,3.981589938928634e-21
3077,20.70772,-103.32238,3,2,2,0.0008714296056751294,0.027713123647699664,4.5566936759322476e-20
3078,20.70853,-103.324765,2,2,2,0.0014112367117323553,0.02787586366244221,5.18391111306865e-19
3079,20.70806,-103.3268,1,1,1,0.0009258691721481059,0.02711213699407284,4.5219464226391684e-20
3080,20.711855,-103.343565,2,2,2,0.03632461095537076,0.033254944535124994,2.0129325943686364e-19
3081,20.712153999999998,-103.34611399999999,5,4,5,0.038397563146781416,0.03344885578097966,1.1198700330874877e-18
3082,20.712545,-103.348825,2,2,2,0.035617538611777085,0.033735281017362985,9.330934074600804e-18
3083,20.712809999999998,-103.35064,2,3,2,0.03613553590192162,0.03387635255462822,1.0506684027561254e-16
3084,20.714175,-103.35852,2,3,4,0.028639549380123492,0.03474325495968431,6.058599524136757e-16
3085,20.71303,-103.36294,1,1,1,0.011041686658997919,0.033765276921637166,1.1209567253285746e-16
3086,20.71301,-103.364875,2,2,2,0.02305421603002209,0.03359349425793632,8.4843595152067e-17
3087,20.71324,-103.36781500000001,2,2,2,0.022569075085927842,0.03325187036612233,6.68162255279981e-16
3088,20.713365,-103.36947,2,4,3,0.022365988878013564,0.03300271741146999,5.913909160759219e-15
3089,20.71412,-103.37112,1,1,1,0.0,0.03205715676885031,6.588207023479981e-16
3090,20.713423333333335,-103.37334,3,5,6,0.022606803235013174,0.033648419092267304,2.5800134030923665e-14
3091,20.72422,-103.37524,1,1,1,0.0011865956078316387,0.029304578620582195,1.892951916175112e-18
3092,20.7243,-103.37651,1,1,1,0.001185972470234133,0.02865520454368016,2.1544878237464062e-19
3093,20.72447,-103.37902,1,1,1,0.0011853493326366277,0.027836449955740077,2.4612657029818845e-20
3094,20.72454,-103.3803,1,1,1,0.0011847261950391223,0.02724986072078085,2.8197916588323445e-21
3095,20.72465,-103.38165,1,1,1,0.0011841030574416167,0.02667546962961836,3.2376604867809967e-22
3096,20.72484,-103.3835,1,1,2,0.0011834799198441113,0.026055870121711393,3.723716461342739e-23
3097,20.729585,-103.38848999999999,2,2,3,0.0012296487509320154,0.02888334807696476,1.586917703250547e-15
3098,20.73149,-103.38534,1,1,2,0.00029655684754009633,0.027593806401178193,1.8334762130961007e-16
3099,20.73226,-103.38461,1,2,1,0.00048318655799298025,0.02550234782681806,7.599319369842887e-19
3100,20.72795,-103.42611,1,1,1,0.0009400313902732299,0.023771283991539206,9.094818595081634e-18
3101,20.72683,-103.39071,1,2,1,0.0004755672846416636,0.030185469001859717,6.511771461631747e-15
3102,20.72379,-103.38405,1,1,1,0.0009536837685458494,0.030592114177578227,6.313390120259853e-15
3103,20.72348,-103.38213,1,1,1,0.000953060630948344,0.029764892776352685,7.292350275078956e-16
3104,20.72335,-103.38078,1,1,1,0.0009524374933508386,0.029080788591815968,8.425201680161764e-17
3105,20.72317,-103.37787,2,1,1,0.0009518143557533331,0.028224324669475512,9.735865512463047e-18
3106,20.723,-103.37502,1,1,2,0.0009511912181558276,0.027429556198511985,1.1252015801484623e-18
3107,20.71122,-103.37347,2,2,2,0.0,0.03302275682255232,2.257204680271377e-14
3108,20.71299,-103.352345,2,2,2,0.019473129230466988,0.034088483317439494,5.943370365948329e-16
3109,20.71062,-103.32776,1,1,1,0.0007295808289338874,0.028781356643968848,5.898146866230493e-18
3110,20.69753,-103.31019,1,1,1,0.00043019153776876633,0.027630729431819535,4.6921788915936685e-21
3111,20.69318,-103.30864,1,2,2,0.008360382225804444,0.030790667513165556,9.889137126897628e-20
3112,20.67425,-103.27776,1,1,1,0.0005435459316422588,0.02566863904109359,4.545349489681406e-25
3113,20.72703,-103.42772,1,1,1,0.0009394082526757245,0.02320429537753454,1.0264438015815589e-18
3114,20.72884,-103.43091,1,1,1,0.0009381619774807135,0.022189232546780756,1.3300090403547874e-20
3115,20.691560000000003,-103.41447,2,3,3,0.00046338777705405695,0.024471995875141758,3.0517948394988664e-13
3116,20.691679999999998,-103.412555,2,2,2,0.000410506054574844,0.024580512400085682,2.6642096193087823e-14
3117,20.694225,-103.40226,2,2,2,0.004080503259519475,0.026386267255048935,2.4138823877629882e-14
3118,20.69596,-103.38628999999999,3,3,3,0.002349200418159317,0.03018417658677343,1.2451377234428877e-15
3119,20.693959999999997,-103.38634,2,2,2,0.002341609469244251,0.030353397081973904,9.1642293077234e-15
3120,20.69163,-103.38671,2,3,3,0.0028025613447807862,0.03055185829174598,1.0389071303108727e-13
3121,20.69124,-103.38515,1,1,1,0.00027401059628489894,0.029711418808884938,9.055605483658024e-15
3122,20.69087,-103.38302,1,1,1,0.0002733874586873935,0.028887787236860092,7.893597458336847e-16
3123,20.68982,-103.37564,1,1,1,0.0008476937280974215,0.03047743869817574,2.1286998206944692e-11
3124,20.68977,-103.3719,1,1,1,0.00034079961696298366,0.031231012976989797,5.340480639202743e-12
3125,20.68835,-103.36947,1,1,1,0.001030499639656522,0.030471546529146125,2.7796867991558662e-11
3126,20.68729,-103.3695,1,1,1,0.0010298765020590164,0.0297994255704428,2.422736808671763e-12
3127,20.68586,-103.36951,1,1,1,0.001029253364461511,0.02908476260101011,2.11171029755453e-13
3128,20.68015,-103.36826,1,1,1,0.001410047085409845,0.03212483910070834,2.4636861312994365e-12
3129,20.682,-103.36819,1,1,1,0.0014094239478123394,0.03119779146098268,2.14740538551835e-13
3130,20.68301,-103.36814,1,1,1,0.001408800810214834,0.03051009638214814,1.8718015484123047e-14
3131,20.68479,-103.36806,1,1,1,0.0014081776726173286,0.029687553026201373,1.6316315305725586e-15
3132,20.68691,-103.36799,1,1,1,0.001407554535019823,0.02885189595857695,1.4223298890399783e-16
3133,20.68789,-103.36795,1,1,1,0.0014069313974223176,0.028262757497736015,1.2399209561758061e-17
3134,20.68741,-103.37988,1,1,1,0.0002439300449871356,0.030044994680323255,5.340480639202743e-12
3135,20.68747,-103.38288,1,1,1,0.00024330690738963014,0.02904585653836293,4.654907704776699e-13
3136,20.687503333333336,-103.38691333333333,3,3,3,0.003445979238641419,0.030947191992352574,3.340680936465453e-12
3137,20.68971,-103.38694333333335,3,3,3,0.002866149704162593,0.03074537270230541,5.913863262692372e-13
3138,20.69704,-103.39073333333333,3,2,3,0.005391641413543454,0.02879103955155963,3.585381745008058e-17
3139,20.586248,-103.22198800000001,5,4,3,0.004970768615301019,0.018989331879973523,1.6952750531832757e-23
3140,20.599095,-103.232255,2,2,3,0.005935328967366964,0.02070559742304729,1.6203575116525944e-21
3141,20.602175000000003,-103.24268000000001,2,4,3,0.008270480465146158,0.02191271625253294,8.876370375774012e-21
3142,20.603685,-103.24780999999999,2,2,3,0.008537041734697241,0.022476323210928757,5.589971667441982e-20
3143,20.604685,-103.25229999999999,4,4,3,0.011401860190356073,0.023050327050450507,6.544363521469758e-19
3144,20.60539,-103.25633,1,2,1,0.005605349285051574,0.022279565383814096,1.1022679357060377e-19
3145,20.6056,-103.25907000000001,2,2,4,0.012136086226835001,0.023835271929320414,7.446815084131821e-18
3146,20.6072,-103.26551399999998,5,9,5,0.018643398859839472,0.024978967986000206,3.4968152998713636e-16
3147,20.610345,-103.278735,4,5,5,0.01079379119293575,0.02719824722231755,3.340251727456073e-15
3148,20.61275,-103.28261,2,3,6,0.008684442100943532,0.026088122922400103,6.495113753316344e-16
3149,20.61959,-103.28727,1,2,1,0.0,0.026861603646491032,1.5248567248685258e-15
3150,20.62505,-103.29121666666667,3,4,4,0.005540486326038507,0.030696794323272946,9.659913618129552e-14
3151,20.616325,-103.2859625,4,3,4,0.005255259252998509,0.028399277365660672,9.375262649772336e-15
3152,20.58471,-103.2261,1,2,1,2.2659549000198383e-07,0.01862543532899486,1.5597146484601772e-22
3153,20.52874,-103.24089000000001,2,3,3,0.0060333315167928215,0.016098279651869097,1.9114067617630868e-24
3154,20.5753,-103.21545,1,2,2,0.004515764871377035,0.01655022311562455,3.168983052842025e-23
3155,20.58208,-103.21925,1,1,1,0.0032447341190834076,0.015779943516163065,3.317438529584744e-24
3156,20.648674999999997,-103.3190075,4,5,6,0.012605988624226615,0.032920445629708014,4.072442169859465e-13
3157,20.66164,-103.33196,1,2,3,0.005327826458671645,0.03356659131113979,3.647190346272228e-15
3158,20.66617,-103.33413,2,3,3,0.0061118751785147595,0.0358463524276776,7.448326075774005e-14
3159,20.66854,-103.33903000000001,2,3,4,0.0035815966394076065,0.0349967219646244,2.034117343735151e-13
3160,20.669495,-103.341305,2,2,1,0.0004894179339680349,0.03399392808901877,3.519508890605492e-14
3161,20.670349666666667,-103.34414466666665,3,3,4,0.01990273161996175,0.03609780845394582,2.2856516298416814e-12
3162,20.64265,-103.30698,1,1,3,0.001178409845755317,0.032602883602138595,5.6663975965695164e-14
3163,20.53539,-103.23217,2,3,2,0.003419439241874937,0.016260725796813986,1.7732507556277244e-23
3164,20.586795000000002,-103.238595,2,2,2,0.0005976456048802323,0.019596956196454622,3.3776583278800567e-21
3165,20.5932,-103.2389,1,1,1,0.0,0.020627141426537272,1.1323592710296677e-20
3166,20.62497,-103.30697,1,1,2,0.0034777309316779475,0.02693293621540133,8.131587758851867e-15
3167,20.65736,-103.33254,1,2,1,0.0,0.03283865752573792,1.0453526574419288e-13
3168,20.63514,-103.30845,1,2,2,0.005278598588468714,0.03121776975312644,2.6430457207979535e-15
3169,20.599483333333335,-103.28815666666667,3,3,3,0.005237584804778355,0.025832547567487443,3.2747271238947288e-16
3170,20.60174,-103.2879,2,2,2,0.0024339754558563094,0.024984337840572326,5.507520786643299e-17
3171,20.60298,-103.28758,1,1,1,0.002433352318258804,0.024489977591808248,4.631357436955804e-18
3172,20.6057625,-103.287365,4,3,3,0.002922345385683085,0.027146421522649188,1.7428144418873296e-17
3173,20.608996666666666,-103.28641666666665,3,3,3,0.0027555144561691243,0.027560358935999296,1.4736538808745062e-16
3174,20.63468,-103.31731,1,1,1,0.0013779838235745642,0.029960155289196825,6.40214836717776e-14
3175,20.59096,-103.2654,1,3,2,0.0016732943959196496,0.021101348066031866,2.1298470234309738e-19
3176,20.649683333333332,-103.30752666666666,3,2,1,0.026995944658281347,0.034879584992389495,1.7569187400560115e-13
3177,20.654445000000003,-103.31583,2,2,2,0.004963687506238457,0.034319805251588446,3.4417264674930066e-15
3178,20.65556,-103.31733,1,1,1,0.004437306182963848,0.033223887428723065,2.910650821941837e-16
3179,20.66705,-103.335,1,1,1,0.0,0.03485624669303836,6.47113825517444e-15
3180,20.65292,-103.31371,1,1,1,0.0002906087159275443,0.03303917323454786,2.910650821941837e-16
3181,20.65193,-103.31213,1,1,1,0.0002899855783300388,0.03207479697272675,2.4619707696045805e-17
3182,20.697266666666668,-103.29067000000002,6,7,6,0.008423215266886244,0.026476881848974048,1.479260139441014e-22
3183,20.69727,-103.28469,1,1,1,0.0,0.02507824448794094,9.259694572834842e-25
3184,20.68452,-103.26416,1,1,1,0.0,0.023071347354350458,4.0577376816199706e-24
3185,20.6634325,-103.251535,4,4,5,0.02911157233364237,0.026344069004339287,2.5038903018993364e-20
3186,20.69809,-103.37871,1,1,1,1.217950758760663e-05,0.029965822130414134,2.9763518302600684e-13
3187,20.69761,-103.38277,2,2,2,0.0002576957210047561,0.029242543410290374,2.6188062077086754e-14
3188,20.6979425,-103.38632,4,5,5,0.007788370235730687,0.0303374868196614,2.555809538799335e-15
3189,20.69771,-103.38839,1,1,1,0.0025609822280024215,0.0294340647221265,2.231496320347923e-16
3190,20.695214999999997,-103.39820499999999,2,2,2,0.004382441749947118,0.02714932417296731,2.1070433060334885e-15
3191,20.696064999999997,-103.39462499999999,2,3,2,0.004767484136332989,0.02795833376409197,1.8877787381556395e-16
3192,20.69333,-103.36356,1,2,2,0.001121081186784815,0.029336557259105864,2.8383125786560045e-11
3193,20.6933,-103.36096,1,1,1,0.0010121454049663613,0.028451780235242342,2.4738435379022367e-12
3194,20.6729,-103.257,2,2,3,0.0030464347408954216,0.02497783698364861,2.211681563301342e-22
3195,20.68369,-103.28417,1,1,2,0.0022659549000198383,0.026124346865939285,4.517169144111041e-25
3196,20.679193333333334,-103.26783666666667,3,5,4,0.006697341275807385,0.025332812557391907,1.0763365240439685e-22
3197,20.68319,-103.27741,1,1,2,0.0006432479472431316,0.024863429875187366,2.9806954013135005e-24
3198,20.69357,-103.40384,1,1,2,0.001633017047571797,0.025767478941397286,2.0906829273243354e-15
3199,20.691855,-103.40813,2,2,2,0.0010635259323243111,0.025172445066096467,2.488664570063469e-15
3200,20.69234,-103.40522,1,2,1,0.0020997754325396334,0.024569611325220717,2.766597339495761e-13
3201,20.69634,-103.27559,1,3,4,0.00133068201503665,0.0239982500949691,3.484463319932711e-25
3202,20.69141,-103.2761,1,1,1,0.0006420583209206212,0.023946642034943313,2.679098911901213e-26
3203,20.68817,-103.27702500000001,2,1,1,0.0006414351833231158,0.023279543261613318,3.419354954275112e-27
3204,20.6814,-103.28661,1,1,1,0.00016983331975648687,0.023393360203499237,1.4238283642553057e-28
3205,20.67371,-103.359405,2,4,3,0.007897202161282892,0.0362140829229422,1.2329283271543673e-10
3206,20.68111,-103.35604,1,1,1,1.4955302340130933e-05,0.03389428720292576,5.663048157064332e-13
3207,20.66654,-103.39565,1,1,1,0.002445125842260157,0.027498580232086654,8.69710554982083e-10
3208,20.666359999999997,-103.399915,2,3,3,0.006914155393824284,0.027091806489468354,7.589164876156665e-11
3209,20.66558,-103.406635,2,3,2,0.003594134923187716,0.02574143922488964,6.7164639290439476e-12
3210,20.665155,-103.408885,4,2,3,0.003173233800509031,0.025450313535433616,5.905398505869525e-13
3211,20.664535,-103.41217499999999,2,2,2,0.003091432828618315,0.025304936510900024,5.978879023124877e-14
3212,20.66406,-103.41528,1,1,1,0.0008050276856257979,0.024480084622380178,5.209907995653115e-15
3213,20.662745,-103.420705,2,3,3,0.0035744588814725442,0.0246808192932943,1.0990177355477485e-12
3214,20.658754000000002,-103.42286199999998,5,3,4,0.004470171970492886,0.025560852861567968,1.4146517209959522e-10
3215,20.653495,-103.42273499999999,2,4,2,0.0034108002888186112,0.025816468363588037,1.935881232598574e-09
3216,20.650165,-103.42432,2,3,3,0.0026178860204291695,0.025337106632047388,2.835303318933775e-09
3217,20.65029,-103.426425,2,3,3,0.0021968716000054836,0.02510438321233533,2.5572035707282e-10
3218,20.6503825,-103.42996,4,5,5,0.002027888013336504,0.024657034783459354,5.1384090964555935e-11
3219,20.650655,-103.43254499999999,4,4,5,0.003981056163844854,0.02490703934297062,3.7941457551565417e-11
3220,20.650840000000002,-103.43603999999999,2,2,2,0.0015626308234899307,0.024177479488839575,8.186989752556492e-12
3221,20.65105,-103.43947,2,4,3,0.0011647008186101968,0.023710805325549002,7.04984110338762e-10
3222,20.65085,-103.43792,1,1,1,0.0005405152169634822,0.023337611198067067,5.927780959575725e-11
3223,20.66199,-103.42143,1,1,1,0.0009726422578760153,0.024832964423407697,1.231435340320991e-11
3224,20.66344,-103.41677,1,1,1,0.002082809095225735,0.02380911335834151,9.562950870334904e-14
3225,20.66578,-103.40495,1,1,1,0.0024709105207266326,0.02528109821954442,5.853299425912994e-13
3226,20.6667,-103.39738,2,2,2,0.007118100776304819,0.027674022172701585,3.6955722611256634e-09
3227,20.66634,-103.39345,1,1,1,0.0055832562247763815,0.026547976222797694,3.22137151960952e-10
3228,20.65138,-103.21613,1,2,1,0.0023440736951980223,0.02007767577533838,3.76373501378771e-23
3229,20.651975,-103.218875,2,2,2,0.0039851348826648895,0.02136906379999085,1.7935119885680205e-20
3230,20.64044,-103.23023,1,1,2,0.001841484898373622,0.01928074247687708,8.428945705280824e-21
3231,20.68838,-103.30293,1,1,1,0.00012156848038606433,0.028838804919509242,2.1225752506922193e-20
3232,20.678275,-103.307095,2,1,1,0.0010037613718362878,0.028657621014443267,2.7157679114258164e-20
3233,20.67891,-103.30929,1,1,1,0.0010031382342387824,0.027917476534126087,2.3675386089670526e-21
3234,20.67944,-103.31111,1,1,1,0.001002515096641277,0.02722710545606388,2.0640328604113494e-22
3235,20.68151,-103.31649,1,1,1,0.0010018919590437715,0.025930579084432633,1.7994965863509054e-23
3236,20.68039,-103.35235,1,1,1,0.0014445462487626469,0.032788312951774236,9.197882676038313e-15
3237,20.67878,-103.35242,1,1,2,0.0014439231111651415,0.0318727835025209,8.018466511598652e-16
3238,20.67907,-103.34198,1,2,1,0.0004716301880028791,0.032478319632332435,2.1082225612640346e-12
3239,20.67918,-103.3408,1,1,2,0.0004710070504053736,0.03169910539010893,1.8376100107946763e-13
3240,20.68807,-103.30446,2,2,2,4.305314310037693e-06,0.029864798366253845,2.067780939938533e-20
3241,20.49321,-103.35455,1,1,0,0.0,0.016582489477419887,2.2334254697290034e-21
3242,20.52397,-103.38498,1,2,2,0.0007081109062561995,0.020125041027815663,2.2560629271131904e-14
3243,20.547069999999998,-103.34929,2,4,3,0.007815986561074678,0.024890587927843693,6.18826955988949e-11
3244,20.547345,-103.33135,2,2,3,0.00555226929151861,0.02325042966237073,4.686200715957421e-12
3245,20.54887,-103.33012,2,3,3,0.00646833820872413,0.02341119897461117,3.598048665401987e-11
3246,20.558116666666667,-103.33221666666668,3,4,4,0.0023829631461696125,0.02428304420548459,1.963938324690575e-09
3247,20.63813,-103.32797,1,1,1,0.0012168177813106531,0.02642024587709345,9.53004089987889e-16
3248,20.64827,-103.33447,1,1,1,0.0012161946437131478,0.02437000317826029,8.022794145095655e-17
3249,20.65063,-103.3356,2,3,3,0.013207193666595628,0.032604011232824845,8.838035508035617e-16
3250,20.65782,-103.34387,1,2,2,0.0016312609325242816,0.03236786491132165,2.840874857884976e-13
3251,20.63835,-103.33304,1,2,4,0.00417020674912401,0.02963786543421486,1.944943890718855e-15
3252,20.62811,-103.32491,1,2,3,0.0041670910611364825,0.026351213087485916,9.589059600048771e-18
3253,20.61722,-103.32201,2,2,2,0.00023509282087705823,0.029576734204128628,6.926326529346884e-12
3254,20.49431,-103.35455,1,0,2,0.0,0.0,1.1308881024556818e-104
3255,20.626903333333335,-103.32282,3,4,4,0.009068379834315644,0.029680522860191606,8.666415674777485e-14
3256,20.61147,-103.32469,2,2,2,0.00023446968327955276,0.027960758051443123,1.1659868245921345e-12
3257,20.56765,-103.33285,1,1,1,0.0,0.025495239115710003,4.11430283913596e-11
3258,20.525669999999998,-103.34127000000001,2,2,2,0.0009381619774807135,0.021035208603349977,6.166512079284016e-14
3259,20.5255,-103.33758,1,1,1,5.664887250049596e-07,0.020476332388351857,5.184988686599414e-15
3260,20.522855,-103.33749,2,2,2,0.0009394082526757245,0.020124718385007845,1.1371488529439016e-14
3261,20.510475,-103.336275,2,2,2,0.0009308542729281495,0.018645930731229336,7.32551916209153e-18
3262,20.50871,-103.33628,1,1,1,2.605848135022814e-06,0.01832332885055978,6.159462969678268e-19
3263,20.50664,-103.33619,2,2,2,0.00048423456213423944,0.018609017934600475,5.864016518502783e-17
3264,20.50687,-103.33887,1,1,1,1.0423392540091256e-05,0.018231624459841923,4.930608470539192e-18
3265,20.512535,-103.33765,2,2,2,0.001619081424936675,0.019023243548471618,2.8482881993300214e-17
3266,20.512755,-103.33884499999999,2,2,2,0.002087397653898275,0.019288830901483544,3.3813283575010433e-16
3267,20.5239,-103.33366,1,1,1,0.00047029893949911746,0.019541442649035314,9.561475806989499e-16
3268,20.52518,-103.33443,1,1,1,0.00046967580190161197,0.0191940196295069,8.03955372203684e-17
3269,20.52522,-103.33606,1,1,1,0.00046905266430410654,0.018888791176043696,6.75986884450831e-18
3270,20.64494,-103.33844,1,1,1,0.0,0.031497450750403264,4.169168020411468e-15
3271,20.743323333333336,-103.40563333333334,3,3,4,0.00021526571550188465,0.02815243862949915,9.681630354493513e-16
3272,20.66606,-103.31689,2,2,2,0.019678509717717525,0.03319762673573446,4.012285700749626e-17
3273,20.744912,-103.40438199999998,5,6,5,0.0008298776576960155,0.027730580980391942,9.119419728402493e-16
3274,20.7022625,-103.291935,4,3,3,0.002276576563613681,0.025968298702804992,1.0396543565729984e-21
3275,20.68048,-103.34919,1,1,1,0.000147457015118791,0.03409213456010481,7.778435171195182e-14
3276,20.660853333333332,-103.33443,3,5,5,0.004757249573367899,0.035573119262336625,1.2364065435435447e-12
3277,20.66613,-103.33008,2,3,2,0.003312514495030251,0.03528642507490797,2.451219883263538e-13
3278,20.72433,-103.32752,1,0,1,0.0,0.0,1.1308881024556818e-104
3279,20.7235,-103.32551,1,1,1,0.00023463962989705425,0.0002461881862495692,1.0630348163083404e-102
3280,20.72318,-103.32222,1,1,1,0.00046916596204910754,0.00028557829604950027,4.944242783936239e-101
3281,20.71714,-103.30983,2,2,2,0.003665606917325842,0.025686175621548287,1.6669300305557842e-20
3282,20.716936666666665,-103.30799999999999,3,3,3,0.001064885505264323,0.024878959829922487,2.8165295433421403e-22
3283,20.692655000000002,-103.29813999999999,2,2,2,0.0007210268491863126,0.027920502068460865,2.0872612180379375e-22
3284,20.69313,-103.30196,1,1,1,0.000997954862404987,0.028243563673124958,1.0138549241055369e-21
3285,20.69273,-103.30296,1,1,1,0.0009973317248074816,0.02767725046846251,8.825038922357002e-23
3286,20.68917,-103.30781,3,3,3,0.010627885528339298,0.03062201084769109,2.1475632802951301e-19
3287,20.6694,-103.31488,1,2,2,0.01927593072870126,0.030954749409734382,1.3074002800603405e-19
3288,20.66632,-103.315925,2,2,2,0.019275307591103758,0.030291836185966908,2.278303208422987e-20
3289,20.67929,-103.35129,1,2,2,0.005368132131455748,0.03684727484507779,3.7213847635251586e-11
3290,20.69212,-103.30413,1,1,1,0.0017193499292625528,0.02971980620989806,9.948250360944823e-20
3291,20.61382,-103.35342,1,0,1,0.0,0.0,1.1308881024556818e-104
3292,20.615299999999998,-103.352355,2,2,2,0.00046961915302911147,0.028074730435682708,2.9153869796001647e-12
3293,20.616705,-103.35211,2,2,2,0.00093889841282322,0.02882518203194604,3.467244128105802e-11
3294,20.624670000000002,-103.384605,2,2,2,0.0030347650731603194,0.03256920300859607,6.200082890388748e-07
3295,20.654609999999998,-103.40658,2,2,2,0.002422390761429958,0.02634350486584253,8.243780230565002e-06
3296,20.65428,-103.40362999999999,2,1,1,0.0017653204892967053,0.02554936227175986,7.180395288524306e-07
3297,20.637118,-103.421332,5,7,6,0.0058929556107365924,0.026586555183239217,1.2514125357900146e-05
3298,20.635038,-103.424362,5,7,5,0.01152841377152218,0.02646685907722501,1.634137130893748e-05
3299,20.618895000000002,-103.399125,2,2,2,0.004098772520900885,0.030634318487734954,9.234408286646242e-09
3300,20.62009,-103.39716,2,2,2,0.0044321511355663035,0.030909895107827996,1.5334640991270594e-09
3301,20.62059,-103.39447,2,2,2,0.004851919280794978,0.03193860243200425,9.002099697203452e-09
3302,20.62226,-103.39293749999999,4,4,4,0.011660943808737091,0.0329183886950968,1.0552214812955515e-07
3303,20.62349,-103.38283,1,1,1,0.00021458592903187868,0.031514811192960554,5.213253992918701e-08
3304,20.61884,-103.37543,1,1,1,0.000545528642179776,0.030115637541456453,4.0499374794118413e-10
3305,20.618090000000002,-103.373845,2,2,3,0.0007451026199990233,0.029659523833664752,3.5311067368341944e-11
3306,20.61949,-103.37305,2,3,2,0.0004287753159562539,0.029282909046065324,1.4958612241081553e-11
3307,20.61394,-103.3548,1,1,0,0.0,0.027112038059618912,2.45136406688399e-13
3308,20.62257,-103.381175,2,3,2,0.0023821417375183554,0.03231463125606153,5.6483387622058414e-08
3309,20.62353,-103.38571,1,1,1,0.0006904364580360447,0.030503420077345647,4.749325314766682e-09
3310,20.62179,-103.38655,1,1,1,0.0006898133204385393,0.029665309999992916,3.9934011339872054e-10
3311,20.62173,-103.39124,1,1,2,0.003811109546343366,0.03372113262018896,6.195800432540031e-07
3312,20.65454,-103.40258,1,1,1,0.001058257587181765,0.027108686720401474,9.392907658275082e-05
3313,20.654505,-103.408635,2,2,2,0.001594297543217708,0.025789407756765158,7.23572329012335e-07
3314,20.6543,-103.4122975,4,2,2,0.001217016052364405,0.02515349128950572,6.35138424391068e-08
3315,20.655215,-103.41495,2,2,2,0.0009129249047817427,0.02468762223619651,5.579963410077968e-09
3316,20.656195,-103.41733500000001,2,2,2,0.0009064102844441856,0.024968156650660156,5.413316930393088e-10
3317,20.6568475,-103.4191775,4,4,5,0.012842337161777436,0.026436134616696437,2.4237978515362394e-09
3318,20.657815,-103.416775,2,4,3,0.0036344500374505696,0.025854812825477275,6.336961300771548e-10
3319,20.65879,-103.4139,1,1,2,0.0019731935269372753,0.025164098283229006,5.522226082519877e-11
3320,20.66323,-103.40773,1,1,1,0.0009959438274312195,0.02367802168785349,4.812465807119254e-12
3321,20.673405,-103.409645,4,4,4,0.005631294468656802,0.02820875633381895,1.1547012005975189e-10
3322,20.66822,-103.40985,1,1,1,0.0009952640409612134,0.026831902182751242,1.0063344785993356e-11
3323,20.66162,-103.40732,1,1,1,0.000994640903363708,0.0254076920872254,8.770696679684005e-13
3324,20.66085,-103.40872666666667,3,3,3,0.0021141359217185093,0.025861549907033484,4.931062974291646e-12
3325,20.65945,-103.41267,1,2,1,0.0007441962380390154,0.02492695422464825,8.594979796960673e-13
3326,20.64261,-103.29136,1,1,1,0.00046752314474659315,0.027378725763598274,3.1775122928558024e-18
3327,20.68678,-103.31878,1,1,1,0.0004629912349465535,0.02927202532640237,5.626661342293919e-17
3328,20.64435,-103.29175,1,1,1,0.0004669000071490877,0.026629534477487397,2.675285557604615e-19
3329,20.68088,-103.30499,1,1,1,0.0013767941972520539,0.02912931754242515,3.025350307524003e-19
3330,20.68033,-103.30312,1,1,1,0.0013761710596545483,0.028363719178554046,2.6376554945054256e-20
3331,20.679603333333336,-103.29898333333334,3,3,3,0.0018228190948847086,0.02844599071591349,1.2053673427526196e-21
3332,20.67859,-103.29679,1,1,1,0.001032000834777785,0.027560936260214067,1.0463498886541656e-22
3333,20.678223333333335,-103.29465333333333,3,4,4,0.017617091236747987,0.029882317810646757,8.116304719748122e-23
3334,20.67808,-103.29316,1,1,1,0.0005016824148643922,0.02913416382265434,7.129433153818168e-24
3335,20.67743,-103.29123,1,1,1,0.0005010592772668867,0.0283409957035778,6.287165831725668e-25
3336,20.67617,-103.29162,1,1,1,0.0005004361396693812,0.027680084019707184,5.575467529058526e-26
3337,20.675163333333334,-103.29226999999999,3,2,2,0.001549516609506066,0.028048278102230033,1.8037141161000528e-25
3338,20.67084,-103.29294,2,1,1,0.0006437294626593858,0.028457654399652782,2.4610643235494874e-24
3339,20.66938,-103.29313,1,1,1,0.0006431063250618804,0.027869681045372265,2.1099558801298433e-25
3340,20.65427,-103.29415,1,1,1,0.0003494385700193093,0.02776751707358762,1.5935307913497565e-21
3341,20.650516000000003,-103.289518,5,2,2,0.0014843987305667458,0.02959032242538125,4.2482918833419985e-19
3342,20.6480075,-103.289765,4,2,2,0.0016885046181860327,0.03005120385239822,4.8487597945258656e-18
3343,20.64312,-103.29047,1,1,1,0.00034986343656306305,0.0299346027003264,4.812984663512676e-18
3344,20.64052,-103.28061,1,1,1,0.0,0.027323983144024986,1.0994017724435806e-17
3345,20.67092,-103.29155,1,1,1,0.004842855461194899,0.02992630840115114,1.5935307913497565e-21
3346,20.67489,-103.29078,1,1,1,0.0008151772752821369,0.028435973179147474,2.0165955415267727e-24
3347,20.676434999999998,-103.295015,2,2,2,0.009591815416220227,0.029293525329050128,7.145229658293716e-24
3348,20.68135,-103.30233,1,1,1,0.0013361769556691982,0.02706903735000694,3.5506702684151393e-25
3349,20.68164,-103.30327,1,1,1,0.0013355538180716928,0.026561521172965535,3.117037184707455e-26
3350,20.68357,-103.30974,1,1,1,0.0018361599043585754,0.02896446472535958,2.7157679114258164e-20
3351,20.68445,-103.31355,1,1,1,0.00039926125338349554,0.029522509430166134,6.1359834994781e-20
3352,20.71109,-103.38402,1,1,1,0.003545313036571039,0.031973221849930636,1.1286023401356885e-14
3353,20.73851,-103.33037,1,0,1,0.0,0.0,1.1308881024556818e-104
3354,20.7376,-103.33066,1,2,1,0.00023452633215205327,0.024314175876566792,1.452489417427079e-26
3355,20.735554999999998,-103.33142,2,2,2,0.0007039755385636633,0.02487497052431366,1.5825143484948418e-25
3356,20.733674999999998,-103.332155,2,2,2,0.0011731981494852712,0.02551677033181534,1.728459495096347e-24
3357,20.73225,-103.332885,2,2,2,0.0016421941649168773,0.026077118054639765,1.905213964559225e-23
3358,20.731245,-103.33359999999999,2,2,2,0.002345206672648032,0.026638492534108767,2.115620817455821e-22
3359,20.729865,-103.3356,2,2,2,0.003282292321551236,0.02781030935965026,2.6725405785039703e-20
3360,20.72356,-103.341565,2,2,2,0.00042407345953871276,0.02959990927161424,3.53751457515158e-19
3361,20.722355,-103.34402,2,2,2,0.0007939905969669513,0.030402419007071108,5.732618888410335e-19
3362,20.71931,-103.36134,1,1,1,0.0006653976563908256,0.025398325972103352,1.3048920605474394e-20
3363,20.72026,-103.34819999999999,2,2,2,0.000974530553626032,0.031384369812462204,5.363481694641175e-17
3364,20.72649,-103.33626,1,1,1,0.0016428739513868833,0.02886109485953587,3.030793090874353e-19
3365,20.73085,-103.33491,1,1,1,0.0011740478825727786,0.027198105911058288,2.3630126743172603e-21
3366,20.72137,-103.36562,1,1,1,0.00039297322853594046,0.029597146141926874,1.2248576566417716e-19
3367,20.72155,-103.36778,1,1,1,0.00039235009093843503,0.028780824693846466,1.0861328770672549e-20
3368,20.73236,-103.40357499999999,2,2,2,0.0007259553010938557,0.028482774453766208,1.8850812344366855e-16
3369,20.734090000000002,-103.40214499999999,2,2,2,0.0011058426400821816,0.02914561158311071,9.304965435167158e-16
3370,20.74709,-103.39191,1,1,1,0.0009090444570154586,0.02489975207814764,2.6981553547526234e-18
3371,20.74887,-103.391865,2,2,2,0.0013850649326371263,0.024424620416535873,3.142279026291081e-19
3372,20.75184,-103.381145,2,2,2,0.003070907053815636,0.024360821934559407,3.8808615443920913e-19
3373,20.750895,-103.37974,2,2,2,0.0026231543655717156,0.02383478934073443,4.5383819716725764e-20
3374,20.753135,-103.374945,2,1,1,0.0,0.02301280641999676,7.283478682367321e-23
3375,20.75272,-103.3905,1,1,1,0.00024211728106711972,0.022829931038721163,2.001012011771642e-20
3376,20.64252,-103.47688,1,0,1,0.0,0.0,1.1308881024556818e-104
3377,20.64090333333333,-103.47783666666668,3,2,1,0.00023452633215205327,0.01893766058654792,9.514107309646288e-19
3378,20.64009,-103.47590500000001,2,2,2,0.0007039755385636633,0.019276130684456418,1.1315100167571756e-17
3379,20.639699999999998,-103.473795,2,2,2,0.0011731981494852712,0.019639760541040125,1.3361861946961538e-16
3380,20.639454999999998,-103.472115,2,2,2,0.0016421941649168773,0.01998350711682343,1.5778044184522205e-15
3381,20.639135,-103.47015,4,2,2,0.002345773161373037,0.020311474808814182,1.863111611310237e-14
3382,20.63884,-103.46818,1,1,1,0.0014054585267373047,0.020010009956925704,1.5665693159327946e-15
3383,20.63736,-103.468845,2,3,2,0.0022094193252643435,0.02078024278448704,4.884750953260218e-13
3384,20.634905,-103.46854,12,6,5,0.0067671043622917456,0.020906467829497056,1.0547399886267012e-12
3385,20.650665,-103.41216,2,2,2,0.003017147273812665,0.026823076776706218,2.4842393406686748e-06
3386,20.65056,-103.41412500000001,2,2,2,0.0027127728818675,0.026421613425029116,2.1801670480044515e-07
3387,20.65033,-103.418335,2,2,2,0.002464990713550331,0.025652872834799608,1.9154832907599576e-08
3388,20.65023,-103.42029,2,2,2,0.002488386697893036,0.025322005551824855,1.9151959113703777e-09
3389,20.64671,-103.4314,2,4,2,0.0008780575237576874,0.024474435084735534,1.0175856260368355e-11
3390,20.64568,-103.43384,1,1,1,0.002982676434896113,0.02450856190500015,2.6295823465552345e-12
3391,20.646265,-103.43522999999999,2,2,2,0.0034297776611062775,0.02421327727107182,2.567221534198359e-13
3392,20.64609,-103.43632,1,1,1,0.0030063556636013206,0.023930321867485636,2.1597104970111147e-14
3393,20.64652,-103.43879,1,1,2,0.0030057325260038153,0.023373996312729278,1.8169195910523093e-15
3394,20.64692,-103.44045,1,1,2,0.002549170938086068,0.023012360865904975,1.5285657375555107e-16
3395,20.648781999999997,-103.44378,6,8,9,0.028772868724961907,0.026367533162070397,5.1867289467877846e-05
3396,20.654320666666667,-103.44599999999998,3,5,4,0.021812478409698466,0.02548146901252062,9.535620526060647e-06
3397,20.642324571428567,-103.44126142857144,7,8,7,0.024397989599493602,0.026340343316750833,6.833348960225751e-05
3398,20.64266,-103.450025,2,4,3,0.002868925498915117,0.02427045870431702,1.570859841158404e-08
3399,20.642310000000002,-103.45440500000001,2,2,2,2.6001832477727646e-05,0.023500425375386623,1.3960860672407484e-09
3400,20.6410575,-103.45468,4,4,4,0.004168195714150242,0.02390219875364004,1.3920339311981439e-08
3401,20.63475,-103.46508,1,1,1,0.004237958800634603,0.020652004512319137,8.868632859948673e-14
3402,20.639834999999998,-103.45497,2,2,2,0.0013910413886859285,0.02344470614185272,1.1869089562040426e-09
3403,20.638804999999998,-103.455215,2,2,2,0.000935244560546938,0.023065734588288745,1.9545339448905833e-10
3404,20.637645,-103.45546999999999,2,2,2,0.0004806090342942077,0.022665793163425846,1.1375999034085398e-09
3405,20.636270000000003,-103.4558,2,2,2,0.000220788980570683,0.022859164249929016,1.3333911156209401e-08
3406,20.63446666666667,-103.45615,3,3,3,0.00470590681192495,0.0231761947698472,1.5744126000156053e-07
3407,20.63484,-103.45892,1,2,1,0.004364965572780715,0.0225934649229166,2.647651500423374e-08
3408,20.634437142857145,-103.46069142857144,7,4,5,0.010448261395118974,0.022374888638746402,4.772222618725191e-09
3409,20.63549,-103.46303,1,2,1,0.0037052894525124395,0.021839503300631502,8.025326324279224e-10
3410,20.63584,-103.46513,1,1,1,0.003704666314914934,0.02144492384256304,6.74799209469232e-11
3411,20.63609,-103.46681666666666,3,3,5,0.00475731566371915,0.021248774662554003,5.8040025992178666e-12
3412,20.63447,-103.46354,1,1,1,0.0042373356630370975,0.020403661112959614,7.45706104619644e-15
3413,20.636022,-103.47099600000001,5,4,4,0.0023461697034805407,0.02068526838971933,2.200008154850862e-13
3414,20.63378,-103.45934,1,1,2,0.005442483776612649,0.02210821392573096,4.012663162139612e-10
3415,20.641853333333337,-103.44795666666666,9,6,7,0.0048178733084221805,0.0247500610567688,6.289571021921974e-08
3416,20.642085,-103.44647,2,2,3,0.0038326361178935547,0.024225145179505473,4.99022878444622e-07
3417,20.641596666666665,-103.44530333333334,3,4,3,0.004741963819271515,0.02411481264564361,5.871928353457698e-06
3418,20.64516,-103.44059,1,1,1,0.0034454410743526647,0.025558263989209105,5.745744321900637e-06
3419,20.64488,-103.43915,1,1,1,0.0034448179367551593,0.025169195290163277,4.831243335130279e-07
3420,20.64443,-103.43666,1,1,1,0.003444194799157654,0.024575874395225215,4.062294794489784e-08
3421,20.64421,-103.43541,1,1,1,0.003443571661560148,0.024295357271253374,3.4157325442176276e-09
3422,20.64856,-103.43046000000001,2,2,2,0.00012559055033359954,0.02440890888482125,5.3248160983986766e-12
3423,20.650845,-103.40984,2,3,2,0.003972643806278531,0.027393574154501513,2.830948574702936e-05
3424,20.65091,-103.40666,1,1,1,0.0012810576027262157,0.026488107015758926,2.465251319681075e-06
3425,20.651045,-103.40467000000001,2,2,2,0.0019174510363967872,0.027075415047740862,0.0002244027591998363
3426,20.66881,-103.381315,2,2,2,0.013673555509455964,0.032173127470879706,1.0278213344712116e-08
3427,20.672316666666664,-103.29594333333334,3,3,4,0.023285811727170116,0.03131786686460151,2.5020619615562432e-20
3428,20.646835,-103.300745,2,2,2,0.0004949411990368332,0.032758779519879544,2.2162403900625675e-15
3429,20.643795,-103.301065,2,2,2,0.0029589688817546556,0.032518898354316476,3.088904348116148e-16
3430,20.62568,-103.27709,1,1,1,0.00047012899288161595,0.0278020947249987,1.0114959467397285e-16
3431,20.62661,-103.27748,1,1,1,0.0004695058552841105,0.027240806531381622,8.516436466074604e-18
3432,20.62726,-103.27957,1,1,1,0.000468882717686605,0.026546228939114003,7.170912819058547e-19
3433,20.63503,-103.28628,1,1,1,3.155342198277625e-05,0.026860767861532162,5.928930661796792e-17
3434,20.64065,-103.29351,1,1,1,0.0006774072173609307,0.027893106109584228,3.7741917163156287e-17
3435,20.67521,-103.29518,1,2,1,0.009101887642399687,0.030367685989415773,7.682401551695987e-22
3436,20.528883333333336,-103.39126333333333,3,2,2,0.0006150368087378846,0.020570262002788036,1.8072337347649696e-14
3437,20.52975,-103.39473000000001,2,2,2,0.0008432184671698824,0.02081124885078779,3.2425283052894447e-15
3438,20.530045,-103.397355,2,3,2,0.0011576763584201354,0.02110358878036678,2.0490291030523238e-14
3439,20.61002,-103.39335,1,1,1,0.0007050518671411727,0.03291954266102033,6.579323157311486e-06
3440,20.60741,-103.39238,2,2,2,0.0009389550616957205,0.03179206109995055,5.571525042987846e-07
3441,20.60644,-103.39077499999999,2,1,1,0.0,0.030897353445571065,4.6847393236892125e-08
3442,20.60865,-103.39298,1,1,1,0.0007031824543486564,0.03091435759640226,4.6847393236892125e-08
3443,20.613205,-103.393715,2,2,2,0.0007816411427618433,0.03243730748462278,1.1190104427809387e-06
3444,20.61402,-103.39131499999999,2,1,1,0.00047012899288161595,0.03130823463702707,9.409043605440128e-08
3445,20.61456,-103.3888,1,1,1,0.0004695058552841105,0.030224255856312634,7.911460720278227e-09
3446,20.61738,-103.38902,1,1,1,0.000468882717686605,0.02918405162204449,6.652236941061225e-10
3447,20.6202,-103.384075,2,2,2,0.00038498573751337054,0.03246764341569825,6.085128690959708e-08
3448,20.62236,-103.383375,2,2,2,0.0022078331568343296,0.033386255604231384,6.148035707864978e-07
3449,20.62291,-103.37772,1,1,1,0.0011854909548178788,0.030410133630805174,4.0499374794118413e-10
3450,20.62691,-103.37599,1,1,1,0.00030477093405266827,0.03150321795942476,4.344401861559633e-09
3451,20.62944,-103.37493,1,1,1,0.0003041477964551628,0.030437920648863404,3.652928182121255e-10
3452,20.63311,-103.37374,1,1,1,0.0011534843418550987,0.03072840037825213,7.748325078289197e-12
3453,20.633924999999998,-103.372825,2,2,2,0.0024827501350792366,0.033279495344942144,6.78303029526592e-11
3454,20.63625,-103.37182499999999,6,4,4,0.008719432221191337,0.03427968213562523,7.986154915470833e-10
3455,20.64077,-103.370145,2,2,2,0.0017684645017204828,0.03362504893788918,1.5332360464618404e-10
3456,20.641845,-103.37226000000001,2,2,2,0.0020545413078479876,0.0356566262702424,1.0169087355661913e-09
3457,20.645110000000003,-103.37844,2,2,2,0.011284058859991291,0.034733568025857246,9.119369700514057e-09
3458,20.63956,-103.37043,1,1,1,1.3199187292615558e-05,0.03260829780524959,1.2950266741864373e-11
3459,20.63024,-103.3764,1,1,1,0.0005272877052346163,0.03131734066524554,6.14349043896659e-11
3460,20.62741,-103.3776,1,1,1,0.000526664567637111,0.030186980045786644,5.1656910175651695e-12
3461,20.62495,-103.37865,1,2,1,0.0007599446245941532,0.031339408370384195,4.3448362132754705e-09
3462,20.61842,-103.38558,1,2,2,0.003029241808091521,0.031668084580846224,1.4272977947627851e-08
3463,20.61815,-103.39101500000001,2,2,2,0.0005557820881023659,0.03358841285360137,6.712066921453674e-07
3464,20.616415,-103.39226,2,2,2,0.0001582203008938852,0.03279837476023491,6.139918459780426e-07
3465,20.614345,-103.393355,2,2,2,7.177412145812838e-05,0.03308577071517562,6.630949806202851e-06
3466,20.59104,-103.38977,1,1,1,0.0011748976156602863,0.029018289549543875,2.162355678308919e-06
3467,20.58831,-103.39007,1,1,1,0.0011742744780627807,0.028099778839857748,1.8181865252717023e-07
3468,20.58689,-103.39021,1,1,1,0.0011736513404652753,0.027452142791341116,1.5287961775436447e-08
3469,20.58659,-103.39228,1,1,1,0.00117302820286777,0.026748897992972323,1.2854659457851337e-09
3470,20.58293,-103.39214,1,1,1,0.0011724050652702643,0.025819415983437063,1.0808648180674574e-10
3471,20.58156,-103.3894,1,1,1,0.001171781927672759,0.02496287226299847,9.088285959332703e-12
3472,20.58163,-103.38404,1,1,1,0.0022618761811998025,0.029278100259191222,5.397941235533264e-07
3473,20.57994,-103.38077,1,1,1,0.002261253043602297,0.028179142754649885,4.53878369215425e-08
3474,20.578969999999998,-103.38090500000001,2,2,2,0.0037064224299624498,0.02782250512856481,3.843743087872564e-09
3475,20.57656,-103.38069,2,2,2,0.0031382908876549757,0.027365743956409307,3.2552571410726884e-10
3476,20.576075000000003,-103.37693999999999,2,2,2,0.002987321642441154,0.026819030206466775,2.7712507713875002e-11
3477,20.5754725,-103.3733075,4,4,4,0.008160156785951441,0.0264716772631429,4.057432778825665e-12
3478,20.5123,-103.33627,1,1,1,0.0006924758174460626,0.018317627925773378,6.159462969678268e-19
3479,20.5841,-103.4368,1,0,1,0.0,0.0,1.1308881024556818e-104
3480,20.5848975,-103.435975,4,2,2,0.0014099904365373443,0.023461887240824736,0.0022024343653439505
3481,20.586055,-103.43431,2,2,2,0.0021135694329935044,0.023954594733121476,0.026193398563707202
3482,20.58763,-103.43326,1,1,1,0.0007023893701336494,0.02342670475985456,0.0022024343653439505
3483,20.61128,-103.42031000000001,3,6,3,0.05775168442589936,0.0317944480615811,0.06300433600881959
3484,20.63617,-103.40209999999999,2,3,2,0.003430655718630035,0.028353752958244594,6.4642855089224464e-06
3485,20.63863,-103.40529,1,2,1,0.0018357067133785716,0.02709428571494344,3.702904749206498e-07
3486,20.5859,-103.43845,1,1,1,0.0009408244744882368,0.02301752510778491,0.00018518849358074377
3487,20.58644,-103.44014,1,1,1,0.0007057883024836791,0.022572787764073583,1.557130168883237e-05
3488,20.58515,-103.44115,1,1,1,0.00047063883273412043,0.022145213931691814,1.3092896380840244e-06
3489,20.5846,-103.44018,1,1,1,0.00023537606523956072,0.021789704119643358,1.1008963433852288e-07
3490,20.58389,-103.43822,1,1,0,0.0,0.021360759132443872,9.256717481732905e-09
3491,20.63680666666667,-103.44621333333333,3,3,4,0.0024706272763641303,0.02542838442382772,3.161104049016146e-07
3492,20.639808,-103.44739599999998,5,5,6,0.002269127236879866,0.02499920385057663,1.060010564398596e-07
3493,20.639975,-103.44564,2,2,2,0.0006396224194030999,0.024508137112628295,5.026473384715965e-07
3494,20.644235000000002,-103.448835,2,3,3,0.0010621663593842993,0.02449688303880788,1.063923577462344e-08
3495,20.64568,-103.44917,1,1,1,0.0001008916419233833,0.02406936913702435,8.945870741317024e-10
3496,20.647366666666667,-103.45003333333334,3,3,2,0.000806056806809557,0.024566618352028557,7.399236654520527e-10
3497,20.649368666666664,-103.45148066666667,15,6,7,0.013996860066295042,0.0249010725942314,3.9526250334098476e-09
3498,20.647785,-103.4392,2,2,2,0.0004534458999302199,0.023010060187232582,5.0199517870581515e-12
3499,20.64942,-103.43944,2,2,2,0.00033184909510790533,0.02326297560946426,5.969990639293655e-11
3500,20.652385,-103.44135750000001,4,5,6,0.0016007838391190149,0.02376676034998722,4.1582024510889005e-09
3501,20.655616666666663,-103.44280000000002,3,4,4,0.0010634692834518107,0.02357294677403589,2.399187889608057e-08
3502,20.654155000000003,-103.452415,2,3,2,0.0009986063244387428,0.02412112737458233,4.50025792842719e-08
3503,20.652393333333332,-103.45169333333332,3,4,4,0.0024534626679964797,0.024472482704485588,7.1292959060552885e-09
3504,20.6403,-103.44988,1,1,1,3.5348896440309476e-05,0.02445313156158389,8.91297013109827e-09
3505,20.63653,-103.45195,1,1,1,0.0007057883024836791,0.02443906308989091,1.8572120231699642e-06
3506,20.63629,-103.45049,1,1,1,0.0007051651648861737,0.023956206433295855,1.561614591370064e-07
3507,20.63619,-103.44951,1,1,1,0.0007045420272886682,0.023557434068999576,1.3130647065192635e-08
3508,20.63584,-103.44757,1,1,1,0.0007039188896911627,0.02305452372583962,1.1040742581830749e-09
3509,20.655610000000003,-103.452955,2,3,2,0.0023137098995377565,0.023849874274629906,2.786573042789378e-08
3510,20.635546666666666,-103.4458,3,4,3,0.0037396186692477402,0.02576316725377939,3.7238163785268098e-06
3511,20.64705,-103.43777,1,1,1,0.00021319803165561655,0.022555176159349096,4.220967971793028e-13
3512,20.68986,-103.36954,2,3,3,0.002081449522285723,0.03128991509852626,3.189362194329696e-10
3513,20.71625,-103.36,1,1,1,0.0004704122372441184,0.032827163123554125,1.1209567253285746e-16
3514,20.71601,-103.35791,1,1,1,0.0002352627674945597,0.03185499145005025,9.805764123660607e-18
3515,20.71582,-103.35648,1,1,0,0.0,0.03106903623060508,8.587432340532407e-19
3516,20.69531,-103.36744,1,1,1,0.0005195834585745489,0.03129669333659159,6.524454036202491e-15
3517,20.69413,-103.36785,1,1,1,0.0005189603209770435,0.03052622991682253,5.692512413999354e-16
3518,20.68925,-103.37067,1,2,2,0.001989508402217418,0.030398482412795934,2.7796868085796542e-11
3519,20.67569,-103.38106,1,1,1,0.0,0.03246632812530655,1.7786369624479722e-09
3520,20.65086,-103.40784,2,2,2,0.003239437449504611,0.027700190861240204,0.00016131432913107138
3521,20.620525,-103.43083,2,4,2,0.0,0.030227256158752342,0.026533999880118928
3522,20.63481,-103.4374,2,2,2,0.019309476302700305,0.02724873201300313,0.00045672090926167456
3523,20.65775,-103.44792,1,1,1,0.002226385662578242,0.024369440763900442,1.2981516353066398e-07
3524,20.58392,-103.30774,1,0,1,0.0,0.0,1.1308881024556818e-104
3525,20.5849,-103.30993,1,1,1,0.00023463962989705425,0.0002099840412128678,1.0630348163083404e-102
3526,20.58636,-103.31098,1,1,1,0.00046916596204910754,0.0003006087326836845,4.944242783936239e-101
3527,20.58761,-103.31155,1,2,2,0.0011724617141427647,0.02391075631691948,3.387761480350418e-15
3528,20.59185,-103.31082,1,2,1,0.001640438049869362,0.024976863287888524,5.938493138055139e-16
3529,20.59347,-103.31075,2,2,2,0.0028132963061196304,0.025970549141148602,4.0316122662749136e-14
3530,20.595374999999997,-103.31086,2,2,2,0.007788370235730687,0.02660984621802474,4.788796046975817e-13
3531,20.59621,-103.30867,2,2,2,0.006614265704285408,0.026165284276655182,5.157558480119162e-13
3532,20.59656,-103.30686,1,1,2,0.005109331757437232,0.02587090447931268,4.336689637293954e-14
3533,20.65268,-103.33674500000001,2,3,2,0.0012702943169511213,0.03234890568172735,1.2057612447577268e-13
3534,20.65095,-103.33722,2,2,2,0.0010504400427766966,0.031759136273811404,1.145483072645876e-14
3535,20.592154999999998,-103.319275,2,2,2,0.0033054617104039392,0.027690358171069206,7.268591237770161e-10
3536,20.593943333333332,-103.31713333333335,3,2,2,0.0031222026078648346,0.02763865370393059,6.159286879731999e-11
3537,20.59465,-103.31583,1,2,1,0.0031807775420303478,0.02731027711056054,5.654476722219005e-12
3538,20.595433999999997,-103.312376,5,4,5,0.00601826291670769,0.027288250128645924,5.6549237780960054e-12
3539,20.59048,-103.31116,1,2,2,0.002111020233730982,0.025199619426158254,3.674802947394868e-15
3540,20.58561,-103.31197,1,2,1,0.000469335908666609,0.024212016780665865,4.029014132673445e-14
3541,20.74419,-103.43969,1,1,1,0.00047012899288161595,0.022618771947230207,7.432134968697366e-20
3542,20.74446,-103.43758,1,1,1,0.0004695058552841105,0.022104724050918474,6.720450001574904e-21
3543,20.74463,-103.43533,1,1,1,0.000468882717686605,0.02163719786212794,6.195650272395266e-22
3544,20.74484,-103.43237500000001,2,2,2,0.0014081776726173286,0.023799028339242165,8.354248783377517e-19
3545,20.744295038799997,-103.4301209506,2,2,2,0.0016670063710720947,0.023751826196993512,9.096878330911805e-19
3546,20.7449,-103.4278,1,1,1,0.0013641048498119427,0.023069034866714508,8.10361612514644e-20
3547,20.74298,-103.42557,1,1,1,0.0013634817122144373,0.022390510500965854,7.339456711592888e-21
3548,20.728589999999997,-103.42085499999999,2,2,2,7.471986282815417e-05,0.02481031189391192,4.811214839927836e-18
3549,20.72759,-103.41871499999999,2,2,2,0.0008259405610572311,0.025472620699467957,5.2305964476073363e-17
3550,20.72811,-103.412485,2,2,2,0.0009753519622772892,0.026334521396555177,2.4427256596451893e-16
3551,20.728475000000003,-103.408495,2,2,2,0.0012777436436849365,0.026947104188437543,3.482107638541368e-17
3552,20.728733333333334,-103.40544,3,2,2,0.0015914367751564329,0.02739017080174305,1.2351267259635435e-16
3553,20.72746,-103.40283,2,2,2,0.0019202551555855618,0.02793498619043735,1.039156893676268e-15
3554,20.726045,-103.40122,2,2,2,0.002493315149800579,0.02851449389168043,8.865568220053836e-15
3555,20.74158,-103.42513,2,2,2,0.0006306435731117712,0.023786865836843175,4.87716530073475e-16
3556,20.7455780535,-103.42942263749,3,3,3,0.002203074651544288,0.024584201465037325,9.51577035470445e-18
3557,20.56871,-103.28306,1,1,1,0.0022874814715700266,0.021510129300723064,2.7701458165785295e-20
3558,20.57466,-103.28348,1,1,1,0.002286858333972521,0.02057202667315852,2.330945644531687e-21
3559,20.57817,-103.28391,1,1,1,0.002286235196375016,0.020038967420612768,1.961429663609177e-22
3560,20.58532,-103.28408,1,1,2,0.0022856120587775104,0.019222361846449574,1.6505351443270548e-23
3561,20.65139,-103.32433,1,2,2,0.013666455517435899,0.032565073256039745,6.3891091245605236e-15
3562,20.57998,-103.28432,1,2,1,0.015240982604150934,0.02210749877909561,2.149059930302188e-17
3563,20.56964,-103.28334,1,1,1,0.015240359466553428,0.020799041043281445,1.8094699853568506e-18
3564,20.856544999999997,-103.447885,2,1,1,0.00023446968327955276,0.01306775898008053,6.432757451003455e-29
3565,20.856305,-103.44412,2,2,2,0.0009389550616957205,0.013407497542869382,3.1910888139325468e-27
3566,20.82122,-103.44849,1,2,1,0.0009381053286082131,0.015358452397414075,2.188051984291939e-25
3567,20.820925000000003,-103.447415,2,2,2,0.0021330566451336747,0.015213199320171646,2.748202371755904e-26
3568,20.8188,-103.44692,1,1,1,0.0002665329451148335,0.014361969469976296,3.5197939970362935e-27
3569,20.819,-103.44485,1,1,1,0.000265909807517328,0.014170114272058137,4.606193575203365e-28
3570,20.819049999999997,-103.44267500000001,2,2,1,0.0004986800246218659,0.014178701633139938,7.465255522903903e-29
3571,20.82057,-103.44022,1,2,3,0.0013084190081439552,0.014430322296432744,1.008030401270829e-28
3572,20.82057,-103.44283,1,1,1,0.0009610481219709139,0.014209338460940569,1.2985693113850678e-29
3573,20.82133,-103.44987,1,1,2,0.001630751092671777,0.01496396324221845,3.5197939970362935e-27
3574,20.85685,-103.446,1,1,1,0.00023509282087705823,0.013236926712788125,4.484654554753422e-28
3575,20.83647,-103.41262499999999,2,2,2,0.000469562504156611,0.012666952751953798,7.4798989153246905e-34
3576,20.833075,-103.41507999999999,2,2,2,0.00093889841282322,0.012906753937639218,5.0958580471542364e-33
3577,20.82822,-103.417325,2,2,2,0.001408007725999827,0.013205458283271602,3.5461687841087483e-32
3578,20.829,-103.42337,2,2,2,0.0018768904436864322,0.013524298724329012,2.5269604005137037e-31
3579,20.83559,-103.42506,1,1,1,0.0,0.013344242473703402,2.4770958930483076e-31
3580,20.829423333333335,-103.42717,3,3,3,0.002814542581314641,0.013749673534080001,1.8457528685316228e-30
3581,20.823935,-103.428465,2,2,2,0.0032821790238062353,0.014081800821211432,1.3569472214742828e-29
3582,20.80259,-103.45524499999999,2,2,2,0.006964412385210973,0.01690075878154864,3.1348564491409562e-24
3583,20.80337,-103.45149,1,1,1,0.003524522900363357,0.016519741902378846,3.720228568085209e-25
3584,20.802888,-103.43834199999999,5,3,3,0.007178148581155344,0.015793271570683075,4.595788264063539e-26
3585,20.80709,-103.43735,2,3,3,0.006018716107687693,0.015458560783806724,5.775342923894643e-27
3586,20.814826666666665,-103.43638333333332,3,3,3,0.004545618827184797,0.014929778704744793,8.147437864803846e-28
3587,20.819229999999997,-103.42988500000001,2,2,2,0.0037501553595328326,0.014412759872767501,1.040269249125775e-28
3588,20.8363,-103.41113,1,1,1,0.0,0.012530414234591863,1.0940730061465873e-34
3589,20.80386,-103.44991,1,1,1,0.0029888511619986674,0.01508230935972273,5.570843091018219e-27
3590,20.85335,-103.33855,2,1,1,0.0,0.012070215653727037,7.951326022461847e-40
3591,20.84628,-103.34293500000001,2,2,2,0.000469562504156611,0.012569227056980742,6.950156572231638e-39
3592,20.842785,-103.33929,2,2,2,0.00093889841282322,0.012874791638164185,6.015987576161793e-38
3593,20.83968,-103.336765,2,2,2,0.001408007725999827,0.013186629717737304,5.230087003750089e-37
3594,20.817335,-103.33796000000001,2,3,2,0.0023452633215205326,0.01488974894210391,4.5733067825859247e-36
3595,20.79893,-103.34504000000001,2,2,3,0.0035168186537032895,0.01637416285303214,3.6181587740171027e-35
3596,20.790895,-103.350065,2,2,2,0.004218358290749432,0.01734302399745852,2.930015608629857e-33
3597,20.78976,-103.3518925,4,3,3,0.009126529901937403,0.017599224396039028,2.701992654309833e-32
3598,20.781875,-103.343875,2,2,2,0.009814360511838423,0.01904417911252515,2.3622172498655415e-30
3599,20.774695,-103.33921000000001,2,2,2,0.010511254941339525,0.020018345708857032,2.2949575013261295e-29
3600,20.76345,-103.33961500000001,2,3,4,0.014695227366481156,0.021793736367785997,2.280733871172296e-27
3601,20.756225,-103.343125,2,3,2,0.015377732982367132,0.023026200464984284,2.3074233144432058e-26
3602,20.752985000000002,-103.34344,2,2,2,0.01583800507143366,0.02363028105872278,2.416684659011391e-25
3603,20.749969999999998,-103.34295499999999,2,2,2,0.01653235030167224,0.024376701041946787,2.5589462714536553e-24
3604,20.73984,-103.343955,2,2,2,0.02299836590662385,0.027054250038255227,3.2078154187030102e-21
3605,20.73505,-103.34241,1,1,1,0.01170088126384994,0.02588534391667369,2.894152319533172e-22
3606,20.730915,-103.34365,2,3,3,0.02621132000823448,0.02961986468863943,3.992310201848141e-19
3607,20.72949,-103.34415000000001,2,3,2,0.012134075191861233,0.029886492136957772,7.08010834237631e-19
3608,20.70982,-103.34655000000001,2,2,2,0.000649233844770684,0.032313116141077895,3.1269508142140733e-18
3609,20.706,-103.34719,1,1,1,5.7309776013001745e-05,0.030899557494379108,2.728471339552691e-19
3610,20.70706,-103.34672,1,1,1,0.00013148203307365112,0.030514799919160545,3.472489471717763e-17
3611,20.72399,-103.34524,1,2,2,0.0011175123078172838,0.030097821437179272,1.0841147912752933e-18
3612,20.73598,-103.34189,1,1,1,0.011745803819742833,0.028170792678279745,3.552522012033895e-20
3613,20.7474,-103.34332,1,1,1,0.00839196397222347,0.025012104077486094,2.748837341690237e-23
3614,20.7674,-103.3395,1,1,1,0.005378470550687089,0.02115662122125627,2.2530550711570507e-28
3615,20.78469,-103.34631,1,1,1,0.0046803298459909765,0.01855589080265276,2.474559751613139e-31
3616,20.79281,-103.34652,1,1,1,0.001877570230156438,0.01694669419267296,3.2149194788954477e-34
3617,20.820495,-103.34031999999999,2,2,2,0.000469562504156611,0.014579205396656069,4.103590586822023e-36
3618,20.82168,-103.34314,1,1,1,0.0,0.014277264251790244,4.628583381372233e-37
3619,20.6785075,-103.2715525,4,4,5,0.004090161892280809,0.026135338892033285,8.580130581087282e-23
3620,20.69228,-103.16614,1,1,1,0.003983038874382372,0.012300967612911646,6.797258912249152e-27
3621,20.69614,-103.17755,1,2,1,0.00515482080205513,0.011855908818568428,8.70162081289215e-28
3622,20.696550000000002,-103.18217,2,3,3,0.0070272359848140235,0.011655247722484455,1.1517822952319606e-28
3623,20.6969,-103.18385,2,2,3,0.0032825189170412384,0.011539939939336342,1.4775783939128806e-29
3624,20.695165,-103.188785,2,2,2,0.0025805827378875927,0.01127084462629305,1.8955880385811557e-30
3625,20.69931,-103.19795,1,1,1,0.000939691497038227,0.01093213870458432,2.4266662519003366e-31
3626,20.699685000000002,-103.201385,2,2,2,0.0016423074626618784,0.010789665878587451,3.158403698680581e-32
3627,20.701135,-103.205075,2,2,2,0.0009389550616957205,0.010629252655892532,4.051779685782832e-33
3628,20.70351,-103.20782,1,1,1,0.00023509282087705823,0.010486386610061852,5.186948241059784e-34
3629,20.70213,-103.20815,1,1,1,0.00023446968327955276,0.010396324966149489,6.640151776174771e-35
3630,20.69727,-103.18612,1,1,1,0.0014051186335023017,0.011066807856202572,2.4266662519003366e-31
3631,20.70727,-103.15743,1,1,1,0.001175577402130292,0.010510631926727573,1.4744718596966108e-29
3632,20.70995,-103.15521,1,1,1,0.0011749542645327867,0.01033704995538729,1.8875678817127513e-30
3633,20.71018666666667,-103.15162666666667,3,1,2,0.0011743311269352811,0.010214684383897629,2.416399124418892e-31
3634,20.7096,-103.15037,1,1,0,0.0,0.010128815357513034,3.093390594700674e-32
3635,20.71054,-103.15356,1,1,1,0.0009385018707157165,0.010124503936434348,3.093390594700674e-32
3636,20.69322,-103.1659,1,1,1,0.0009378787331182111,0.009606388059070884,3.96005166547095e-33
3637,20.66029,-103.20085,1,1,1,0.003737862554200225,0.008905033018475776,1.4744718596966108e-29
3638,20.781135,-103.321765,2,1,1,0.00023509282087705823,0.013361441315573184,6.923461886960161e-40
3639,20.78378,-103.32429,1,1,1,0.00023446968327955276,0.013104567421871214,7.938821868476329e-41
3640,20.78647,-103.32510500000001,2,2,2,0.0009389550616957205,0.013735997438645576,6.054262003763339e-39
3641,20.790335,-103.32509999999999,2,2,2,0.001408007725999827,0.014064818705980543,5.304715984618958e-38
3642,20.79214,-103.325665,2,2,2,0.002345319970393033,0.014253888520214418,4.61532032778863e-37
3643,20.78738,-103.34143499999999,2,2,2,0.0032828021614037407,0.01660724551533017,3.251263721142089e-34
3644,20.78849,-103.34488,2,2,2,0.0037501553595328326,0.016981748305077107,2.962039592865174e-33
3645,20.79441,-103.32872,1,1,1,0.001409140703449837,0.014730037343832858,3.607506793660673e-35
3646,20.79384,-103.32775,1,1,1,0.0014085175658523315,0.01453945942279502,4.038944524561106e-36
3647,20.82081,-103.438905,2,2,2,0.0009199776894080544,0.014601895755555183,7.237627390373106e-28
3648,20.796554999999998,-103.4286,2,2,2,0.0013266599450891148,0.015822564217527754,5.659336472485663e-27
3649,20.796075000000002,-103.42006,2,2,2,0.0017262610917076133,0.016315050136167086,7.07496153904985e-28
3650,20.793805,-103.41861,2,2,2,0.0021544132700663616,0.016582693358710543,9.107164418556988e-29
3651,20.79204,-103.4171,2,2,2,0.002586644167245146,0.016849932665738504,2.0803902355434728e-29
3652,20.78579,-103.402485,2,2,2,0.0030258995246139914,0.018092180707234333,7.931646186074004e-29
3653,20.784525000000002,-103.401095,2,2,2,0.003471782800065395,0.018379130633811823,6.637100045887673e-28
3654,20.782715,-103.39982,2,2,2,0.003920385221396823,0.018729661360786253,5.6613908981214434e-27
3655,20.78097,-103.399455,2,2,2,0.004369327535963253,0.01905859924773285,4.83082712292676e-26
3656,20.77864,-103.39961,2,2,2,0.004818496446019686,0.01942171337573584,4.1223904690527376e-25
3657,20.777655,-103.399205,2,2,2,0.005267722004948619,0.019755933771195878,3.518148418890232e-24
3658,20.776435,-103.39869999999999,2,2,2,0.005716947563877551,0.020101520185530363,3.002829910962053e-23
3659,20.775095,-103.39954,2,2,2,0.006166286420551486,0.0205350389190753,2.5634119391187183e-22
3660,20.77261,-103.39909,2,2,2,0.006615738574970421,0.02100968036781212,2.188790050702173e-21
3661,20.73654,-103.38844,1,1,1,0.0063319843726154365,0.026072450704003696,8.124809495036591e-18
3662,20.734695000000002,-103.388805,2,2,2,0.007845642245828689,0.02998518144663014,6.32935402703366e-15
3663,20.73282,-103.38944,1,1,1,0.006766537873566741,0.029116679961363648,7.310774179381202e-16
3664,20.72516,-103.391,1,1,2,0.00047494414704415814,0.02939314813635564,7.52157945140853e-16
3665,20.72427,-103.39117,1,1,1,2.94574137002579e-06,0.028794604501719778,8.690117008100194e-17
3666,20.73499,-103.39091,1,1,1,0.0008433317649148833,0.029118478750968103,7.310774179381202e-16
3667,20.73963,-103.39127,1,1,1,0.0008427086273173779,0.02782212443878199,8.446474779163691e-17
3668,20.74058,-103.385565,2,4,3,0.0010575778007117591,0.02707593945736797,2.3111224059191806e-17
3669,20.57968,-103.25382,1,1,0,0.0,0.01996677045688869,7.437531660771544e-18
3670,20.54461,-103.28629,1,0,1,0.0,0.0,1.1308881024556818e-104
3671,20.54392,-103.28364,1,1,1,0.00023458298102455377,0.00022310804378867206,1.0630348163083404e-102
3672,20.54537,-103.283105,2,2,1,0.0007040321874361638,0.019474018058665502,1.4106004384619784e-24
3673,20.54705,-103.28244,1,1,1,0.0007034090498386583,0.01916565934579416,1.1870818178806674e-25
3674,20.548435,-103.281975,2,2,2,0.0016424207604068793,0.01999896927032104,1.6762535742165964e-23
3675,20.54973,-103.28144,1,1,1,0.001171781927672759,0.01966736942577402,1.4106004384619784e-24
3676,20.55153333333333,-103.28136666666667,3,2,2,0.002345206672648032,0.020523937012819952,1.9908035313177456e-22
3677,20.553565,-103.281125,2,2,2,0.0028134662527371317,0.020921002439003755,2.3644407456905724e-21
3678,20.555775,-103.28020000000001,2,2,2,0.003281669183953731,0.021325746280423927,2.7900419810735284e-20
3679,20.671934999999998,-103.329245,2,2,2,0.001233472549825799,0.033326543437219865,6.583634251810375e-14
3680,20.67355,-103.32866,1,2,2,0.0012328494122282934,0.032382826670023956,1.1389531758651864e-14
3681,20.677581,-103.3274475,4,5,4,0.004320751127794078,0.03400195211636437,4.05846808566816e-15
3682,20.67582,-103.32945000000001,2,2,3,0.020527597008078467,0.03307109487073523,1.0394904270214638e-13
3683,20.60569,-103.28935,2,2,2,0.01595203925177716,0.02689639198453289,1.4716378883532408e-15
3684,20.60224,-103.28922,2,2,2,0.015951416114179655,0.025978122907535355,2.4779465072732707e-16
3685,20.65074,-103.33417,1,2,1,0.009180368990361875,0.03245014635410391,1.1186190158231478e-15
3686,20.65239,-103.32809,1,2,2,0.013239880066028414,0.03386385666483947,2.1585795593726053e-15
3687,20.52948,-103.23863,1,1,1,0.00010440387201841406,0.0158489431708163,2.1019623565679926e-25
3688,20.59932,-103.21901,1,1,1,0.000574872758135033,0.013966440160135764,1.1438189579954427e-28
3689,20.56808,-103.22745,1,1,0,0.0,0.016713128106913618,4.0056717418533272e-25
3690,20.573794999999997,-103.214395,2,1,1,0.0010352581449465637,0.01631188519077226,3.317438529584744e-24
3691,20.5868,-103.21872,1,1,1,0.001034635007349058,0.014903438446726808,3.624102854195749e-25
3692,20.59642,-103.21977,1,1,1,0.0010340118697515527,0.013561896133067386,4.1148771302037224e-26
3693,20.59817,-103.21922,1,1,1,0.0010333887321540473,0.013395380851449642,4.825833822177245e-27
3694,20.61495,-103.21403,1,1,1,0.0010327655945565417,0.012623982503205223,5.80560473965983e-28
3695,20.625025,-103.211905,2,2,2,0.0017829666130806097,0.015519671523216398,6.982960191501404e-27
3696,20.635135,-103.209745,2,2,2,0.0019306502236894028,0.016169944614298975,5.399144228197076e-26
3697,20.65345,-103.20811499999999,2,2,2,0.004162332555846441,0.017569387853344977,4.147727779053855e-25
3698,20.65506,-103.21025,1,1,1,0.00320275730456054,0.01722318362794307,5.30977740141262e-26
3699,20.66424,-103.21935,1,1,1,0.0032021341669630347,0.016282385770323916,6.797393183221028e-27
3700,20.68368,-103.240505,2,2,2,0.0011534276929825982,0.02075092673122221,7.754659221388284e-24
3701,20.67687,-103.23326,1,1,1,0.0006499891630706906,0.019522807604826706,9.92724625717502e-25
3702,20.67468,-103.23072,1,1,1,0.0006493660254731852,0.019066509713881335,1.2708517105990338e-25
3703,20.67137,-103.2266,1,1,1,0.0006487428878756797,0.018485752488148644,1.6269003927469477e-26
3704,20.61241,-103.2144,1,1,1,0.0005754958957325385,0.014735048980198142,8.936682678445583e-28
3705,20.6131,-103.41742,1,1,1,0.0009399747414007294,0.02956961426701216,2.314868305396819e-05
3706,20.61572,-103.42046,2,2,2,0.0011738779359552773,0.028468069312455414,1.960284836960821e-06
3707,20.617910000000002,-103.422865,2,1,1,0.0,0.027440278663864753,1.648278329862458e-07
3708,20.61453,-103.41935,1,1,1,0.0009381053286082131,0.02775118696890455,1.648278329862458e-07
3709,20.61188,-103.41639,1,1,1,0.0009374821910107076,0.026739717327492776,1.385931523900779e-08
3710,20.68128,-103.33533,1,1,1,0.0,0.03201654660201531,2.8732986393894692e-15
3711,20.677675,-103.25301,2,2,2,0.0008643484966125673,0.02296979437457568,1.5060939909984264e-22
3712,20.68208,-103.33467,1,1,1,0.00038175675178084225,0.031443687611101986,2.7485135412498944e-15
3713,20.6458,-103.20971,1,1,1,0.0004695058552841105,0.019267052523093967,4.8182031423343155e-24
3714,20.650455,-103.214495,2,2,2,0.0018770603903039335,0.020463535530014662,2.940038274897456e-22
3715,20.67292,-103.28634,1,1,1,0.001247162694013419,0.02646320104741901,1.0695167394965662e-26
3716,20.678705,-103.245255,2,2,2,0.000958782167070894,0.02168756492791571,6.649650789766346e-23
3717,20.6514,-103.21714,1,1,1,0.0011742744780627807,0.020946500960362876,2.2959915852175704e-21
3718,20.6812,-103.34026,1,1,1,0.0,0.031628595886563714,2.7485135412498944e-15
3719,20.67593,-103.24428,1,1,1,0.00023446968327955276,0.017359420989649578,5.567842312696156e-23
3720,20.64699,-103.21419,1,1,1,0.000468882717686605,0.018654963287676102,6.1680968156969625e-25
3721,20.68194,-103.3421,1,1,1,0.0005095566081419611,0.032270839415870715,3.258871220878205e-13
3722,20.677215,-103.263695,2,2,2,0.00012304135107107721,0.024591199484322552,2.1410642296578147e-22
3723,20.67586,-103.24194,1,1,1,0.00023509282087705823,0.017663516822204284,4.349314952273518e-22
3724,20.67757,-103.24375,1,1,1,0.00026579650977232705,0.02119201011769189,8.512652711283326e-24
3725,20.64684,-103.21313,1,1,1,0.00047012899288161595,0.019833991931315194,3.76373501378771e-23
3726,20.67736,-103.23995,1,1,1,0.00026517337217482156,0.020617674243110482,1.089760339146886e-24
3727,20.599703333333334,-103.34713333333332,3,2,2,0.000963568996797186,0.024748487648788002,7.090092138957181e-17
3728,20.60358,-103.34916,1,1,1,4.8548083732925036e-05,0.026044851086419886,1.94042908296489e-17
3729,20.608825,-103.352345,2,2,2,0.0014621073992378006,0.0270073076074579,2.6561973238212038e-14
3730,20.58418,-103.3141,1,1,1,0.0,0.024605699625699914,4.754896586028e-13
3731,20.621299999999998,-103.30395999999999,2,3,3,0.00721533856595192,0.030199185046712835,5.6810615864399956e-14
3732,20.626945,-103.307065,2,1,1,0.00317876650705658,0.02829677402874785,4.782200345732529e-15
3733,20.62879,-103.30711333333333,3,2,2,0.008147609060692581,0.030439743287862222,6.250886028635245e-16
3734,20.63481,-103.30709,1,1,1,0.005087946808068295,0.02936875651012433,4.701279987836718e-18
3735,20.64575,-103.30757,1,1,1,0.005399798851183525,0.03417933488405386,1.092764709981132e-14
3736,20.65217,-103.30976,1,0,1,0.0,0.0,1.1308881024556818e-104
3737,20.62406,-103.30411,2,2,2,0.0054597050338527995,0.030966776463491243,3.2709596520091245e-13
3738,20.604685,-103.308165,2,1,2,3.404597237279807e-05,0.025988445913997273,5.4308443622818935e-15
3739,20.606274,-103.305666,5,4,3,0.001009482907958838,0.027093011736154474,6.451988471260517e-14
3740,20.60782,-103.30449,1,1,1,0.0007396643282389757,0.026323640041692197,5.4308443622818935e-15
3741,20.60929,-103.30518,1,1,1,0.0007390411906414702,0.02578611294744349,4.571489636447095e-16
3742,20.613115,-103.304115,2,3,3,0.0027510675196778353,0.02831060880683748,2.0721617350702004e-14
3743,20.65048,-103.30575,1,1,1,0.0023986832082885006,0.03384662467439939,8.784593700280057e-14
3744,20.65325,-103.30532,1,1,1,0.0023980600706909948,0.03233564105620141,7.394985286451829e-15
3745,20.66476,-103.30523,1,1,1,7.607943576816607e-05,0.029485084711571092,3.880329719650882e-19
3746,20.672056,-103.30270666666667,3,1,3,0.0014893555069105393,0.029554209548725043,4.7348373871560776e-20
3747,20.67788,-103.29985,1,1,1,0.0002608114089922834,0.027665971837301104,9.066580303416736e-22
3748,20.714175,-103.29729,2,2,2,0.00454487672695504,0.026354188109585727,1.0370369546662798e-21
3749,20.67304,-103.30456,2,2,2,0.000462481395094049,0.027805271270946577,1.3912452804303482e-22
3750,20.66586,-103.30702,2,2,2,0.0005107462344644716,0.029118120353701135,9.469674774312155e-20
3751,20.662955,-103.33373,2,2,2,2.634172571273062e-05,0.03445707205278267,2.1353811817277997e-13
3752,20.64305,-103.34204,1,1,1,0.0007038622408186623,0.028163385645686802,1.2137908731054499e-14
3753,20.63402,-103.33637,1,1,1,0.0007032391032211568,0.02563345868467502,1.0540471407982475e-15
3754,20.64903,-103.33897,1,1,1,1.1159827882597704e-05,0.028286558848763823,1.2114772248548411e-14
3755,20.62313,-103.25021,2,2,2,6.809194474559614e-05,0.023623340586723,2.3854514065530717e-17
3756,20.620057999999997,-103.308146,5,3,3,0.0028418756622961305,0.02879608397934125,6.277310170555925e-14
3757,20.62224,-103.308085,2,2,2,0.0005932553172614439,0.028450740579791904,3.0570458451957366e-14
3758,20.62355,-103.30815000000001,2,2,2,0.00047485917373540736,0.028074615108618233,3.0040490931944174e-13
3759,20.61983,-103.305,1,1,1,0.0024394703964888574,0.029552842831484644,4.782200345732529e-15
3760,20.62132,-103.32079,1,1,1,0.0005843897687151163,0.027397609870091596,4.3528316663088247e-13
3761,20.66256,-103.38884,1,1,1,0.0019512704132795833,0.028216656468236942,5.570926638793166e-06
3762,20.66454,-103.3927,1,1,1,0.0019506472756820779,0.027133473500762905,4.855514330951174e-07
3763,20.665495,-103.39497,2,2,2,0.004045352634132917,0.027318085346514937,4.2321501660800104e-08
3764,20.67088,-103.4042,1,1,1,0.0012990719441813732,0.02586380635026704,3.22137151960952e-10
3765,20.67208,-103.407095,2,2,2,0.0033122029262314984,0.027743398260458473,3.8144562173334224e-11
3766,20.67425,-103.41185,1,1,1,0.001406761450804816,0.025038925525875576,1.5710292842735893e-11
3767,20.67065,-103.40516,1,1,1,0.0018614253014937966,0.02706091840103366,3.325041941731181e-12
3768,20.66779,-103.39989,1,1,1,0.0018608021638962912,0.025612132765475356,2.8985276315485083e-13
3769,20.6603,-103.38615,1,1,1,0.001869129548153864,0.024919006661323854,3.6889587310558646e-09
3770,20.62206,-103.31517,1,1,1,0.00027718293314492673,0.026389954995550982,2.9783154478832204e-13
3771,20.62076,-103.31543,1,1,1,0.0002765597955474213,0.026055216166600417,2.5069674062717717e-14
3772,20.62476,-103.24966,1,0,1,0.0,0.0,1.1308881024556818e-104
3773,20.634059999999998,-103.266335,2,2,2,0.0017948062274332135,0.02513099232184318,2.660199199692007e-19
3774,20.63787,-103.264135,2,2,2,0.0017098612431187198,0.024738138516625614,4.130469975399446e-20
3775,20.639384999999997,-103.26305500000001,2,2,2,0.0019284125932256331,0.024876710971946263,1.4344541352865416e-19
3776,20.616146666666666,-103.30506666666666,3,2,2,0.0013874158608458969,0.027680691284744992,1.5563124148072336e-14
3777,20.60844,-103.27991,1,1,0,0.0,0.02635089190453889,2.3937924193954202e-17
3778,20.63602,-103.42315,1,1,1,0.0,0.025822572958737376,1.0798975075428397e-06
3779,20.630575,-103.440375,2,2,2,0.002025480436255233,0.027501180579071926,0.00045672090926167456
3780,20.6299,-103.44633,2,2,2,0.02103463274139416,0.026361001577285777,2.193034834944312e-05
3781,20.629714999999997,-103.448875,2,2,2,0.020589146008050258,0.025712579209167138,1.8575512740756778e-06
3782,20.6296,-103.45165,1,1,1,0.009620394772396726,0.024987022364924776,1.561899846097468e-07
3783,20.630576666666666,-103.45495999999999,3,4,3,0.015466813334374161,0.024104126988941914,2.2104889253847205e-05
3784,20.632424999999998,-103.45450500000001,2,2,2,0.010385749364314677,0.02362126763094107,1.8586973931162564e-06
3785,20.6369,-103.46753,1,1,1,0.00023509282087705823,0.02087498454401715,4.880216655003663e-13
3786,20.63904,-103.46711,1,1,1,0.00023446968327955276,0.020450401087980075,4.103461814807197e-14
3787,20.64108125,-103.46595875,8,3,3,0.002141440678263748,0.02110540450614729,4.5502907536680005e-14
3788,20.64022,-103.46771,1,1,1,0.00037813122394081053,0.020787579915115092,3.826045854609276e-15
3789,20.628846666666668,-103.45534333333335,3,3,4,0.014646537660566979,0.023877257924296572,1.9184608267016727e-06
3790,20.62933,-103.45288,1,1,1,0.010516013446629568,0.023314353272410045,1.61311488837927e-07
3791,20.630106666666666,-103.47280333333333,3,1,1,0.00023435638553455178,0.019580415207468244,1.21455918587596e-10
3792,20.6247375,-103.4725475,4,5,3,0.0021116433713284873,0.02055764294720694,1.3434334612291545e-09
3793,20.6251525,-103.465415,4,5,5,0.005856813630081276,0.02184846711803888,9.383065256272812e-08
3794,20.626335,-103.46238,4,5,5,0.006518019269907065,0.022355664129899984,5.486981226196616e-07
3795,20.628051666666668,-103.46067333333333,6,5,5,0.004149190017426326,0.022817250971293297,2.112649635550577e-06
3796,20.62978,-103.460485,2,2,2,0.0004346667986963055,0.022454659337337195,3.552792364703289e-07
3797,20.63123,-103.46027,1,1,1,0.00023531941636706022,0.022169566487973403,2.987322257840841e-08
3798,20.62391666666667,-103.46903333333334,3,3,4,0.002813806145972135,0.02110338966693853,1.5835448239191913e-08
3799,20.6282,-103.47209,1,2,2,0.0007052218137586742,0.01992896957406162,1.4444644613862054e-09
3800,20.637545000000003,-103.46021,2,3,2,0.001464883193990325,0.022133064177492723,4.0583350051875765e-10
3801,20.640705,-103.46122,2,3,3,0.0017996213815957556,0.022764463657430737,5.01041893646657e-11
3802,20.6419925,-103.4603575,4,2,3,0.0016808853448347161,0.02298772943802469,1.0336158961603931e-10
3803,20.64422,-103.46039,1,1,1,0.0004655970830815763,0.022499504075810164,8.691025536079631e-12
3804,20.649666666666665,-103.45645666666667,3,3,4,0.009338396685089257,0.024079877874471096,5.074116849564736e-10
3805,20.652985,-103.454575,2,3,2,0.002359878730625661,0.023460739559439607,2.4587282266472748e-08
3806,20.656399999999998,-103.439785,2,2,2,0.00014247191433874735,0.023235362534270648,7.345259502714801e-10
3807,20.64819,-103.40782,1,1,1,0.002826637115593497,0.028133095128952613,0.0016283102390338567
3808,20.65095,-103.45587,1,1,1,0.0005084236306919512,0.02291676076868363,2.067392316711897e-09
3809,20.6392,-103.46088,1,1,1,0.0009903922379261708,0.022411783271182015,4.212944579718306e-12
3810,20.57935,-103.43022,1,1,1,0.0,0.00855690041345853,3.9248388708102094e-14
3811,20.62019,-103.43563,1,1,1,0.0,0.01733369522814824,6.420113001494226e-05
3812,20.74408,-103.38888,1,1,1,0.0,0.026911383958117464,6.998443065916185e-18
3813,20.69163,-103.37344,2,2,2,0.0010787644790269445,0.031000913690532747,5.594610167633894e-12
3814,20.6885,-103.37352,1,1,1,0.0016250295565492271,0.03136328620509274,5.340480639202743e-12
3815,20.683372499999997,-103.3735075,8,4,4,0.0038433710792323984,0.03333869103565796,6.427549079417556e-10
3816,20.669490000000003,-103.373435,4,2,2,0.002428782642543763,0.03270695317408974,6.90732689269946e-10
3817,20.68733,-103.373415,2,2,2,0.0,0.032080133393755,6.135978352422244e-11
3818,20.7245,-103.396525,2,1,1,0.0006335609900455468,0.029767510842316526,5.951343022509265e-14
3819,20.62706,-103.45523,2,2,2,0.0007838787732256128,0.023558336329456808,1.624636631460223e-07
3820,20.625185000000002,-103.45539500000001,2,2,2,0.0008631305458538066,0.023554529259825565,1.3702695800628023e-08
3821,20.62382,-103.45633,1,1,1,0.0002669861360948375,0.02316869807498135,1.1521743080953204e-09
3822,20.62274,-103.45668,1,1,1,0.000266362998497332,0.022927600856188786,9.687912980363068e-11
3823,20.621055,-103.4505,2,2,2,0.002191320010500435,0.025556198577981203,1.5781153720352878e-09
3824,20.624805000000002,-103.445425,2,2,2,0.003491411634386817,0.027091496245300165,2.6034767937400935e-06
3825,20.62208,-103.448735,2,2,2,0.0025756826104163,0.025997167313158903,1.86714971040127e-08
3826,20.623025,-103.447735,2,2,2,0.0030306013810315327,0.026296928464810906,2.2048016521906508e-07
3827,20.620766861550003,-103.4526467121,2,2,2,0.001736259617703951,0.024998454542031524,5.4972828621030515e-09
3828,20.621886087333333,-103.45611121834666,3,2,2,0.00173501334250894,0.024056759462598484,5.011083840064933e-10
3829,20.628935,-103.436955,2,2,2,0.0031468731918388006,0.028129341535198183,0.00023273511982369966
3830,20.63403,-103.432745,2,2,2,0.0036788061046184577,0.025806427668516888,1.0940738502344166e-05
3831,20.63592,-103.43222,1,1,1,0.00012777153192486862,0.025181802513317347,9.199398214381211e-07
3832,20.637295,-103.4318,2,2,2,0.0032253035558157373,0.025270215889834507,8.161943186859846e-08
3833,20.66637,-103.36926,1,1,1,0.0005085369284369522,0.026771574300622162,1.3557451745975855e-06
3834,20.633000000000003,-103.444765,2,4,2,0.004386945335310907,0.02634390822240595,4.365362752407528e-05
3835,20.638395,-103.44691,2,2,2,0.000147457015118791,0.024615329919929336,1.782594026219654e-08
3836,20.63427,-103.4454,2,2,2,0.00141520213280739,0.025366473662172175,6.262253213587221e-07
3837,20.6317,-103.4445,1,1,1,0.0018533245127262258,0.025940752195395184,3.6705640235710113e-06
3838,20.613045,-103.49126,2,1,1,0.0,0.01768316504573184,4.0289528437967423e-13
3839,20.615070000000003,-103.489945,2,2,2,0.000469562504156611,0.018010861505698972,4.791601748572902e-12
3840,20.616515,-103.48642,2,2,2,0.00093889841282322,0.01851694435688365,5.658322030807682e-11
3841,20.619320000000002,-103.47951499999999,2,2,2,0.0016423074626618784,0.019457968548126467,6.68147601223011e-10
3842,20.62316,-103.47048,1,1,1,0.000939691497038227,0.020916538221447983,7.889633957084109e-09
3843,20.62623,-103.47844,1,0,1,0.0,0.0,1.1308881024556818e-104
3844,20.66818,-103.36834,1,1,1,0.0005079137908394468,0.02584068424387878,1.1816856015215337e-07
3845,20.67031,-103.36838,1,1,1,0.0005072906532419413,0.02523825413110435,1.0300137842847604e-08
3846,20.62592,-103.47708,1,1,1,0.0002352061186220592,0.019788658743213804,1.3315036006974488e-09
3847,20.62691,-103.48013,1,1,0,0.0,0.019314560595659624,1.1195775476301463e-10
3848,20.6542,-103.42946,1,2,1,0.0031818255461716067,0.024139051684249332,5.959688549417626e-11
3849,20.662185,-103.405045,2,2,2,0.001350679067029325,0.02526423991915444,4.836539923779375e-13
3850,20.662869999999998,-103.403175,2,2,2,0.0017462014948277879,0.025452677833815922,6.185116567443153e-13
3851,20.66369,-103.40176,1,1,1,0.00030511082728767124,0.025011707418318475,6.613530069798607e-12
3852,20.65638,-103.42094,1,1,1,0.00575451520782413,0.025950262696981412,2.1120707345494142e-10
3853,20.65495,-103.42712,1,1,1,0.0035218320789195835,0.025269829169634613,1.4127535359041534e-10
3854,20.65421,-103.43043,1,1,1,0.003521208941322078,0.02443716246496019,1.2297830612372443e-11
3855,20.65294,-103.4363,1,1,1,0.0004042180297272889,0.023914939765552447,2.979844274708813e-11
3856,20.638186666666666,-103.47555333333332,3,0,1,0.0,0.0,1.1308881024556818e-104
3857,20.63794,-103.47376,1,1,1,0.00023458298102455377,0.0004923763724991384,1.0630348163083404e-102
3858,20.637036666666663,-103.47319666666665,3,2,1,0.00046905266430410654,0.020151252408460676,1.8498448904363718e-14
3859,20.633045,-103.46889999999999,2,1,1,0.00023509282087705823,0.020630064405338124,8.868632859948673e-14
3860,20.64721,-103.4424,1,1,1,0.0,0.022601279044565957,1.2860002458167643e-17
3861,20.648780000000002,-103.44610499999999,2,2,2,0.014671548137775948,0.025932391123839386,4.392482063910603e-06
3862,20.64886,-103.447205,2,2,2,0.014228950496929575,0.025612833992198766,3.719948809177692e-07
3863,20.63284,-103.46743,1,1,1,0.00023446968327955276,0.020438122164422735,7.45706104619644e-15
3864,20.648955,-103.448815,2,2,2,0.013794850186958273,0.025195433746360144,3.161111497919719e-08
3865,20.646285,-103.46139,2,2,2,0.003964967884054713,0.02273046034035493,7.341456988485975e-12
3866,20.64653,-103.462955,2,2,2,0.0035007303739131488,0.022416349024298135,6.217511811995328e-13
3867,20.646725,-103.464635,2,2,2,0.003038645520926603,0.02206381771234732,5.29753556080831e-14
3868,20.64473,-103.465135,2,2,2,0.002581715715337603,0.02164291739585995,8.28040463582821e-15
3869,20.63778,-103.466455,2,2,2,0.0009929980860611937,0.02105933337219888,4.918477113549756e-13
3870,20.64937,-103.45526,1,1,1,0.0031215228213948287,0.023799799556365304,4.2665084075986484e-11
3871,20.65203,-103.44602499999999,2,2,2,0.0,0.023172302866894857,4.392483979460288e-06
3872,20.651854999999998,-103.44727,2,2,2,0.000469562504156611,0.023465812130489632,3.7201766237254336e-07
3873,20.652070000000002,-103.44979000000001,2,2,2,0.00093889841282322,0.023997440216369733,3.188013705624446e-08
3874,20.641552500000003,-103.457335,4,2,2,0.0016774297636121859,0.023424775449571285,1.179165535186819e-09
3875,20.63054,-103.474465,2,1,1,0.00023509282087705823,0.01923105370245869,1.21455918587596e-10
3876,20.62887,-103.47387,1,1,2,0.00023446968327955276,0.018876302197844363,1.0212459215272467e-11
3877,20.661616666666667,-103.42828000000002,3,2,2,0.0017537641193066042,0.02370980452457418,2.5736165428210155e-12
3878,20.662125,-103.424725,2,2,2,0.0019425181624782566,0.023994592031350664,3.120866870808682e-13
3879,20.59923,-103.39041,1,2,2,0.000469562504156611,0.010988962737648515,1.0607741218731457e-12
3880,20.68386,-103.3323,1,1,1,0.0,0.006378206631343335,9.192657289819957e-14
3881,20.811045,-103.46085,2,1,1,0.0,6.799483239273815e-06,1.5821836769827092e-62
3882,20.7211,-103.38552,5,3,3,5.664887250049596e-07,1.0879173182838105e-05,2.923494231675548e-62
3883,20.814895,-103.47706500000001,2,1,1,0.0,0.0076317743162621614,3.366095662809739e-28
3884,20.815945,-103.48813999999999,2,1,1,0.0,6.799483239273815e-06,1.5821836769827092e-62
3885,20.80989,-103.49799,1,2,2,3.398932350029758e-07,9.065977652365087e-06,2.237545614154279e-62
3886,20.836579999999998,-103.503305,2,1,1,0.0,6.0439851015767245e-06,1.210950960279523e-62
3887,20.66167,-103.438125,2,2,2,0.0018212046020184445,0.02335150136100681,3.87648898747252e-10
3888,20.663784999999997,-103.437005,2,2,2,0.0018435809066561404,0.02344768001239311,3.2828778644185536e-11
3889,20.6661,-103.43647,2,2,2,0.001913882157429256,0.02350552410671246,2.7806350932678554e-12
3890,20.66803,-103.43605,2,2,2,0.0021720877182865167,0.023612499017004695,2.408568661018647e-13
3891,20.67038,-103.43544,1,1,1,0.0013641048498119427,0.023079967563225695,2.0269449589655073e-14
3892,20.688090000000003,-103.426895,2,2,2,0.0004883699298267757,0.0237200084277581,6.790538977902527e-13
3893,20.68732,-103.42245,1,1,1,8.316054483072807e-05,0.02273772019982157,5.87588814858742e-14
3894,20.6841,-103.42792,1,1,1,0.00016943677764898342,0.022799145611210853,5.87588814858742e-14
3895,20.751233149760004,-103.43281151036601,5,5,4,0.0008242977437547167,0.02416688066097651,3.270649269002383e-17
3896,20.67362,-103.42275,1,1,1,0.0014902902133067974,0.022828446134985306,2.1666802256522612e-13
3897,20.668835,-103.42445000000001,2,2,2,0.0026453040747194097,0.023804340391067682,1.129356298847711e-13
3898,20.665115,-103.42408499999999,2,2,2,0.002191206712755434,0.024122236517082802,1.0818596210294763e-12
3899,20.66143,-103.42352,1,1,1,0.001241913231828373,0.024708969212792777,1.231435340320991e-11
3900,20.67071,-103.42356,1,1,1,0.0016947643185973376,0.02331898700337119,9.823322200147076e-15
3901,20.67194,-103.42281,1,1,1,0.0016941411809998322,0.023057552847468563,8.5453920489818145e-16
3902,20.67608,-103.42206,1,1,1,0.0016935180434023266,0.02229573928012318,7.43447634148757e-17
3903,20.67817,-103.42161,1,1,1,0.0016928949058048212,0.021926047961016135,6.468628244207971e-18
3904,20.665725000000002,-103.37317,2,2,2,0.019651025573076047,0.03268730812655216,1.2463308555674617e-07
3905,20.70839,-103.33309,1,1,1,0.013522029216995884,0.03138909050027566,3.0664929572549673e-18
3906,20.70523,-103.32632000000001,2,2,2,0.023785671936635742,0.03168122724558004,4.624489029272895e-15
3907,20.69852,-103.31658,1,1,1,0.010200280955748053,0.03067258177371231,3.489770016519334e-19
3908,20.697685,-103.31491500000001,2,2,2,0.023406096166446174,0.031223177432730714,3.4991005173336233e-20
3909,20.65998,-103.31855999999999,2,2,2,0.04028871966485924,0.03401030902236106,3.7260962319353835e-17
3910,20.64965,-103.33787,1,1,1,0.008800141758138546,0.032885218168158335,1.2114772248548411e-14
3911,20.65438,-103.32277,1,1,1,0.01711367536638508,0.033729167083520174,1.0792897796863026e-15
3912,20.65808,-103.31961,1,1,1,0.017388875588992492,0.03402522346874359,3.754218627048384e-17
3913,20.669045,-103.315875,2,2,2,0.01967788658012002,0.03243634957591936,6.955009956436935e-18
3914,20.68933,-103.31032,1,1,1,0.013822630794032523,0.030639979967143113,1.5791320810616558e-20
3915,20.68128,-103.3871,2,2,2,0.0038285857235097693,0.03167576986023969,4.2436058564277025e-10
3916,20.684855,-103.387045,2,2,2,0.003560749854327424,0.031247346688846555,3.727400749249683e-11
3917,20.699545,-103.385425,2,2,2,0.006917337172163061,0.030464415561227233,5.700935242322043e-16
3918,20.70055,-103.382635,2,2,2,0.007165459233715234,0.03067401195749339,3.931514100976039e-15
3919,20.702515,-103.378585,2,2,2,0.007494872427305618,0.03139602796292628,4.411147913485502e-14
3920,20.67467747822,-103.36687391235401,5,5,5,0.024491894547141926,0.035599379833391294,5.863538896916599e-10
3921,20.674591053633332,-103.36986785298001,3,5,5,0.02449127140954442,0.03458355657548545,2.55521845084065e-10
3922,20.674511,-103.37651,4,4,4,0.00047001569513661494,0.033380770213842274,7.114547849791889e-09
3923,20.6744779661,-103.380392829645,4,5,3,0.0007039188896911627,0.032100625679494565,2.6351685704413494e-09
3924,20.67666697224,-103.381693720622,5,5,5,0.009049413791802475,0.032156484265946424,1.559806650792971e-07
3925,20.67664302662,-103.378906250732,5,5,5,0.009048790654204969,0.0313417398202047,6.795759698166682e-08
3926,20.676629611766668,-103.376246579045,6,5,5,0.009048167516607466,0.03066216152025986,2.9609209426118527e-08
3927,20.676887607066664,-103.36535791973331,3,3,3,0.014448882191229745,0.03291426679051816,1.153231421797496e-09
3928,20.657162,-103.266174,2,2,2,0.024778839969314438,0.029447687790725242,9.579405510504754e-20
3929,20.658216,-103.2612,2,2,2,0.0,0.028502628386394814,6.945087654873252e-20
3930,20.6529075,-103.25126,4,4,4,0.0051130989074585145,0.025460234422049498,3.2033922821703673e-19
3931,20.65911,-103.26165,2,2,2,0.02210413512976727,0.02578744806813579,9.89433414229022e-21
3932,20.6769823501,-103.36070595332667,3,3,5,0.014448259053632239,0.03151548533981326,3.0153162052976216e-10
3933,20.677266347633335,-103.34844567407667,3,3,3,0.0024133552662661288,0.036689712498581654,5.582077145287738e-11
3934,20.677351,-103.34604,2,2,2,0.0021775826589190647,0.035784950868192396,9.731165836636504e-12
3935,20.677337031825,-103.34108171387248,4,5,3,0.020152638120997685,0.03613400158281239,2.1719838935712876e-12
3936,20.677635,-103.33644,2,2,2,0.0014247191433874734,0.03445601526722855,3.7866283700566174e-13
3937,20.677723,-103.33038,2,2,2,0.00030867970625520245,0.032855400299633575,1.1566507537026218e-14
3938,20.676502,-103.32076,2,2,2,0.0017980918620382421,0.0322726045579355,1.3652609291175814e-16
3939,20.675669,-103.31803,2,2,2,0.0017974687244407368,0.031436480036363866,2.3785055355246995e-17
3940,20.674839,-103.31529,2,2,2,0.0017968455868432314,0.030642586324310443,4.143996112544587e-18
3941,20.673193,-103.30983,2,2,2,0.0004704122372441184,0.031130553230433886,1.3074002800603405e-19
3942,20.672338,-103.30704,2,2,2,0.0002352627674945597,0.030348571025097762,2.278303208422987e-20
3943,20.671225,-103.30323,2,2,0,0.0,0.029197387448139364,3.970443516793878e-21
3944,20.67335,-103.30612,2,2,2,0.0010115789162413564,0.02865718374989284,8.251065868822088e-21
3945,20.674482,-103.309715,2,2,2,0.0010109557786438508,0.027786922676308095,1.439762874050946e-21
3946,20.675064,-103.311646,2,2,2,0.0010103326410463454,0.0273538692219256,2.5170112354929725e-22
3947,20.676159,-103.31527,2,2,2,0.00100970950344884,0.026559869588854965,4.412004013651489e-23
3948,20.678228,-103.34416,2,2,2,0.00416221925810144,0.03091514225759826,2.5891941909301934e-15
3949,20.678158,-103.347046,2,2,2,0.004161596120503935,0.03014663012254853,4.513961538335241e-16
3950,20.834004,-103.449325,4,4,4,0.0,0.014678386889370678,5.651859840451705e-26
3951,20.84676,-103.42661,2,2,2,0.0016416843250643728,0.012841506516493193,2.920026441613252e-27
3952,20.8468895,-103.424095,4,4,4,0.0028118234354346174,0.01272156164607263,9.342982687708558e-28
3953,20.849202,-103.4244995,4,4,4,0.002109887256280972,0.012603072936671086,3.16123492174198e-28
3954,20.63287,-103.38056,1,2,2,0.22272070712294992,0.035877966752182536,6.143820605667884e-07
3955,20.647392,-103.36917,1,2,2,0.23253368917889083,0.03709245942077881,1.0113122390203276e-09
3956,20.654278,-103.36371,1,2,2,0.2326546911705519,0.0374552624779738,8.677181673301194e-11
3957,20.661041,-103.35748,1,2,2,0.2328024880789057,0.03794216412218574,1.2796258969522095e-11
3958,20.666798,-103.35542,1,2,2,0.23296869587082214,0.0384715676200548,6.24589121620222e-11
3959,20.682117,-103.353745,1,2,2,0.21724691162621038,0.038303942524331586,6.183527292383395e-11
3960,20.691395,-103.353935,1,2,2,0.2170192964565034,0.03762042099113641,5.4378486384176595e-12
3961,20.736023,-103.3505,1,1,1,0.0,0.03235116430272348,1.3317665361527278e-17
3962,20.665304,-103.30615,1,2,2,0.13056794686698311,0.03470529348733592,3.609336615613302e-16
3963,20.66756,-103.313416,1,2,2,0.1307149506911219,0.035134520547221985,4.110128855499596e-15
3964,20.670334,-103.32291,1,2,2,0.13092234221334623,0.03579409275052101,4.681671371732929e-14
3965,20.675359064133332,-103.34792642942334,3,4,5,0.26286962870025243,0.03877535335521676,6.284840117801036e-11
3966,20.71238,-103.45513,1,1,1,0.003235160459630824,0.021697816511221567,1.0441385285798706e-14
3967,20.71184,-103.45215,1,1,1,0.0032345373220333184,0.021096403165269076,8.779970432240246e-16
3968,20.710436,-103.43947,1,2,2,0.022046296630944266,0.024997385267627355,3.9610892528827976e-13
3969,20.755905,-103.4418,1,1,1,0.003917949319879301,0.02059036033360397,7.211147802466237e-20
3970,20.722859333333336,-103.42115866666667,3,4,4,0.022368628715472086,0.025715019365649922,3.390151665763133e-14
3971,20.6802245,-103.339152,2,2,2,0.009027167779571533,0.03648746651295817,5.286879094408017e-13
3972,20.6055125,-103.3407775,4,2,2,0.00037195649683825646,0.02958915163959903,1.4009228948776284e-13
3973,20.55279,-103.33114,2,2,2,3.78980957028318e-05,0.023778626517787376,1.5304434698876366e-10
3974,20.60636,-103.347535,2,2,2,0.0011226673552148288,0.02747982374660114,1.9068210674385223e-16
3975,20.61481,-103.348485,2,1,1,0.0,0.02828466627205181,4.4256357176542765e-14
3976,20.582493,-103.33633,1,2,2,0.04775007106601055,0.029361704805153183,7.715416085814097e-08
3977,20.75033,-103.42799,1,1,1,0.009068011616644391,0.025510314820002253,7.050216488380048e-18
3978,20.539254999999997,-103.36216,2,3,3,0.00042554633022372565,0.023699597982312873,8.211866902030016e-12
3979,20.61382,-103.34545,1,1,1,0.0,0.029142867028307574,8.729341955008367e-14
3980,20.565260000000002,-103.346555,2,2,2,0.0004041897052910387,0.023847185822700765,1.7919678087493672e-13
3981,20.566525,-103.345985,2,2,2,1.036674366759076e-05,0.023499877690845716,1.277101231502359e-13
3982,20.56602,-103.3448625,4,2,2,8.96185162957846e-05,0.023556680734463143,1.3396562895536906e-12
3983,20.592705000000002,-103.33094333333332,6,2,2,0.0007039755385636633,0.027218066379423107,2.886988845327348e-16
3984,20.594645,-103.33122499999999,2,2,2,0.0011731981494852712,0.027817736246873094,3.4008292663723003e-15
3985,20.581490000000002,-103.340655,2,1,1,0.0,0.023733462464143644,7.126698120692053e-17
3986,20.58103,-103.34227,2,2,2,0.000469562504156611,0.024267801464646632,8.47578401747637e-16
3987,20.580635,-103.343635,2,2,2,0.00093889841282322,0.024743601899076553,1.0008975263804341e-14
3988,20.58052,-103.345055,2,2,2,0.001408007725999827,0.025238186819469495,1.1818896725019075e-13
3989,20.581409999999998,-103.34914,2,2,2,0.002813976092589636,0.026883005715098145,1.945971501427983e-10
3990,20.581094999999998,-103.347755,2,2,2,0.0023455465658830353,0.0263233724883324,1.647973609737371e-11
3991,20.580795000000002,-103.34637000000001,2,2,2,0.0018768904436864322,0.025763898358270757,1.395608968305149e-12
3992,20.58237,-103.35282,1,1,1,0.0,0.02722961553462993,1.500695806770627e-09
3993,20.728395499999998,-103.45235249999999,2,2,2,2.1413273805187473e-05,0.020731057113985,5.916112739732454e-17
3994,20.744481999999998,-103.44751,2,2,2,0.003955847415582133,0.0213612252145091,8.575836970819707e-19
3995,20.723629,-103.453765,2,2,2,0.0003074900799326921,0.02145782324905966,6.432324896540205e-16
3996,20.714952,-103.456276,1,1,1,0.004577795386765078,0.023566559106104123,3.932580933522282e-13
3997,20.668974,-103.34522,1,2,1,0.01581851785929349,0.0341143753688963,5.585151962248381e-12
3998,20.66787,-103.31037,1,1,1,0.00012689347440111094,0.027268449553546674,3.0194068461883685e-19
3999,20.61823,-103.36007,1,1,1,0.0002352061186220592,0.028367546536220794,4.2224702651074514e-10
4000,20.72204,-103.33203,2,2,2,0.0,0.026769838238553896,2.2886001096382362e-18
4001,20.616405,-103.36190500000001,2,1,1,0.00023469627876955475,0.0002974773917182294,1.0630348163083404e-102
4002,20.60045576923077,-103.3303753846154,26,2,2,0.002509205158536968,0.029018980910209394,3.686413214396418e-14
4003,20.61756,-103.36312666666667,3,1,1,0.0004692792597941085,0.00042623626276044814,4.944242783936239e-101
4004,20.61928,-103.36282,1,1,1,0.0007037489430736613,0.0004942701277779812,1.516950682872002e-99
4005,20.59773,-103.35054666666667,6,2,2,0.00093889841282322,0.024748741571348223,3.572048864848823e-17
4006,20.573104999999998,-103.32108,2,2,2,0.0004343269054613025,0.02509571544708013,2.0739103765291836e-13
4007,20.58735,-103.32984,1,0,1,0.0,0.0,1.1308881024556818e-104
4008,20.589436666666668,-103.33027,3,2,1,0.00023452633215205327,0.026476938834418012,2.4335785765879633e-17
4009,20.73413,-103.32218,1,1,1,0.0005833134401376069,0.02305976577601937,2.2145574269603333e-21
4010,20.553595,-103.35504,2,2,2,0.017493115179280653,0.024181718771459384,2.7191418404266947e-11
4011,20.530355,-103.36367,2,2,2,0.005643275705190656,0.022061989626278897,9.292721982242305e-15
4012,20.530524999999997,-103.36507,2,2,2,0.006096353387449623,0.022462324404452644,1.0968933386612656e-13
4013,20.72533,-103.32412,1,1,1,0.0007469720327915397,0.024808253030324544,1.6385236358328883e-19
4014,20.723693333333333,-103.32374333333333,3,1,1,0.0007463488951940342,0.024350382308356903,1.4279866676622704e-20
4015,20.721655,-103.305915,2,2,2,0.000815069642424386,0.023929081355095902,1.3563812470885917e-26
4016,20.72048333333333,-103.30055833333336,6,2,2,0.0007865695946693864,0.023967655510277283,1.427214026433765e-25
4017,20.719965000000002,-103.297415,2,2,2,0.0010199006356116796,0.024245066376853874,1.6195000833458904e-24
4018,20.61731,-103.36017,1,1,0,0.0,0.027808909431890443,3.550401453844759e-11
4019,20.732215,-103.32218499999999,2,1,1,0.0015509271664313285,0.023439334531740998,6.338752941220492e-22
4020,20.58784,-103.351665,2,2,2,0.00308625889826327,0.026536880583555123,2.560002271743256e-10
4021,20.732149999999997,-103.32538500000001,2,2,2,0.0026399167669446124,0.024154514848553067,7.273055760575665e-21
4022,20.731740000000002,-103.32654,2,2,2,0.002992471024951449,0.02467244892118967,8.21923182143807e-20
4023,20.72242,-103.310105,2,2,2,0.0010021242194210237,0.02405806265000052,1.2374584683769396e-25
4024,20.721809999999998,-103.31144499999999,2,2,2,0.0011385913532747183,0.024175856883375212,1.3965966535153703e-24
4025,20.7231075,-103.3201375,4,2,2,0.002584213930614875,0.025782781154144053,2.0485799251483152e-21
4026,20.588777058823528,-103.34089941176471,17,2,2,0.000469562504156611,0.026814169504423748,9.751950915596792e-16
4027,20.60216,-103.35516,1,0,1,0.0,0.0,1.1308881024556818e-104
4028,20.60043,-103.3548,1,1,0,0.0,0.024291322001211518,2.625204541939618e-19
4029,20.586199999999998,-103.33838499999999,2,1,1,0.0,0.02622120014193559,8.200089182858747e-17
4030,20.56395,-103.343205,2,2,2,0.0,0.023771826025524693,1.5545473797307984e-11
4031,20.564500000000002,-103.348385,2,2,2,0.00044605322206890517,0.02436283132359435,6.361345065373169e-13
4032,20.555565,-103.353745,2,2,2,0.01772265641065266,0.024117892761117282,2.4504447866827372e-12
4033,20.558680000000003,-103.35417000000001,2,2,2,0.018109568209831048,0.024729090434241728,1.951633794675347e-12
4034,20.561905,-103.35458,2,2,2,0.018502428140621988,0.025357002011599312,2.0760277800525172e-11
4035,20.49003,-103.35575,1,1,1,0.0,0.016346400182879386,3.8097699396554406e-22
4036,20.73491,-103.3205,1,1,1,0.0015496808912363175,0.02249860291574468,4.8154646980322824e-24
4037,20.73441,-103.31909,1,1,1,0.0015490577536388121,0.022072428033655302,4.197454312001041e-25
4038,20.73403,-103.32091,1,1,1,0.0015503040288338229,0.022870723734954312,5.524728242828762e-23
4039,20.73732,-103.318525,2,2,2,0.0023901292285409253,0.021738839273272616,2.182229529615092e-21
4040,20.73998,-103.31466,1,1,1,0.002346600234911544,0.023651270199428094,3.752813894531773e-17
4041,20.732575,-103.31748,2,2,2,0.002876799692192686,0.02422601582344315,2.915978792385641e-19
4042,20.732035,-103.31637,2,2,2,0.0032599160169135403,0.0246486583093013,3.3462806733621544e-18
4043,20.731855857142858,-103.31347357142856,7,3,5,0.007301869718696428,0.025311101003248612,3.8111330340867363e-17
4044,20.735962,-103.318102,5,2,2,0.0023733271729572784,0.021606425260157963,1.9164638710900231e-22
4045,20.73337,-103.31936,1,1,1,0.0005839365777351123,0.023675711295516537,2.5411210408703688e-20
4046,20.74068,-103.31618,1,1,1,0.0023459770973140387,0.023162335692968133,3.27004742242907e-18
4047,20.72208,-103.30828,2,2,2,0.0008914323225550546,0.02397749140496745,1.2089615893813673e-26
4048,20.6555,-103.31546,1,1,1,0.00029893610018511717,0.03015986353341561,3.428013363582403e-14
4049,20.599629999999998,-103.3443,2,3,3,0.0029067386213091984,0.026195437811665473,1.4467148432073058e-15
4050,20.689849000000002,-103.33390800000001,2,2,2,0.008449151009012721,0.03401096722092045,1.0522976239614674e-13
4051,20.652805,-103.35341299999999,2,2,2,0.02117203458164411,0.03374465971349091,2.645298147448584e-11
4052,20.74839,-103.42573,1,1,1,0.008338487436583003,0.02383277607192084,2.5560449727272243e-18
4053,20.7065,-103.366,1,2,2,0.11821494266586496,0.03535134717259949,5.951267648498598e-14
4054,20.594434999999997,-103.34344,2,2,2,0.00011632845967976845,0.0274486054428394,2.7196757984045134e-13
4055,20.595755,-103.343125,2,2,2,0.0003494668944555596,0.0277647251247166,4.756405747088499e-14
4056,20.721395,-103.31387000000001,2,2,2,0.0014029716412345325,0.0243487050876165,1.5805492375306621e-23
4057,20.60122,-103.35084,1,1,1,0.0007056183558661777,0.025764372166351635,4.0410454145028125e-16
4058,20.60091,-103.35206,1,1,1,0.0004705255349891194,0.025239203956055292,3.499077074864467e-17
4059,20.60066,-103.35343,1,1,1,0.00023531941636706022,0.024756021932187334,3.0304748578507655e-18
4060,20.601595,-103.347635,2,2,2,0.001439419525801352,0.025641216541820215,2.5544904168236185e-17
4061,20.728285,-103.344574,1,2,2,3.7388255850327336e-05,0.028872166358536212,5.297701961425755e-19
4062,20.60429,-103.341445,2,2,2,3.993745511284965e-05,0.0290657206049815,1.777053537910171e-14
4063,20.688255,-103.455345,1,2,2,0.014557938823976204,0.023818997086718197,5.510525193963938e-10
4064,20.593055,-103.34805499999999,2,3,3,0.002342006011351754,0.02562689862564745,1.5682759495189562e-13
4065,20.655691,-103.31263,1,1,1,0.00023718882915957658,0.027139276878046913,4.9357114242069486e-21
4066,20.526665,-103.360455,2,2,2,0.0018584795601237708,0.020878614230565345,1.1980179236854211e-17
4067,20.699265,-103.30148,1,1,1,0.00020900601509057982,0.026621697158054392,1.2919311100062842e-20
4068,20.704535,-103.297874,1,1,1,0.0035508835090335878,0.024630886739991684,3.83109348247362e-22
4069,20.665785,-103.31195,1,1,1,0.0001036674366759076,0.029425749822653047,2.4296948541120595e-16
4070,20.572879999999998,-103.31936999999999,2,2,2,3.217655958028171e-05,0.02466092976889694,1.7450621379461813e-14
4071,20.59618,-103.35255333333333,3,1,1,0.0,0.023747743166716063,2.7002795370232154e-19
4072,20.594115000000002,-103.34722500000001,2,2,2,0.0,0.025446857395245492,1.4417107518499205e-14
4073,20.59531,-103.3513,1,2,2,0.000469562504156611,0.024203399401007224,3.1171006168113427e-18
4074,20.711506,-103.322192,2,2,2,0.0025327994139334245,0.029636241079892572,5.71433933158593e-15
4075,20.671103,-103.34492,1,2,2,0.10285644197571177,0.037397868986373005,5.5319259859046254e-12
4076,20.7201205,-103.317535,2,3,3,0.010160802356502458,0.027821904209780007,4.9053510163240144e-15
4077,20.722665,-103.337725,2,2,2,0.0,0.02829802052532075,7.255992239397966e-21
4078,20.67723,-103.30088,1,1,1,4.514915138289528e-05,0.02737689178951875,6.3380241199460355e-21
4079,20.588675000000002,-103.3459,2,2,2,0.0001616475576801652,0.02701275165770142,3.094302091606441e-12
4080,20.684547,-103.336784,1,2,2,0.00838168220186463,0.03250154351859867,6.103914405869751e-14
4081,20.537955,-103.363135,2,2,2,4.095713481785858e-05,0.023284874929164687,1.0797274574683674e-12
4082,20.627142,-103.301254,1,1,1,5.494940632548108e-06,0.02851276564380407,8.131587758851867e-15
4083,20.602195000000002,-103.34517,2,2,2,0.0031495923377188244,0.026633146383597026,1.1866484497359084e-15
4084,20.61009,-103.34239,1,2,1,0.0,0.029756299970478132,9.557217281192285e-13
4085,20.67719,-103.30308,1,1,1,0.0,0.026245442484957412,1.111231266465427e-21
4086,20.5609325,-103.30005750000001,4,1,1,0.0016419675694268753,0.02103754322155544,1.2297351457713647e-21
4087,20.55961,-103.29848,1,1,1,0.0016413444318293699,0.02067175233680739,1.0340549800438862e-22
4088,20.55946,-103.29679,1,1,1,0.0016407212942318645,0.020297585286686615,8.695119430288698e-24
4089,20.56169,-103.29631,2,1,1,0.001640098156634359,0.019923316483456608,7.311512312216242e-25
4090,20.56916,-103.303765,2,2,2,0.005556121414848644,0.023386916088568018,1.7393415176353014e-15
4091,20.56631,-103.30027,1,1,1,0.0016444601198168972,0.022502465244646386,2.4597112336726458e-17
4092,20.5648,-103.30122,3,1,1,0.0016438369822193916,0.02215050558166111,2.068310452594392e-18
4093,20.56271,-103.30262,1,1,1,0.0016432138446218862,0.021729412454496666,1.7391920785327363e-19
4094,20.56217,-103.30159,1,1,1,0.0016425907070243809,0.02137017186992926,1.462444949953138e-20
4095,20.737297,-103.31248,2,3,1,0.00234722337250905,0.024592460435844683,4.3070758192138023e-16
4096,20.635942,-103.4382,1,2,2,0.0,0.02655448616271139,0.00018055954315062268
4097,20.60244,-103.35395,1,1,1,0.00023458298102455377,0.0002974773917182294,1.0630348163083404e-102
4098,20.663885,-103.34797,1,2,2,0.013868153827973915,0.03271743497027036,5.735945215629323e-11
4099,20.706498999999997,-103.44646,3,4,4,0.02746900995105424,0.024581870495617716,4.676954875530668e-12
4100,20.661627,-103.448906,1,2,2,0.01797511211095112,0.02455697710691025,8.075936473276256e-07
4101,20.563315,-103.38901,2,2,2,0.000469562504156611,0.021747872495860902,1.2417757683796391e-16
4102,20.563699999999997,-103.38744,2,2,2,0.00093889841282322,0.022154009928486776,1.4663994426807494e-15
4103,20.563865,-103.386375,2,2,2,0.001408007725999827,0.02252399674471194,1.7315660064465885e-14
4104,20.56428,-103.384305,2,2,2,0.0018768904436864322,0.023021833142486934,2.044680098160788e-13
4105,20.5631,-103.39112,1,1,1,0.0,0.02130245170289135,1.0441246794687055e-17
4106,20.739042,-103.40311,1,2,2,0.005670353866245894,0.02645230696573344,6.343641218508475e-17
4107,20.71052,-103.44221,1,1,1,0.0032339141844358126,0.020527430223313176,7.38292712026268e-17
4108,20.730747,-103.35117,1,2,2,0.000385155684130872,0.030377685729952177,2.55137375162658e-18
4109,20.59229,-103.341175,2,2,2,0.00093889841282322,0.027383601307915086,1.1515505951953315e-14
4110,20.584667500000002,-103.3536475,4,3,3,0.0035000222630068925,0.02735296299129109,3.022916986917293e-09
4111,20.591569999999997,-103.34922,2,2,2,0.002490142812940551,0.02573957837375332,1.8360935935610708e-12
4112,20.596785,-103.345715,2,4,4,0.0024648774158053297,0.02581287686172463,1.4634432136305156e-14
4113,20.598165,-103.344915,2,2,2,0.0,0.025816969519840256,1.3524133758932156e-15
4114,20.59011,-103.349795,2,2,2,0.0027381515767477224,0.025953394260883084,2.1679758200363274e-11
4115,20.58298,-103.35451666666667,3,4,5,0.00841688947612369,0.027935065483920257,1.7847684675560882e-08
4116,20.72159,-103.32047,1,2,2,0.0019231782374065877,0.026284999786589606,9.166375658551489e-21
4117,20.7254,-103.32035,1,1,1,0.00033400175226292416,0.02519183238793592,1.7914295025313858e-22
4118,20.653091,-103.309975,1,1,1,0.00023656569156207111,0.025386784547168254,4.224770565342764e-22
4119,20.61075,-103.28141,1,1,1,0.0,0.02634588287332812,1.5638525794282158e-15
4120,20.684101,-103.34793,1,2,2,0.004303501546117677,0.03705094586234296,5.524887210608728e-12
4121,20.59646,-103.29564,1,1,1,0.001268538201903606,0.023399647637135115,3.646467654181674e-15
4122,20.61596,-103.36014,1,0,1,0.0,0.0,1.1308881024556818e-104
4123,20.575815,-103.37122500000001,2,2,2,0.0059680720156722504,0.026787827299186533,9.588797557289408e-12
4124,20.575705,-103.36971,2,2,2,0.00639871674442102,0.02733775457995505,1.0998163502816865e-10
4125,20.57559,-103.36808500000001,2,2,2,0.007059185948904303,0.027930245258353373,1.2984163670855403e-09
4126,20.574939999999998,-103.36661000000001,2,1,1,0.002313879846155258,0.028489532309246935,1.5332001475294286e-08
4127,20.566275,-103.38008,2,2,2,0.0023455465658830353,0.023844299243561847,2.414412270954593e-12
4128,20.637472,-103.29987,1,2,2,0.051837853705646336,0.03305958123023292,2.315352279814591e-14
4129,20.696404,-103.454575,1,2,2,0.014648180477869494,0.02414024300623904,4.6727839315462506e-11
4130,20.586215,-103.34765999999999,2,2,2,0.00023911489082459344,0.026853415195953,1.8132242663433985e-11
4131,20.726824999999998,-103.30968,2,1,1,0.00117302820286777,0.02238291268519303,1.6821626038614433e-23
4132,20.7277,-103.31254,1,1,1,0.001171781927672759,0.021577386265962114,1.2779964745658644e-25
4133,20.727790000000002,-103.31389666666666,3,2,2,0.002814825825677144,0.024208719634440663,2.915964202333551e-19
4134,20.72763,-103.31111,1,1,1,0.0011724050652702643,0.02197684378496682,1.4661858336803499e-24
4135,20.729215,-103.31346500000001,2,2,2,0.0032821790238062353,0.02468100745679256,3.346280546188437e-18
4136,20.7258,-103.31196,1,1,1,0.0011742744780627807,0.023250915244439025,2.2145463413951088e-21
4137,20.73834,-103.3181,1,1,1,7.092438837062094e-05,0.02137836624401539,1.9018732733563154e-22
4138,20.72536,-103.31023,1,1,1,0.0011736513404652753,0.022786731849486645,1.9300408084464166e-22
4139,20.72683,-103.31294,1,1,1,0.0011748976156602863,0.023762956772183496,2.5411083234986553e-20
4140,20.738985,-103.31568999999999,2,1,1,0.00023611250058206716,0.02157765119549341,2.1655262461681753e-21
4141,20.738305,-103.313115,2,1,1,0.0002354893629845617,0.02116995379171077,1.887314572381985e-22
4142,20.74037,-103.32029,1,1,1,0.0023453539597165333,0.022333980720460004,2.8495278104753875e-19
4143,20.739685,-103.31826000000001,2,2,2,0.002650181542641702,0.021993194353518805,2.4848647083334292e-20
4144,20.59681,-103.30083,1,1,1,0.0012691613395011115,0.024705307109636372,4.336689637293954e-14
4145,20.7266565,-103.315305,2,2,2,0.003161856818615182,0.026376870018153472,4.307075654721756e-16
4146,20.5283508128,-103.47789459936001,8,8,8,0.03795468792645979,0.020334501602001245,2.2080407195990084e-05
4147,20.57868322075,-103.45068216340499,8,8,8,1.7561150475153747e-05,0.02569204167720747,0.016532050329283798
4148,20.59331034865,-103.44103201181001,10,10,10,3.2743048305286666e-05,0.026758410900971006,0.10727433933879997
4149,20.60149959505,-103.435620846095,10,10,10,1.6768066260146803e-05,0.028256551367181092,0.17925349150299483
4150,20.7238393875,-103.39987268071499,4,3,3,0.0,0.029003867477685866,1.277722943815987e-13
4151,20.7722599446,-103.47315990707,1,0,1,0.0,0.0,1.1308881024556818e-104
4152,20.773690865600003,-103.47306404964999,2,2,1,0.00023452633215205327,0.01649055642316458,8.125346532843248e-28
4153,20.775395348700002,-103.472967570505,2,2,2,0.0007039755385636633,0.016923434562892137,8.807104040730317e-27
4154,20.77670671575,-103.47291647804,2,2,2,0.0011731981494852712,0.017379434209444905,9.652845668410017e-26
4155,20.778914622549998,-103.472835269485,2,2,2,0.002111303478093484,0.017860458533433522,1.0760740436400076e-24
4156,20.7792192036,-103.47085661351,1,1,1,0.0014057417710998071,0.017414699571521582,9.571592203081585e-26
4157,20.76492469015,-103.44863739166999,2,2,2,2.37925264502083e-06,0.020966314217957884,9.275717387822444e-21
4158,20.763881650850003,-103.44702927846501,2,2,2,0.000468882717686605,0.02166668819423889,3.581133662497989e-20
4159,20.761998274299998,-103.44411574816999,2,2,2,0.0009358393737081932,0.022415109389483746,4.139525609228104e-19
4160,20.7426219521,-103.43052374076,1,1,1,6.712891391308772e-05,0.02297020396958581,8.10361612514644e-20
4161,20.741094669533336,-103.42804650341334,3,2,2,0.0010247214546614714,0.02298930387472022,2.0515990330264817e-17
4162,20.7405835449,-103.4255601954,1,1,1,0.0007218199334013195,0.02225628764690223,1.7255964736576343e-18
4163,20.7396576644,-103.42485681345,1,1,1,0.0007236893461938359,0.023796091265454483,2.438582650367375e-16
4164,20.7416383008,-103.43045977604,1,1,1,6.712891391308772e-05,0.022197927031757932,1.7255964736576343e-18
4165,20.6193394624,-103.4564793473,1,0,1,0.0,0.0,1.1308881024556818e-104
4166,20.618786549950002,-103.45322535296,2,2,2,0.0007911581533419265,0.022979995707069573,6.379936661075997e-08
4167,20.6179830202,-103.45200988659,1,1,1,0.0005874488078301431,0.022247334155100662,5.364589051294298e-09
4168,20.61705946725,-103.448370187425,2,2,2,0.0015585237802336449,0.024447266110989463,9.023537558780416e-06
4169,20.6158032416,-103.44301675252501,2,2,2,0.001231773083650784,0.025289364247079803,1.7982373584296065e-05
4170,20.615146973549997,-103.44027608672,2,2,2,0.0016900624621797964,0.026145492735987097,0.00010655013379522712
4171,20.61334715705,-103.432583372845,2,2,2,0.0021450095572312796,0.02734557853813946,0.0012409228447116778
4172,20.6177354546,-103.45093851008,1,1,1,0.0005571983099148782,0.023685828862736912,7.587461372339331e-07
4173,20.6210800052,-103.45402302525,1,1,1,0.0,0.024203263687058628,4.6224071238644963e-10
4174,20.62176882165,-103.4589352942,2,1,1,0.000826507049782236,0.023330826070803983,4.2135875064575095e-11
4175,20.4595526074,-103.4265981654,1,1,1,0.0,0.013595801336166132,1.565357327915884e-07
4176,20.4509670971,-103.429055785545,2,2,2,0.00011737646382102763,0.013644022161723206,7.133277193958311e-11
4177,20.494399804449998,-103.489580717995,6,6,6,0.03631192727281791,0.018888293793721624,4.41643428271626e-07
4178,20.6631228227,-103.37706761055,2,2,2,0.009412578383628656,0.031602262516254885,1.3769255925096216e-06
4179,20.6647207588,-103.370586550165,2,2,2,0.009596064081657764,0.03218164074614052,2.4299222179597697e-07
4180,20.4660280647,-103.44059386356,1,1,1,0.00023509282087705823,0.014846558601889843,3.8228634193473154e-13
4181,20.4634723983,-103.44088087533,1,1,1,0.00023446968327955276,0.014602251936132583,3.214516592293529e-14
4182,20.6767279868,-103.37181123878,1,1,1,0.0,0.032698715979350985,1.7786369624479722e-09
4183,20.6773385018,-103.34458541023,1,1,1,0.0,0.03459451707050623,4.865582918318252e-12
4184,20.6745077741,-103.377707207,1,1,1,0.0,0.03237805802527624,1.7786369624479722e-09
4185,20.6745241299,-103.38296296713,1,1,1,0.0,0.030204809188119224,2.29667526357906e-10
4186,20.462378544049997,-103.404358966465,2,1,1,2.0960082825183504e-06,0.014348228597009955,2.2615073269655134e-10
4187,20.4590411193,-103.40500388250666,3,2,2,0.00043698940246882583,0.014563161311580591,2.689573532069206e-09
4188,20.456874794850002,-103.406211806015,2,2,2,0.0002647768300673181,0.014367401541214363,3.196602128458039e-08
4189,20.4545057717,-103.41071859412,2,2,2,0.0,0.014107617155816567,3.7499724220970774e-07
4190,20.46168635315,-103.427521701095,2,2,2,0.0,0.013946040002280983,2.964066134325068e-08
4191,20.5264422811,-103.44919842548,2,1,1,0.0,0.01564209595189632,1.1559941679018882e-12
4192,20.522536300650003,-103.44995346857999,2,2,2,0.0,0.016018135746841324,1.3658218769162053e-11
4193,20.5225486539,-103.46477802073,1,1,1,0.0,0.016745170340218066,4.227176907503525e-10
4194,20.52803627845,-103.46905669318,2,2,2,0.0,0.018049910553260787,5.04050333151478e-08
4195,20.542806402049997,-103.466674704035,2,2,2,1.302924067511407e-06,0.01988501242766312,3.1670307915341562e-06
4196,20.54453090205,-103.46382506988999,2,2,2,0.00018512851533162078,0.019944337713459444,5.63644466634943e-06
4197,20.55323025875,-103.45574984000001,4,4,4,7.273715229063681e-05,0.021530190918361284,3.89210496929761e-05
4198,20.5571901356,-103.45229213053,4,4,4,0.0,0.021942029477377945,5.241836845326434e-06
4199,20.5329240883,-103.46900153706,1,1,1,0.0,0.01859439151273008,2.589950957446089e-07
4200,20.5251060972,-103.469014634,1,1,1,0.0,0.01764313030069332,4.280192780152959e-09
4201,20.527340000000002,-103.434562,2,2,2,0.0,0.017598352031315847,8.8129431809946e-15
4202,20.547357,-103.444216,1,1,1,0.00015249876477133512,0.01925496109851607,5.6162290710682576e-11
